code,name,market,sector17,base_date,history_days,high52_available,open,high,low,close,previous_open,previous_high,previous_low,previous_close,ma5,ma25,ma75,ma25_previous,ma25_slope,ma25_direction,rci9,rci27,rsi14,high52,high20,low20,ma5_gap_pct,ma25_gap_pct,high52_gap_pct,high20_gap_pct,touched_ma25,recovered_ma25,avg_turnover_5d,volume,previous_volume,volume_ratio_prev,volume_20d_ago,volume_ratio_20d
1301,極洋,プライム（内国株式）,食品,2026-10-07,400,True,4495.0,4520.0,4480.0,4495.0,4500.0,4530.0,4495.0,4510.0,4515.0,4641.6,4577.133333333333,4652.8,-11.199999999999818,down,-89.99999999999999,-66.88034188034189,29.7029702970297,5450.0,4740.0,4480.0,-0.44296788482834915,-3.1583936573595373,-17.522935779816518,-5.168776371308015,False,False,171453300.0,33900.0,22800.0,1.486842105263158,49900.0,0.6793587174348698
1332,ニッスイ,プライム（内国株式）,食品,2026-10-07,400,True,1104.0,1117.5,1103.5,1106.5,1102.0,1107.5,1095.5,1104.0,1105.7,1179.46,1243.7133333333334,1186.32,-6.8599999999999,down,-78.33333333333334,-94.44444444444444,19.18238993710692,1570.0,1230.5,1092.5,0.0723523559735817,-6.185881674664683,-29.522292993630572,-10.07720438845997,False,False,1938573710.0,1328400.0,1123000.0,1.1829029385574354,2855800.0,0.4651586245535402
1333,Ｕｍｉｏｓ,プライム（内国株式）,食品,2026-10-07,400,True,1207.5,1209.5,1197.0,1197.5,1212.0,1217.0,1205.0,1207.5,1210.7,1267.44,1291.1866666666667,1271.34,-3.8999999999998636,down,-98.33333333333334,-72.64957264957266,16.842105263157894,1589.0,1310.5,1197.0,-1.09027835136698,-5.518209934987062,-24.63813719320327,-8.622663105684857,False,False,728679360.0,877400.0,596800.0,1.4701742627345844,601400.0,1.458929165281011
1375,ユキグニファクトリー,プライム（内国株式）,食品,2026-10-07,400,True,1136.0,1141.0,1135.0,1138.0,1132.0,1144.0,1132.0,1143.0,1142.2,1166.12,1154.3333333333333,1167.76,-1.6400000000001,down,-78.75000000000001,-58.71489621489621,33.0,1204.0,1183.0,1128.0,-0.3677114340746024,-2.4114156347545657,-5.481727574750828,-3.8038884192730382,False,False,36498960.0,21100.0,27300.0,0.7728937728937729,33800.0,0.6242603550295858
1377,サカタのタネ,プライム（内国株式）,食品,2026-10-07,400,True,4150.0,4215.0,4105.0,4165.0,4250.0,4265.0,4220.0,4220.0,4235.0,4337.0,4336.866666666667,4345.6,-8.600000000000364,down,-93.75,-53.28144078144079,18.84057971014493,4715.0,4450.0,4105.0,-1.6528925619834656,-3.9658750288217637,-11.664899257688234,-6.404494382022474,False,False,734149300.0,277900.0,178000.0,1.5612359550561798,93700.0,2.965848452508004
1379,ホクト,プライム（内国株式）,食品,2026-10-07,400,True,1993.0,2013.0,1990.0,2003.0,2010.0,2023.0,1999.0,2011.0,2018.4,2090.76,1994.3866666666668,2095.28,-4.519999999999982,down,-92.08333333333334,-70.68070818070818,33.47107438016529,2182.0,2144.0,1990.0,-0.7629805786761867,-4.197516692494608,-8.20348304307974,-6.5764925373134275,False,False,143579680.0,66600.0,56200.0,1.1850533807829182,96900.0,0.6873065015479877
1414,ショーボンドホールディングス,プライム（内国株式）,建設・資材,2026-10-07,400,True,1220.0,1228.5,1215.0,1216.5,1225.0,1232.0,1217.0,1222.5,1234.0,1257.82,1270.4066666666668,1260.02,-2.2000000000000455,down,-86.66666666666667,-58.62332112332111,33.6734693877551,1537.0,1299.5,1215.0,-1.4181523500810367,-3.2850487351131274,-20.852309694209502,-6.38707195075029,False,False,1381299230.0,919700.0,1722200.0,0.5340262454999419,1059300.0,0.8682148588690645
1417,ミライト・ワン,プライム（内国株式）,建設・資材,2026-10-07,400,True,3460.0,3493.0,3403.0,3403.0,3460.0,3465.0,3444.0,3458.0,3441.4,3537.44,3621.0666666666666,3545.88,-8.440000000000055,down,-86.66666666666667,-74.35897435897436,34.66042154566745,4351.0,3624.0,3403.0,-1.1158249549601984,-3.800488488850695,-21.78809469087566,-6.098233995584989,False,False,749033180.0,320100.0,179700.0,1.7813021702838063,203100.0,1.5760709010339735
1419,タマホーム,プライム（内国株式）,建設・資材,2026-10-07,400,True,2830.0,2835.0,2806.0,2824.0,2870.0,2880.0,2835.0,2835.0,2863.4,2885.64,2935.4666666666667,2892.2,-6.559999999999945,down,-88.33333333333333,-12.576312576312576,28.37209302325581,4125.0,2935.0,2806.0,-1.3759865893692824,-2.1360945925340658,-31.539393939393946,-3.781942078364564,False,False,252503580.0,117300.0,103600.0,1.1322393822393821,109100.0,1.075160403299725
1429,日本アクア,プライム（内国株式）,建設・資材,2026-10-07,400,True,785.0,786.0,778.0,778.0,786.0,792.0,784.0,785.0,790.4,798.4,771.36,799.36,-0.9600000000000364,down,-90.41666666666666,-24.26739926739927,37.096774193548384,955.0,820.0,778.0,-1.5688259109311709,-2.5551102204408815,-18.53403141361256,-5.1219512195122,False,False,45043380.0,76500.0,47200.0,1.6207627118644068,74300.0,1.0296096904441454
1433,ベステラ,プライム（内国株式）,建設・資材,2026-10-07,400,True,1212.0,1226.0,1212.0,1225.0,1211.0,1229.0,1204.0,1218.0,1209.8,1226.72,1177.8533333333332,1229.72,-3.0,down,72.08333333333333,-70.26862026862027,65.2542372881356,1355.0,1303.0,1150.0,1.2564060175235703,-0.14021129516108566,-9.594095940959413,-5.986185725249427,False,False,39479660.0,22600.0,44000.0,0.5136363636363637,55900.0,0.40429338103756707
1515,日鉄鉱業,プライム（内国株式）,エネルギー資源,2026-10-07,400,True,3165.0,3285.0,3155.0,3205.0,3170.0,3195.0,3100.0,3165.0,3191.0,3390.4,3080.84,3421.6,-31.199999999999818,down,-46.66666666666666,-90.58302808302807,43.65482233502538,4535.0,3780.0,3100.0,0.4387339392040168,-5.468381311939597,-29.32745314222712,-15.211640211640209,False,False,1337997900.0,572600.0,395900.0,1.4463248295023996,1811400.0,0.31610908689411504
1518,三井松島ホールディングス,プライム（内国株式）,情報通信・サービスその他,2026-10-07,400,True,2228.0,2283.0,2228.0,2275.0,2232.0,2245.0,2226.0,2242.0,2239.8,2274.36,2039.9333333333334,2277.84,-3.480000000000018,down,-24.583333333333336,-72.985347985348,55.64516129032258,2403.0,2314.0,2205.0,1.5715688900794555,0.028139784378899968,-5.326674989596336,-1.6853932584269704,True,True,530570620.0,359600.0,147000.0,2.4462585034013604,355000.0,1.0129577464788733
1605,ＩＮＰＥＸ,プライム（内国株式）,エネルギー資源,2026-10-07,400,True,3691.0,3709.0,3648.0,3648.0,3683.0,3716.0,3678.0,3698.0,3662.8,3844.16,3649.8933333333334,3853.28,-9.120000000000346,down,-55.00000000000001,-61.2942612942613,30.919540229885058,4955.0,4092.0,3611.0,-0.4040624658731118,-5.102805294264545,-26.3773965691221,-10.850439882697948,False,False,17393382260.0,4466000.0,4560200.0,0.9793430112714354,5239700.0,0.852338874363036
1662,石油資源開発,プライム（内国株式）,エネルギー資源,2026-10-07,400,True,1709.0,1724.0,1706.0,1714.0,1720.0,1733.0,1714.0,1725.0,1731.0,1865.96,1770.8666666666666,1872.68,-6.720000000000027,down,-96.66666666666666,-56.959706959706956,24.235294117647058,2819.0,1997.0,1706.0,-0.9820912767186551,-8.143797294690136,-39.198297268534944,-14.171256885327988,False,False,1858981500.0,1197300.0,788700.0,1.5180677063522252,1281600.0,0.9342228464419475
1663,Ｋ＆Ｏエナジーグループ,プライム（内国株式）,エネルギー資源,2026-10-07,400,True,1908.0,1923.0,1884.0,1884.0,1892.0,1928.0,1877.0,1918.0,1896.0,1943.6,1896.1666666666667,1946.72,-3.1200000000001182,down,-30.41666666666667,-85.30219780219781,42.46031746031746,2845.0,2015.0,1851.0,-0.6329113924050667,-3.0664745832475804,-33.77855887521969,-6.501240694789079,False,False,376751920.0,145300.0,273000.0,0.5322344322344322,200800.0,0.723605577689243
1719,安藤・間,プライム（内国株式）,建設・資材,2026-10-07,400,True,1750.5,1769.0,1748.5,1748.5,1769.5,1769.5,1746.5,1753.0,1767.1,1871.86,1844.72,1878.86,-7.0,down,-95.41666666666666,-79.7924297924298,28.593272171253826,2270.0,1936.5,1746.5,-1.052572010638897,-6.590236449307096,-22.973568281938327,-9.708236509166024,False,False,1415316130.0,532200.0,795100.0,0.6693497673248648,585700.0,0.9086563086904559
1720,東急建設,プライム（内国株式）,建設・資材,2026-10-07,400,True,1173.0,1181.0,1164.0,1167.0,1195.0,1195.0,1168.0,1170.0,1181.4,1195.52,1176.3066666666666,1195.72,-0.20000000000004547,down,-81.66666666666667,25.96153846153846,39.20454545454545,1693.0,1241.0,1162.0,-1.2188928390045817,-2.38557280513918,-31.069108092144127,-5.962933118452862,False,False,474425540.0,430400.0,386500.0,1.1135834411384218,180900.0,2.3792150359314537
1721,コムシスホールディングス,プライム（内国株式）,建設・資材,2026-10-07,400,True,5655.0,5713.0,5620.0,5637.0,5611.0,5626.0,5489.0,5585.0,5530.2,5496.6,5386.68,5488.44,8.160000000000764,up,26.66666666666667,44.49023199023199,57.57341576506955,6211.0,5868.0,5257.0,1.9312140609742956,2.554306298439024,-9.241668008372239,-3.9366053169734183,False,False,3213557240.0,547900.0,790800.0,0.6928426909458776,326600.0,1.6775872627066748
1762,高松コンストラクショングループ,プライム（内国株式）,建設・資材,2026-10-07,400,True,3920.0,3980.0,3905.0,3955.0,3945.0,3950.0,3910.0,3940.0,3992.0,4128.4,3874.4,4134.2,-5.800000000000182,down,-92.08333333333334,-47.08485958485959,38.582677165354326,4420.0,4280.0,3905.0,-0.926853707414832,-4.200174401705247,-10.520361990950223,-7.59345794392523,False,False,163238300.0,29100.0,36600.0,0.7950819672131147,33100.0,0.879154078549849
1766,東建コーポレーション,プライム（内国株式）,建設・資材,2026-10-07,400,True,12760.0,12950.0,12740.0,12750.0,12800.0,12960.0,12720.0,12900.0,12878.0,13346.8,13152.0,13384.4,-37.600000000000364,down,-88.33333333333333,-90.27777777777777,41.75257731958763,15450.0,13840.0,12710.0,-0.9939431588755987,-4.471483801360621,-17.47572815533981,-7.8757225433526035,False,False,281608000.0,20900.0,22600.0,0.9247787610619469,9800.0,2.13265306122449
1773,ワイ・ティー・エル・コーポレーション・バーハッド,プライム（外国株式）,建設・資材,2026-10-07,400,True,84.0,84.0,83.0,83.0,85.0,86.0,84.0,84.0,85.2,88.24,83.69333333333333,88.76,-0.5200000000000102,down,-91.25000000000001,-74.37423687423687,42.857142857142854,103.0,93.0,83.0,-2.5821596244131495,-5.938349954669075,-19.417475728155342,-10.752688172043012,False,False,1125800.0,32000.0,14000.0,2.2857142857142856,30000.0,1.0666666666666667
1780,ヤマウラ,プライム（内国株式）,建設・資材,2026-10-07,400,True,1426.0,1430.0,1420.0,1425.0,1425.0,1439.0,1425.0,1431.0,1431.4,1471.44,1468.8266666666666,1474.24,-2.7999999999999545,down,-86.66666666666667,-74.46581196581197,21.296296296296298,1696.0,1501.0,1415.0,-0.4471147128685238,-3.156091991518517,-15.978773584905658,-5.063291139240511,False,False,51131160.0,29100.0,26300.0,1.1064638783269962,25500.0,1.1411764705882352
1786,オリエンタル白石,プライム（内国株式）,建設・資材,2026-10-07,400,True,329.0,332.0,329.0,331.0,334.0,334.0,329.0,329.0,333.6,348.44,352.74666666666667,349.64,-1.1999999999999886,down,-91.66666666666667,-80.21978021978022,29.78723404255319,440.0,362.0,329.0,-0.7793764988009655,-5.005165882217888,-24.77272727272727,-8.563535911602205,False,False,186569560.0,610900.0,616300.0,0.9912380334252799,479200.0,1.2748330550918197
1801,大成建設,プライム（内国株式）,建設・資材,2026-10-07,400,True,12165.0,12385.0,12090.0,12110.0,12275.0,12280.0,11930.0,11930.0,12089.0,12512.6,13203.066666666668,12535.8,-23.19999999999891,down,-65.41666666666666,-78.96825396825398,43.558282208588956,20680.0,13390.0,11870.0,0.17371163867978545,-3.217556702843538,-41.441005802707934,-9.559372666168786,False,False,8810859400.0,896600.0,629600.0,1.4240787801778907,521200.0,1.7202609363008443
1802,大林組,プライム（内国株式）,建設・資材,2026-10-07,400,True,2961.5,3002.0,2926.5,2929.0,2986.5,2989.0,2929.0,2935.0,2951.9,3024.66,3117.233333333333,3027.12,-2.4600000000000364,down,-89.99999999999999,-26.678876678876673,35.23908523908524,4439.0,3144.0,2926.5,-0.7757715369761886,-3.162669523186068,-34.01667042126605,-6.838422391857502,False,False,7119621720.0,3002700.0,1758100.0,1.7079233263181843,2416500.0,1.2425822470515209
1803,清水建設,プライム（内国株式）,建設・資材,2026-10-07,400,True,2112.0,2133.0,2078.5,2087.5,2127.0,2129.0,2073.5,2085.5,2099.6,2299.6,2405.673333333333,2311.34,-11.740000000000236,down,-85.00000000000001,-84.92063492063492,26.629123089300084,3618.0,2538.0,2073.5,-0.5763002476662171,-9.223343190120016,-42.30237700386954,-17.750197005516156,False,False,8196041750.0,3895600.0,3654900.0,1.065856794987551,3346900.0,1.163942752995309
1808,長谷工コーポレーション,プライム（内国株式）,建設・資材,2026-10-07,400,True,2565.0,2594.5,2565.0,2573.0,2585.0,2592.0,2565.5,2571.5,2591.7,2741.28,2776.88,2753.58,-12.299999999999727,down,-91.66666666666667,-93.28449328449328,30.13392857142857,3531.0,2866.5,2558.0,-0.7215341281784138,-6.13873810774529,-27.131124327386015,-10.238967381824526,False,False,2317613050.0,567500.0,710900.0,0.798283865522577,1075800.0,0.527514407882506
1812,鹿島建設,プライム（内国株式）,建設・資材,2026-10-07,400,True,4850.0,4918.0,4806.0,4822.0,4879.0,4888.0,4791.0,4793.0,4854.8,4936.16,5273.293333333333,4936.64,-0.48000000000047294,down,-68.33333333333333,-18.040293040293044,42.31257941550191,8040.0,5232.0,4779.0,-0.6756200049435668,-2.3127289228874193,-40.024875621890544,-7.8363914373088654,False,False,8544258800.0,1734000.0,1793300.0,0.9669324708637707,1600500.0,1.0834114339268979
1813,不動テトラ,プライム（内国株式）,建設・資材,2026-10-07,400,True,2828.0,2845.0,2775.0,2782.0,2854.0,2855.0,2812.0,2823.0,2861.8,2914.08,2797.866666666667,2918.04,-3.9600000000000364,down,-88.33333333333333,27.42673992673993,35.47237076648842,4015.0,3095.0,2775.0,-2.7884548186456137,-4.53247680228408,-30.709838107098385,-10.113085621970919,False,False,192205380.0,59900.0,50800.0,1.1791338582677164,45400.0,1.3193832599118942
1814,大末建設,プライム（内国株式）,建設・資材,2026-10-07,400,True,3430.0,3475.0,3415.0,3425.0,3475.0,3480.0,3430.0,3430.0,3463.0,3574.8,3533.6,3586.2,-11.399999999999636,down,-98.33333333333334,-65.44566544566544,40.51724137931034,4505.0,3710.0,3415.0,-1.0973144672249524,-4.190444220655709,-23.97336293007769,-7.681940700808621,False,False,227306700.0,78100.0,56700.0,1.3774250440917108,51500.0,1.5165048543689321
1815,鉄建建設,プライム（内国株式）,建設・資材,2026-10-07,400,True,2218.0,2233.0,2190.0,2190.0,2222.0,2234.0,2205.0,2231.0,2241.6,2252.82,2233.306666666667,2256.72,-3.899999999999636,down,-58.74999999999999,-24.87789987789988,44.966442953020135,2920.0,2310.0,2190.0,-2.301927194860809,-2.7885050736410455,-25.0,-5.1948051948051965,False,False,406432040.0,177000.0,189800.0,0.9325605900948367,141400.0,1.2517680339462518
1820,西松建設,プライム（内国株式）,建設・資材,2026-10-07,400,True,5230.0,5264.0,5180.0,5180.0,5257.0,5269.0,5201.0,5209.0,5252.4,5525.2,5426.04,5539.32,-14.11999999999989,down,-98.33333333333334,-41.636141636141645,29.27927927927928,6891.0,5751.0,5180.0,-1.3784174853400333,-6.247737638456519,-24.829487737628785,-9.928708050773782,False,False,863172120.0,168200.0,130900.0,1.2849503437738732,164600.0,1.0218712029161603
1833,奥村組,プライム（内国株式）,建設・資材,2026-10-07,400,True,5360.0,5390.0,5280.0,5280.0,5350.0,5350.0,5310.0,5330.0,5346.0,5651.6,5692.666666666667,5673.2,-21.599999999999454,down,-97.50000000000001,-82.46336996336996,24.050632911392405,7490.0,5840.0,5280.0,-1.2345679012345734,-6.575129166961579,-29.506008010680908,-9.589041095890416,False,False,964817000.0,231200.0,98100.0,2.3567787971457697,107900.0,2.142724745134384
1835,東鉄工業,プライム（内国株式）,建設・資材,2026-10-07,400,True,3800.0,3810.0,3755.0,3770.0,3800.0,3800.0,3765.0,3785.0,3788.0,3903.6,4046.6,3912.8,-9.200000000000273,down,-87.91666666666667,-87.5,35.22727272727273,5840.0,3995.0,3755.0,-0.47518479408659164,-3.4224818116610267,-35.445205479452056,-5.632040050062582,False,False,293447300.0,76000.0,70000.0,1.0857142857142856,77500.0,0.9806451612903225
1852,淺沼組,プライム（内国株式）,建設・資材,2026-10-07,400,True,851.0,858.0,847.0,851.0,853.0,858.0,847.0,850.0,859.6,887.88,878.4666666666667,890.56,-2.67999999999995,down,-89.58333333333333,-67.07875457875458,36.36363636363637,1233.0,912.0,847.0,-1.0004653327128965,-4.153714465918812,-30.98134630981346,-6.688596491228072,False,False,357836660.0,554800.0,457200.0,1.2134733158355206,299900.0,1.849949983327776
1860,戸田建設,プライム（内国株式）,建設・資材,2026-10-07,400,True,1369.0,1385.5,1365.0,1365.0,1394.0,1397.5,1363.0,1363.0,1388.9,1480.5,1519.86,1486.62,-6.119999999999891,down,-96.66666666666666,-82.23443223443223,24.948453608247423,1665.0,1537.5,1363.0,-1.7207862337101365,-7.801418439716312,-18.018018018018022,-11.21951219512195,False,False,1159056860.0,697400.0,808800.0,0.8622650840751731,938200.0,0.7433383073971435
1861,熊谷組,プライム（内国株式）,建設・資材,2026-10-07,400,True,1228.0,1246.0,1217.0,1217.0,1238.0,1242.0,1223.0,1228.0,1236.0,1284.52,1358.4666666666667,1287.72,-3.2000000000000455,down,-93.75,-39.68253968253968,28.000000000000004,2043.0,1332.0,1217.0,-1.53721682847896,-5.25643820259708,-40.4307391091532,-8.63363363363363,False,False,987057620.0,808100.0,674900.0,1.1973625722329233,643400.0,1.2559838358719304
1870,矢作建設工業,プライム（内国株式）,建設・資材,2026-10-07,400,True,2042.0,2057.0,2041.0,2048.0,2061.0,2064.0,2042.0,2046.0,2071.0,2137.52,2005.9466666666667,2143.36,-5.8400000000001455,down,-91.66666666666667,-58.71489621489621,36.12903225806451,2534.0,2200.0,2041.0,-1.1105746016417228,-4.188030989183722,-19.179163378058405,-6.909090909090909,False,False,204836500.0,83000.0,110300.0,0.7524932003626473,124500.0,0.6666666666666666
1871,ピーエス・コンストラクション,プライム（内国株式）,建設・資材,2026-10-07,400,True,2050.0,2077.0,2039.0,2043.0,2041.0,2070.0,2036.0,2050.0,2065.8,2170.56,2228.866666666667,2182.2,-11.639999999999873,down,-91.66666666666667,-77.65567765567765,37.38532110091743,3550.0,2257.0,2035.0,-1.1036886436247562,-5.876824413976111,-42.45070422535211,-9.481612760301283,False,False,220281100.0,93000.0,98800.0,0.9412955465587044,99300.0,0.9365558912386707
1873,日本ハウスホールディングス,プライム（内国株式）,建設・資材,2026-10-07,400,True,309.0,313.0,309.0,311.0,309.0,312.0,308.0,310.0,310.0,312.36,311.93333333333334,313.12,-0.7599999999999909,down,-49.16666666666667,-39.11782661782661,58.333333333333336,334.0,320.0,301.0,0.3225806451612856,-0.4353950569855325,-6.886227544910184,-2.8124999999999956,True,False,31828580.0,93500.0,90100.0,1.0377358490566038,113000.0,0.827433628318584
1878,大東建託,プライム（内国株式）,不動産,2026-10-07,400,True,3119.0,3157.0,3119.0,3143.0,3129.0,3143.0,3098.0,3113.0,3122.4,3264.76,3229.673333333333,3273.16,-8.399999999999636,down,-74.58333333333333,-68.16239316239316,28.54209445585216,3848.0,3392.0,3080.0,0.659748911094038,-3.7295237628493405,-18.321205821205822,-7.340801886792447,False,False,5268682800.0,1839600.0,1514500.0,1.2146583030703202,1697900.0,1.0834560339242594
1879,新日本建設,プライム（内国株式）,建設・資材,2026-10-07,400,True,2171.0,2192.0,2147.0,2147.0,2199.0,2211.0,2172.0,2177.0,2189.2,2270.84,2203.56,2278.56,-7.7199999999998,down,-95.0,-70.81807081807081,33.7696335078534,2390.0,2354.0,2147.0,-1.9276448017540582,-5.453488576914278,-10.167364016736402,-8.793542905692442,False,False,312493540.0,159200.0,92800.0,1.7155172413793103,171100.0,0.9304500292226768
1882,東亜道路工業,プライム（内国株式）,建設・資材,2026-10-07,400,True,1544.0,1557.0,1541.0,1544.0,1545.0,1555.0,1540.0,1544.0,1555.0,1595.12,1591.16,1598.48,-3.3600000000001273,down,-82.08333333333333,-68.75763125763126,34.02061855670103,1954.0,1638.0,1540.0,-0.7073954983922826,-3.204774562415358,-20.982599795291712,-5.7387057387057405,False,False,494978680.0,277100.0,264600.0,1.0472411186696902,359400.0,0.7710072342793545
1885,東亜建設工業,プライム（内国株式）,建設・資材,2026-10-07,400,True,2088.0,2122.0,2051.0,2061.0,2095.0,2114.0,2063.0,2075.0,2082.6,2119.6,2088.0933333333332,2122.52,-2.9200000000000728,down,-87.08333333333333,-21.764346764346755,41.53846153846154,4680.0,2222.0,2006.0,-1.037165082108893,-2.7646725797320193,-55.96153846153846,-7.245724572457246,True,False,871164260.0,507600.0,442700.0,1.1466004065958888,507800.0,0.9996061441512406
1887,日本国土開発,プライム（内国株式）,建設・資材,2026-10-07,400,True,515.0,519.0,514.0,514.0,518.0,520.0,515.0,516.0,521.2,542.2,532.7066666666667,543.64,-1.4399999999999409,down,-93.33333333333333,-73.76373626373626,19.298245614035086,719.0,557.0,514.0,-1.3814274750575728,-5.201032829214325,-28.511821974965233,-7.719928186714542,False,False,141852860.0,250400.0,204900.0,1.2220595412396291,271600.0,0.9219440353460973
1888,若築建設,プライム（内国株式）,建設・資材,2026-10-07,400,True,3565.0,3605.0,3540.0,3545.0,3575.0,3595.0,3540.0,3580.0,3605.0,3668.4,3571.8,3681.4,-13.0,down,-92.08333333333334,-44.24603174603175,43.63636363636363,5390.0,3845.0,3495.0,-1.664355062413314,-3.3638643550321645,-34.23005565862709,-7.802340702210664,False,False,49587200.0,14000.0,14000.0,1.0,16200.0,0.8641975308641975
1893,五洋建設,プライム（内国株式）,建設・資材,2026-10-07,400,True,1435.0,1455.0,1418.0,1418.0,1442.5,1442.5,1416.0,1422.0,1438.1,1485.62,1542.14,1486.98,-1.3600000000001273,down,-95.0,2.8998778998779007,31.190926275992435,2257.0,1620.5,1415.0,-1.3976774911341305,-4.551635007606247,-37.17323881258308,-12.496143165689599,False,False,2096039940.0,1182900.0,1027100.0,1.1516892220815889,1233300.0,0.959134030649477
1898,世紀東急工業,プライム（内国株式）,建設・資材,2026-10-07,400,True,1432.0,1435.0,1423.0,1425.0,1448.0,1451.0,1436.0,1436.0,1438.4,1475.32,1471.1466666666668,1478.36,-3.0399999999999636,down,-76.25,-80.52503052503053,34.523809523809526,1729.0,1504.0,1423.0,-0.9315906562847642,-3.4107854567144713,-17.582417582417587,-5.252659574468089,False,False,261741340.0,225400.0,162900.0,1.383670963781461,210000.0,1.0733333333333333
1899,福田組,プライム（内国株式）,建設・資材,2026-10-07,400,True,4730.0,4810.0,4690.0,4690.0,4800.0,4810.0,4695.0,4710.0,4756.0,4673.0,4298.733333333334,4686.6,-13.600000000000364,down,-62.083333333333336,15.659340659340659,58.666666666666664,5140.0,4860.0,4435.0,-1.38772077375946,0.3637919965760794,-8.754863813229575,-3.4979423868312765,False,False,162331400.0,23700.0,27200.0,0.8713235294117647,63900.0,0.37089201877934275
1911,住友林業,プライム（内国株式）,建設・資材,2026-10-07,400,True,1179.5,1190.5,1176.0,1183.0,1171.5,1177.0,1166.0,1171.5,1182.7,1242.02,1309.4,1247.88,-5.860000000000127,down,-85.00000000000001,-96.90170940170941,31.372549019607842,1874.5,1295.5,1166.0,0.025365688678435916,-4.7519363617333,-36.88983728994398,-8.68390582786569,False,False,5780942810.0,5052600.0,6289300.0,0.8033644443737776,4646000.0,1.0875161429186397
1925,大和ハウス工業,プライム（内国株式）,建設・資材,2026-10-07,400,True,2170.5,2182.5,2153.0,2153.0,2150.5,2164.5,2150.0,2152.5,2155.9,2272.32,2280.12,2280.52,-8.199999999999818,down,-83.33333333333333,-95.25335775335775,23.502304147465438,2902.5,2369.0,2144.5,-0.13451458787513415,-5.251020982960153,-25.822566752799315,-9.11777121148164,False,False,9317661410.0,3932800.0,3562400.0,1.1039748484167977,4237400.0,0.9281162977297399
1926,ライト工業,プライム（内国株式）,建設・資材,2026-10-07,400,True,950.0,961.0,945.0,945.0,950.0,955.0,944.0,947.0,956.2,961.74,968.73,961.99,-0.25,down,-62.083333333333336,8.318070818070822,46.22356495468278,1095.0,999.0,933.75,-1.171303074670571,-1.7405951712521017,-13.698630136986301,-5.405405405405405,False,False,552533680.0,368200.0,360000.0,1.0227777777777778,665600.0,0.5531850961538461
1928,積水ハウス,プライム（内国株式）,建設・資材,2026-10-07,400,True,3326.0,3346.0,3319.0,3319.0,3310.0,3326.0,3301.0,3320.0,3326.4,3360.56,3415.52,3364.92,-4.360000000000127,down,-51.66666666666666,-64.45360195360195,43.22766570605187,3832.0,3412.0,3276.0,-0.22246272246272403,-1.2366986454638518,-13.387265135699378,-2.7256740914419653,False,False,6768748580.0,1882900.0,1916600.0,0.982416779714077,2691000.0,0.699702712746191
1929,日特建設,プライム（内国株式）,建設・資材,2026-10-07,400,True,1162.0,1172.0,1156.0,1162.0,1164.0,1171.0,1161.0,1166.0,1177.2,1208.88,1159.52,1209.64,-0.7599999999999909,down,-93.75,-0.6715506715506692,30.935251798561154,1465.0,1252.0,1156.0,-1.2911994563370777,-3.87796969095362,-20.682593856655284,-7.1884984025559095,False,False,97767760.0,88100.0,68600.0,1.284256559766764,41800.0,2.1076555023923444
1930,北陸電気工事,プライム（内国株式）,建設・資材,2026-10-07,400,True,1524.0,1548.0,1519.0,1532.0,1525.0,1544.0,1519.0,1531.0,1538.8,1573.16,1581.3333333333333,1573.64,-0.4800000000000182,down,-86.66666666666667,-2.487789987789979,40.526315789473685,1821.0,1639.0,1519.0,-0.4419027813880927,-2.6163899412647185,-15.870400878638113,-6.5283709579011635,False,False,83623120.0,53200.0,43700.0,1.2173913043478262,57400.0,0.926829268292683
1934,ユアテック,プライム（内国株式）,建設・資材,2026-10-07,400,True,2511.0,2551.0,2482.0,2482.0,2504.0,2519.0,2481.0,2511.0,2512.4,2593.48,2482.28,2597.24,-3.7599999999997635,down,-91.66666666666667,-38.38522588522588,30.833333333333336,3305.0,2680.0,2481.0,-1.2099984078968395,-4.298471551737437,-24.90166414523449,-7.3880597014925335,False,False,258315960.0,91800.0,96500.0,0.9512953367875647,97500.0,0.9415384615384615
1938,日本リーテック,プライム（内国株式）,建設・資材,2026-10-07,400,True,2540.0,2561.0,2521.0,2534.0,2530.0,2543.0,2517.0,2529.0,2540.6,2566.8,2560.9866666666667,2566.88,-0.07999999999992724,down,-83.33333333333333,19.368131868131865,44.07894736842105,3245.0,2665.0,2500.0,-0.2597811540580919,-1.2778556958080167,-21.910631741140218,-4.915572232645404,False,False,140956020.0,60800.0,36900.0,1.6476964769647697,139500.0,0.43584229390681006
1939,四電工,プライム（内国株式）,建設・資材,2026-10-07,400,True,2221.0,2271.0,2211.0,2215.0,2235.0,2235.0,2193.0,2214.0,2233.0,2280.76,2124.84,2279.32,1.4400000000000546,up,-96.66666666666666,0.06105006105006083,42.9054054054054,2368.0,2368.0,2193.0,-0.8060904612628761,-2.883249443168079,-6.461148648648651,-6.461148648648651,False,False,217612240.0,95500.0,78100.0,1.2227912932138285,191200.0,0.49947698744769875
1941,中電工,プライム（内国株式）,建設・資材,2026-10-07,400,True,5130.0,5200.0,5080.0,5100.0,5110.0,5180.0,5080.0,5130.0,5104.0,5146.8,5179.733333333334,5146.0,0.8000000000001819,up,-31.666666666666664,-22.817460317460323,47.45762711864407,5720.0,5280.0,5020.0,-0.07836990595611049,-0.9093028678013537,-10.839160839160844,-3.409090909090906,True,False,459688600.0,68800.0,92100.0,0.747014115092291,52200.0,1.318007662835249
1942,関電工,プライム（内国株式）,建設・資材,2026-10-07,400,True,5585.0,5685.0,5526.0,5530.0,5550.0,5561.0,5505.0,5517.0,5517.4,5577.04,5863.306666666666,5574.8,2.2399999999997817,up,-31.666666666666664,-12.576312576312576,53.23671497584541,7460.0,5805.0,5364.0,0.22836843440752208,-0.843458178531975,-25.87131367292225,-4.737295434969857,True,False,3951717460.0,755200.0,668300.0,1.1300314230136166,672300.0,1.123308047002826
1944,きんでん,プライム（内国株式）,建設・資材,2026-10-07,400,True,6907.0,6966.0,6846.0,6852.0,6902.0,6906.0,6825.0,6868.0,6850.2,6940.68,7253.8133333333335,6940.08,0.6000000000003638,up,-16.666666666666675,-49.87789987789988,53.333333333333336,8580.0,7233.0,6635.0,0.02627660506262508,-1.2776846072719117,-20.139860139860144,-5.267523849025302,True,False,3614594340.0,621100.0,491300.0,1.2641970282922859,423100.0,1.4679744741195935
1945,東京エネシス,プライム（内国株式）,建設・資材,2026-10-07,400,True,2128.0,2157.0,2092.0,2106.0,2123.0,2138.0,2107.0,2117.0,2107.4,2121.16,2089.8,2119.88,1.2799999999997453,up,-47.08333333333334,26.053113553113548,44.05594405594406,2657.0,2205.0,2045.0,-0.06643257094050004,-0.7147032755661975,-20.7376740684983,-4.489795918367346,True,False,262828880.0,115900.0,121400.0,0.9546952224052718,272700.0,0.425009167583425
1946,トーエネック,プライム（内国株式）,建設・資材,2026-10-07,400,True,2162.0,2192.0,2118.0,2128.0,2149.0,2158.0,2127.0,2144.0,2137.6,2205.32,2167.4266666666667,2207.24,-1.919999999999618,down,-82.08333333333333,-45.78754578754578,44.72222222222222,2514.0,2295.0,2113.0,-0.44910179640718084,-3.5060671467179394,-15.35401750198886,-7.276688453159041,False,False,252735800.0,102300.0,114500.0,0.8934497816593886,159500.0,0.6413793103448275
1950,日本電設工業,プライム（内国株式）,建設・資材,2026-10-07,400,True,3915.0,3985.0,3870.0,3880.0,3920.0,3945.0,3890.0,3895.0,3922.0,4022.2,4071.0666666666666,4025.6,-3.400000000000091,down,-95.0,-20.833333333333325,36.44859813084112,5380.0,4195.0,3870.0,-1.0708822029576792,-3.53537864850082,-27.881040892193308,-7.5089392133492305,False,False,335941200.0,107500.0,74800.0,1.4371657754010696,61200.0,1.7565359477124183
1951,エクシオグループ,プライム（内国株式）,建設・資材,2026-10-07,400,True,2566.0,2588.5,2543.5,2543.5,2534.0,2552.5,2529.0,2552.5,2537.9,2586.72,2637.0866666666666,2590.44,-3.7200000000002547,down,-43.333333333333336,-75.65628815628816,45.97701149425287,3058.0,2645.0,2512.0,0.22065487213838164,-1.670841838312609,-16.82472204054938,-3.8374291115311876,True,False,1116744690.0,497900.0,425200.0,1.1709783631232362,424600.0,1.1726330664154498
1952,新日本空調,プライム（内国株式）,建設・資材,2026-10-07,400,True,3125.0,3170.0,3110.0,3115.0,3120.0,3130.0,3100.0,3125.0,3115.0,3173.6,3321.8,3173.8,-0.20000000000027285,down,-79.58333333333334,-12.789987789987789,43.93939393939394,4400.0,3295.0,3075.0,0.0,-1.8464834887824577,-29.20454545454545,-5.462822458270111,False,False,287602800.0,72400.0,76000.0,0.9526315789473684,72200.0,1.002770083102493
1959,クラフティア,プライム（内国株式）,建設・資材,2026-10-07,400,True,8077.0,8145.0,7984.0,7984.0,8000.0,8033.0,7921.0,8002.0,7996.6,8057.76,8509.013333333334,8065.52,-7.760000000000218,down,-55.00000000000001,-55.891330891330895,56.75675675675676,10580.0,8245.0,7724.0,-0.15756696596054276,-0.9153908778618436,-24.536862003780712,-3.165554881746513,True,False,1279407620.0,121300.0,140500.0,0.8633451957295374,190600.0,0.636411332633788
1961,三機工業,プライム（内国株式）,建設・資材,2026-10-07,400,True,2638.0,2675.0,2618.0,2623.0,2674.0,2681.0,2601.0,2634.0,2646.4,2504.36,2560.7066666666665,2497.04,7.320000000000164,up,61.66666666666667,79.54822954822956,74.30025445292621,3275.0,2699.0,2265.0,-0.8842200725513893,4.737338082384324,-19.90839694656489,-2.8158577250833594,False,False,1296174240.0,418600.0,612600.0,0.683317009467842,270600.0,1.5469327420546932
1963,日揮ホールディングス,プライム（内国株式）,建設・資材,2026-10-07,400,True,2264.0,2279.0,2238.5,2238.5,2260.0,2270.0,2218.5,2241.5,2247.1,2319.14,2351.4266666666667,2320.64,-1.5,down,-60.00000000000001,-67.64346764346764,36.607142857142854,2927.5,2463.5,2197.0,-0.38271549997774823,-3.477151012875457,-23.535439795046965,-9.133346864217573,False,False,2452014890.0,830200.0,1032300.0,0.8042235784171268,1704600.0,0.4870350815440573
1964,中外炉工業,プライム（内国株式）,建設・資材,2026-10-07,400,True,3830.0,3855.0,3825.0,3830.0,3800.0,3850.0,3800.0,3835.0,3828.0,3904.8,3984.266666666667,3914.0,-9.199999999999818,down,-82.91666666666666,-73.48901098901099,47.77777777777778,5220.0,4015.0,3760.0,0.052246603970740324,-1.915591067404221,-26.62835249042146,-4.607721046077207,False,False,64429900.0,12400.0,14400.0,0.8611111111111112,15000.0,0.8266666666666667
1968,太平電業,プライム（内国株式）,建設・資材,2026-10-07,400,True,2450.0,2516.0,2439.0,2446.0,2455.0,2460.0,2425.0,2444.0,2442.2,2503.64,2493.173333333333,2505.04,-1.400000000000091,down,-60.00000000000001,-31.53235653235653,37.764350453172206,3200.0,2611.0,2418.0,0.15559741216937262,-2.3022479270182528,-23.562499999999996,-6.319417847567976,True,False,229351300.0,111200.0,63200.0,1.759493670886076,106500.0,1.044131455399061
1969,高砂熱学工業,プライム（内国株式）,建設・資材,2026-10-07,400,True,4677.0,4737.0,4615.0,4627.0,4664.0,4684.0,4631.0,4655.0,4656.6,4537.04,4557.946666666667,4524.68,12.359999999999673,up,-64.58333333333333,80.47924297924298,67.27272727272727,5749.0,4820.0,4325.0,-0.6356569170639648,1.982790541851065,-19.51643764132893,-4.004149377593357,False,False,2071516560.0,479600.0,379400.0,1.2641012124406958,373000.0,1.2857908847184987
1975,朝日工業社,プライム（内国株式）,建設・資材,2026-10-07,400,True,3875.0,3985.0,3860.0,3890.0,3900.0,3900.0,3830.0,3875.0,3864.0,3894.2,4023.866666666667,3894.8,-0.6000000000003638,down,-13.33333333333333,-20.894383394383386,58.08823529411765,4860.0,4060.0,3700.0,0.6728778467908869,-0.1078527040213606,-19.95884773662552,-4.187192118226601,True,False,180057800.0,52300.0,46000.0,1.1369565217391304,64600.0,0.8095975232198143
1976,明星工業,プライム（内国株式）,建設・資材,2026-10-07,400,True,1700.0,1712.0,1671.0,1677.0,1698.0,1713.0,1688.0,1694.0,1693.6,1712.04,1802.5333333333333,1714.36,-2.3199999999999363,down,-88.75,-33.6080586080586,42.32804232804233,2110.0,1755.0,1671.0,-0.9801606046291877,-2.0466811523095263,-20.521327014218006,-4.444444444444439,False,False,116705800.0,63500.0,57300.0,1.1082024432809774,64700.0,0.98145285935085
1979,大氣社,プライム（内国株式）,建設・資材,2026-10-07,400,True,3840.0,3890.0,3815.0,3820.0,3840.0,3855.0,3805.0,3820.0,3802.0,3824.8,4236.2,3827.0,-2.199999999999818,down,22.916666666666664,-61.843711843711844,57.608695652173914,5080.0,3905.0,3620.0,0.4734350341925264,-0.1254967580004207,-24.803149606299215,-2.17669654289373,True,False,727339400.0,182500.0,166900.0,1.0934691431995207,210700.0,0.8661604176554343
1980,ダイダン,プライム（内国株式）,建設・資材,2026-10-07,400,True,3085.0,3160.0,3030.0,3055.0,3035.0,3050.0,3005.0,3040.0,3010.0,2861.92,2761.6666666666665,2850.12,11.800000000000182,up,93.33333333333333,79.34981684981686,86.7965367965368,3680.0,3160.0,2631.0,1.4950166112956742,6.746519818862851,-16.983695652173914,-3.322784810126578,False,False,1622018500.0,701200.0,475700.0,1.4740382594071895,408900.0,1.714844705306921
1982,日比谷総合設備,プライム（内国株式）,建設・資材,2026-10-07,400,True,3215.0,3260.0,3190.0,3210.0,3235.0,3240.0,3175.0,3200.0,3207.0,3138.04,3024.28,3128.68,9.360000000000127,up,-26.249999999999996,77.33516483516483,67.04545454545455,3485.0,3380.0,2980.0,0.093545369504211,2.293151138927474,-7.890961262553797,-5.029585798816571,False,False,181783700.0,41100.0,63200.0,0.6503164556962026,149900.0,0.2741827885256838
2001,ニップン,プライム（内国株式）,食品,2026-10-07,400,True,2785.0,2814.0,2772.0,2808.0,2810.0,2811.0,2771.0,2784.0,2792.0,2919.52,2858.7733333333335,2923.44,-3.9200000000000728,down,-85.00000000000001,-47.46642246642247,26.72811059907834,3055.0,3055.0,2761.0,0.5730659025787954,-3.819805995506109,-8.085106382978724,-8.085106382978724,False,False,429960620.0,135800.0,130800.0,1.0382262996941896,138900.0,0.9776817854571634
2002,日清製粉グループ本社,プライム（内国株式）,食品,2026-10-07,400,True,1966.0,1985.5,1952.0,1971.0,1967.0,1971.5,1941.5,1956.0,1964.1,2023.08,2017.5066666666667,2025.76,-2.6800000000000637,down,-68.75,-69.07814407814408,31.66089965397924,2198.5,2104.0,1937.0,0.3513059416526687,-2.5742926626727503,-10.347964521264498,-6.321292775665399,False,False,1557507650.0,710600.0,861200.0,0.8251277287505806,837200.0,0.8487816531294792
2004,昭和産業,プライム（内国株式）,食品,2026-10-07,400,True,3665.0,3730.0,3660.0,3710.0,3715.0,3720.0,3660.0,3685.0,3702.0,3835.8,3621.3333333333335,3837.6,-1.7999999999997272,down,-87.08333333333333,-21.352258852258842,29.20353982300885,4000.0,4000.0,3655.0,0.2160994057266441,-3.2796287606235985,-7.250000000000001,-7.250000000000001,False,False,177231100.0,40300.0,36800.0,1.0951086956521738,103600.0,0.388996138996139
2053,中部飼料,プライム（内国株式）,食品,2026-10-07,400,True,1920.0,1930.0,1904.0,1914.0,1940.0,1970.0,1935.0,1944.0,1928.8,2006.88,1952.1733333333334,2010.4,-3.519999999999982,down,-88.33333333333333,-35.18009768009769,29.859154929577464,2093.0,2093.0,1882.0,-0.7673164661965992,-4.6280794068404685,-8.552317247969421,-8.552317247969421,False,False,159806680.0,86200.0,64100.0,1.344773790951638,46000.0,1.873913043478261
2060,フィード・ワン,プライム（内国株式）,食品,2026-10-07,400,True,1415.0,1426.0,1396.0,1413.0,1417.0,1425.0,1410.0,1421.0,1413.4,1448.72,1350.04,1448.52,0.20000000000004547,up,-83.33333333333333,-11.401098901098905,38.55421686746988,1500.0,1500.0,1377.0,-0.028300551860771517,-2.4656248274338766,-5.800000000000005,-5.800000000000005,False,False,129963240.0,78200.0,69900.0,1.1187410586552218,98400.0,0.7947154471544715
2108,日本甜菜製糖,プライム（内国株式）,食品,2026-10-07,400,True,1785.0,1787.0,1736.0,1753.0,1792.0,1801.0,1786.0,1796.0,1790.2,1771.3600048828125,1708.8977848307293,1773.37333984375,-2.0133349609375273,down,21.666666666666668,-32.921245421245416,58.27985114620805,1993.3333740234375,1821.0,1690.0,-2.077980113953748,-1.0364920079601325,-12.05685798248275,-3.7342119714442568,True,False,211302840.0,139000.0,90500.0,1.5359116022099448,104400.0,1.3314176245210727
2109,ＤＭ三井製糖,プライム（内国株式）,食品,2026-10-07,400,True,3760.0,3775.0,3725.0,3745.0,3765.0,3800.0,3730.0,3795.0,3782.0,3809.2,3543.0666666666666,3806.0,3.199999999999818,up,-84.58333333333334,37.83577533577534,43.51851851851852,3920.0,3920.0,3660.0,-0.9783183500793213,-1.6853932584269593,-4.46428571428571,-4.46428571428571,False,False,232233200.0,43400.0,38000.0,1.1421052631578947,84000.0,0.5166666666666667
2117,ウェルネオシュガー,プライム（内国株式）,食品,2026-10-07,400,True,2695.0,2700.0,2678.0,2684.0,2706.0,2718.0,2683.0,2695.0,2733.4,2808.92,2754.9466666666667,2815.24,-6.319999999999709,down,-93.33333333333333,-37.11843711843712,33.84279475982533,3050.0,2889.0,2678.0,-1.8072729933416243,-4.4472608689460795,-12.0,-7.095880927656628,False,False,109072360.0,26800.0,40800.0,0.6568627450980392,19200.0,1.3958333333333333
2120,ＬＩＦＵＬＬ,プライム（内国株式）,情報通信・サービスその他,2026-10-07,400,True,231.0,236.0,231.0,234.0,231.0,233.0,229.0,232.0,232.0,232.72,216.58666666666667,233.0,-0.28000000000000114,down,-60.83333333333334,-5.631868131868134,51.42857142857142,249.0,246.0,221.0,0.8620689655172376,0.550017188037133,-6.024096385542165,-4.878048780487809,True,True,159734800.0,612800.0,615500.0,0.9956133225020308,619200.0,0.9896640826873385
2121,ＭＩＸＩ,プライム（内国株式）,情報通信・サービスその他,2026-10-07,400,True,3770.0,3805.0,3685.0,3695.0,3720.0,3750.0,3700.0,3730.0,3708.0,3702.4,3264.1066666666666,3698.4,4.0,up,-49.16666666666667,47.237484737484735,42.3728813559322,3885.0,3885.0,3440.0,-0.3505933117583626,-0.19987035436473954,-4.890604890604888,-4.890604890604888,True,False,983948700.0,314600.0,244800.0,1.2851307189542485,377700.0,0.8329361927455653
2124,ジェイエイシーリクルートメント,プライム（内国株式）,情報通信・サービスその他,2026-10-07,400,True,1038.0,1054.0,1038.0,1045.0,1051.0,1056.0,1034.0,1042.0,1046.4,1013.56,952.6666666666666,1011.6,1.9599999999999227,up,46.666666666666664,73.80952380952381,63.888888888888886,1128.0,1062.0,933.0,-0.13379204892967067,3.1019377244563717,-7.358156028368789,-1.6007532956685444,False,False,502271360.0,423000.0,461900.0,0.9157826369344014,230800.0,1.8327556325823224
2127,日本Ｍ＆Ａセンターホールディングス,プライム（内国株式）,情報通信・サービスその他,2026-10-07,400,True,614.0,622.0,613.2000122070312,620.7000122070312,610.4000244140625,617.0,610.4000244140625,614.2999877929688,616.6800048828125,639.8,654.4266682942708,642.5119995117187,-2.7119995117187727,down,-68.33333333333333,-86.08058608058609,36.894278087770985,813.0,660.7999877929688,607.0,0.6518789797607782,-2.9853060007765997,-23.65313502988545,-6.06839835452615,False,False,1368903491.3134766,2483500.0,1832900.0,1.3549566261116264,5391000.0,0.4606751994064181
2130,メンバーズ,プライム（内国株式）,情報通信・サービスその他,2026-10-07,400,True,693.0,705.0,685.0,693.0,689.0,708.0,676.0,693.0,707.6,871.08,969.28,880.68,-9.599999999999909,down,-72.50000000000001,-43.87973137973138,13.286713286713287,1478.0,932.0,672.0,-2.0633126059920848,-20.44358727097396,-53.11231393775372,-25.643776824034337,False,False,283312400.0,183500.0,342700.0,0.5354537496352495,29400.0,6.241496598639456
2146,ＵＴグループ,プライム（内国株式）,情報通信・サービスその他,2026-10-07,400,True,242.0,243.0,240.0,241.0,241.0,242.0,238.0,241.0,239.6,233.76,206.09333333333333,233.52,0.23999999999998067,up,34.583333333333336,60.80586080586081,71.42857142857143,243.0,243.0,218.0,0.5843071786310494,3.0971937029431906,-0.8230452674897082,-0.8230452674897082,False,False,761101100.0,2476600.0,2642700.0,0.937147614182465,4104300.0,0.6034159296347733
2148,アイティメディア,プライム（内国株式）,情報通信・サービスその他,2026-10-07,400,True,1115.0,1119.0,1111.0,1113.0,1107.0,1123.0,1107.0,1123.0,1120.8,1156.68,1181.4666666666667,1161.44,-4.759999999999991,down,-72.08333333333334,-90.2014652014652,32.06106870229007,1920.0,1182.0,1105.0,-0.6959314775160541,-3.7763253449528023,-42.03125,-5.837563451776651,False,False,48115500.0,26300.0,42900.0,0.6130536130536131,32300.0,0.8142414860681114
2153,Ｅ・Ｊホールディングス,プライム（内国株式）,情報通信・サービスその他,2026-10-07,400,True,1855.0,1858.0,1840.0,1849.0,1850.0,1871.0,1850.0,1857.0,1856.8,1864.08,1768.16,1864.96,-0.8800000000001091,down,-91.66666666666667,7.539682539682535,51.07913669064749,1937.0,1909.0,1810.0,-0.42007755277897463,-0.8089781554439734,-4.543107898812593,-3.1430068098480923,False,False,111877860.0,44300.0,38600.0,1.1476683937823835,43800.0,1.0114155251141552
2154,オープンアップグループ,プライム（内国株式）,情報通信・サービスその他,2026-10-07,400,True,1965.0,1972.0,1955.0,1955.0,1985.0,1986.0,1966.0,1970.0,1979.4,1997.16,1983.5466666666666,2002.24,-5.079999999999927,down,-96.66666666666666,-26.678876678876673,40.331491712707184,2106.0,2046.0,1904.0,-1.2326967768010566,-2.1109976166155953,-7.169990503323842,-4.447702834799605,False,False,320666420.0,158100.0,88500.0,1.7864406779661017,141400.0,1.118104667609618
2157,コシダカホールディングス,プライム（内国株式）,情報通信・サービスその他,2026-10-07,400,True,983.0,993.0,980.0,985.0,978.0,982.0,971.0,979.0,982.4,1001.08,1009.68,1002.32,-1.240000000000009,down,-71.66666666666666,-70.05494505494505,40.69767441860465,1421.0,1030.0,968.0,0.26465798045602895,-1.6062652335477767,-30.682617874736106,-4.3689320388349495,False,False,569780720.0,777800.0,398200.0,1.9532898041185334,497100.0,1.5646751156708911
2163,アルトナー,プライム（内国株式）,情報通信・サービスその他,2026-10-07,400,True,934.0,940.0,930.0,938.0,922.0,934.0,922.0,934.0,933.0,950.16,971.3933333333333,951.56,-1.3999999999999773,down,-81.66666666666667,-83.2112332112332,43.82022471910113,1129.0,970.0,921.0,0.5359056806002238,-1.2797844573545492,-16.917626217891936,-3.298969072164948,False,False,23479240.0,12500.0,21700.0,0.576036866359447,16300.0,0.7668711656441718
2168,パソナグループ,プライム（内国株式）,情報通信・サービスその他,2026-10-07,400,True,1488.0,1488.0,1451.0,1468.0,1480.0,1497.0,1480.0,1490.0,1490.4,1578.6,1570.3733333333332,1588.88,-10.2800000000002,down,-96.66666666666666,-92.75030525030526,25.37313432835821,2234.0,1650.0,1451.0,-1.5029522275899154,-7.006208032433792,-34.288272157564904,-11.030303030303035,False,False,184157120.0,144100.0,88300.0,1.6319365798414496,121000.0,1.190909090909091
2170,リンクアンドモチベーション,プライム（内国株式）,情報通信・サービスその他,2026-10-07,400,True,614.0,617.0,606.0,608.0,623.0,626.0,615.0,616.0,624.0,663.12,626.3733333333333,667.52,-4.399999999999977,down,-95.83333333333333,-62.01159951159951,25.862068965517242,749.0,703.0,597.0,-2.564102564102566,-8.312221015804077,-18.825100133511352,-13.513513513513509,False,False,232908000.0,221100.0,271800.0,0.8134657836644592,302900.0,0.7299438758666227
2175,エス・エム・エス,プライム（内国株式）,情報通信・サービスその他,2026-10-07,400,True,2599.0,2649.0,2595.0,2638.0,2620.0,2645.0,2593.0,2613.0,2622.2,2598.08,2396.0266666666666,2591.04,7.039999999999964,up,-26.66666666666666,73.992673992674,45.09803921568628,2709.0,2709.0,2425.0,0.6025474792159313,1.536519275772874,-2.6208933185677408,-2.6208933185677408,True,True,937703220.0,251900.0,257100.0,0.9797744068455854,313400.0,0.8037651563497128
2181,パーソルホールディングス,プライム（内国株式）,情報通信・サービスその他,2026-10-07,400,True,279.79998779296875,281.20001220703125,277.20001220703125,278.70001220703125,280.70001220703125,280.70001220703125,277.79998779296875,278.29998779296875,279.0400024414063,289.9959985351563,273.3946649169922,290.8039978027344,-0.8079992675781114,down,-91.66666666666667,-73.62637362637363,27.751218878266954,304.29998779296875,301.8999938964844,274.6000061035156,-0.12184282948694003,-3.8952214462213086,-8.412742889544411,-7.684657886216439,False,False,1944060385.5175781,6886600.0,6747200.0,1.0206604221010196,8652300.0,0.7959270945297782
2198,アイ・ケイ・ケイホールディングス,プライム（内国株式）,情報通信・サービスその他,2026-10-07,400,True,753.0,760.0,753.0,757.0,750.0,759.0,748.0,756.0,756.4,773.04,758.3466666666667,774.32,-1.2800000000000864,down,-68.75,-80.02136752136752,29.629629629629626,835.0,787.0,748.0,0.07932310946590082,-2.0749249715409257,-9.341317365269465,-3.811944091486663,False,False,23832220.0,16100.0,41500.0,0.38795180722891565,18700.0,0.8609625668449198
2201,森永製菓,プライム（内国株式）,食品,2026-10-07,400,True,2366.0,2375.5,2358.0,2366.0,2354.5,2370.0,2348.5,2369.5,2360.2,2459.7,2562.5933333333332,2466.16,-6.460000000000036,down,-83.33333333333333,-90.1098901098901,29.166666666666668,2895.0,2527.0,2326.5,0.24574188628083693,-3.8094076513395914,-18.27288428324698,-6.371191135734067,False,False,890720500.0,350100.0,323900.0,1.080889163322013,367200.0,0.9534313725490197
2206,江崎グリコ,プライム（内国株式）,食品,2026-10-07,400,True,5027.0,5046.0,4994.0,5021.0,5040.0,5046.0,5002.0,5028.0,5014.6,5038.64,5149.453333333333,5046.08,-7.4399999999996,down,7.916666666666671,-60.71428571428572,48.786407766990294,6290.0,5110.0,4935.0,0.12762732820164047,-0.3500944699363351,-20.174880763116054,-1.7416829745596885,True,False,1329953220.0,158800.0,203700.0,0.7795778105056456,184600.0,0.8602383531960996
2207,ｍｅｉｔｏ,プライム（内国株式）,食品,2026-10-07,400,True,3325.0,3370.0,3305.0,3370.0,3345.0,3350.0,3300.0,3325.0,3342.0,3430.6,3322.0133333333333,3433.0,-2.400000000000091,down,-60.00000000000001,-56.65445665445665,47.096774193548384,3750.0,3615.0,3250.0,0.837821663674454,-1.7664548475485264,-10.133333333333338,-6.777316735822958,False,False,129181300.0,31100.0,27000.0,1.151851851851852,67500.0,0.46074074074074073
2209,井村屋グループ,プライム（内国株式）,食品,2026-10-07,400,True,2273.0,2291.0,2271.0,2283.0,2266.0,2289.0,2266.0,2284.0,2286.0,2356.36,2372.8933333333334,2361.8,-5.440000000000055,down,-78.33333333333334,-94.04761904761905,23.89937106918239,2684.0,2411.0,2256.0,-0.1312335958005284,-3.1132764093771748,-14.940387481371086,-5.309000414765652,False,False,55739200.0,14400.0,17200.0,0.8372093023255814,16100.0,0.8944099378881988
2211,不二家,プライム（内国株式）,食品,2026-10-07,400,True,2485.0,2489.0,2475.0,2475.0,2458.0,2488.0,2458.0,2485.0,2476.2,2498.64,2451.48,2500.24,-1.599999999999909,down,-79.58333333333334,-22.00854700854702,39.80582524271845,2685.0,2530.0,2450.0,-0.04846135207171587,-0.9461146863893877,-7.8212290502793325,-2.1739130434782594,False,False,61120500.0,22300.0,19800.0,1.1262626262626263,18800.0,1.1861702127659575
2212,山崎製パン,プライム（内国株式）,食品,2026-10-07,400,True,3562.0,3635.0,3538.0,3608.0,3569.0,3577.0,3521.0,3564.0,3561.0,3714.08,3490.6,3715.56,-1.4800000000000182,down,-53.75000000000001,-65.43040293040292,30.674002751031637,3963.0,3963.0,3490.0,1.3198539736029247,-2.8561581872226793,-8.95786020691396,-8.95786020691396,False,False,1970165960.0,603700.0,442400.0,1.3646021699819169,575600.0,1.0488186240444752
2217,モロゾフ,プライム（内国株式）,食品,2026-10-07,400,True,1454.0,1455.0,1450.0,1450.0,1454.0,1459.0,1453.0,1455.0,1457.4,1483.6,1519.24,1486.0,-2.400000000000091,down,-96.66666666666666,-58.745421245421234,34.57943925233645,1621.0,1509.0,1450.0,-0.5077535336901362,-2.264761391210568,-10.549043800123382,-3.9098740888005357,False,False,71766100.0,54100.0,34900.0,1.5501432664756447,26100.0,2.0727969348659006
2220,亀田製菓,プライム（内国株式）,食品,2026-10-07,400,True,1250.0,1261.0,1244.0,1253.0,1214.0,1243.0,1210.0,1234.0,1231.4,1316.12,1288.5866666666666,1321.92,-5.800000000000182,down,-78.33333333333334,-91.31562881562883,27.310924369747898,1538.0,1379.0,1203.0,1.754101023225596,-4.795915266085149,-18.530559167750326,-9.137055837563457,False,False,231947500.0,205700.0,262900.0,0.7824267782426778,189800.0,1.08377239199157
2222,寿スピリッツ,プライム（内国株式）,食品,2026-10-07,400,True,2421.0,2541.0,2416.0,2526.0,2438.0,2465.0,2420.0,2435.0,2450.5,2543.0,2556.78,2551.88,-8.88000000000011,down,-6.666666666666665,-73.0006105006105,46.203554119547654,2787.0,2654.0,2345.5,3.081003876759847,-0.668501769563512,-9.364908503767488,-4.822908816880178,False,False,2328598950.0,969300.0,612300.0,1.583047525722685,691000.0,1.4027496382054994
2229,カルビー,プライム（内国株式）,食品,2026-10-07,400,True,3015.0,3037.0,3013.0,3037.0,3018.0,3027.0,2995.5,3024.0,3016.4,3036.5,2997.6,3037.7,-1.199999999999818,down,-1.6666666666666607,-58.94383394383394,51.15830115830116,3209.0,3076.0,2953.5,0.6829332979710889,0.01646632636258527,-5.3599252103459065,-1.2678803641092307,True,True,818790940.0,198100.0,185700.0,1.06677436725902,250700.0,0.7901874750698046
2264,森永乳業,プライム（内国株式）,食品,2026-10-07,400,True,1053.0,1067.5,1049.0,1061.0,1052.0,1059.5,1045.0,1053.0,1051.4,1106.08,1184.8666666666666,1109.62,-3.5399999999999636,down,-75.0,-69.45970695970696,30.82901554404145,1368.25,1171.0,1035.0,0.913068289899166,-4.0756545638651716,-22.455691576831715,-9.39368061485909,False,False,1996231350.0,2100400.0,1569200.0,1.3385164414988528,1845200.0,1.1383047908085844
2266,六甲バター,プライム（内国株式）,食品,2026-10-07,400,True,1078.0,1082.0,1072.0,1079.0,1075.0,1082.0,1075.0,1082.0,1083.8,1106.28,1090.1466666666668,1106.44,-0.16000000000008185,down,-87.91666666666667,-25.7020757020757,36.75213675213676,1310.0,1122.0,1072.0,-0.44288614135449267,-2.4659218281086193,-17.63358778625954,-3.832442067736186,False,False,56019260.0,39700.0,39100.0,1.0153452685421995,84400.0,0.4703791469194313
2267,ヤクルト本社,プライム（内国株式）,食品,2026-10-07,400,True,2730.0,2749.5,2729.0,2733.0,2727.5,2747.0,2712.0,2733.5,2732.4,2805.06,2815.9933333333333,2808.12,-3.0599999999999454,down,-78.33333333333334,-69.47496947496947,24.074074074074073,3092.0,2909.0,2704.0,0.02195871761088153,-2.5689290068661608,-11.610608020698576,-6.050189068408384,False,False,3476452310.0,1090300.0,876800.0,1.2434990875912408,990700.0,1.100534975270011
2269,明治ホールディングス,プライム（内国株式）,食品,2026-10-07,400,True,4128.0,4190.0,4116.0,4166.0,4117.0,4144.0,4097.0,4129.0,4123.8,4305.72,4057.9333333333334,4317.92,-12.199999999999818,down,-70.0,-90.59829059829059,37.53993610223642,4608.0,4444.0,4033.0,1.0233279984480204,-3.2449857398994864,-9.592013888888884,-6.255625562556255,False,False,4716493480.0,1041000.0,827500.0,1.2580060422960726,1183900.0,0.8792972379423938
2270,雪印メグミルク,プライム（内国株式）,食品,2026-10-07,400,True,3475.0,3505.0,3465.0,3485.0,3485.0,3495.0,3440.0,3485.0,3495.0,3670.8,3686.4,3680.8,-10.0,down,-97.08333333333334,-74.77106227106228,23.364485981308412,4040.0,3830.0,3440.0,-0.28612303290415086,-5.06156696088047,-13.737623762376238,-9.00783289817232,False,False,573745900.0,135100.0,166900.0,0.8094667465548232,135200.0,0.9992603550295858
2281,プリマハム,プライム（内国株式）,食品,2026-10-07,400,True,2266.0,2281.0,2264.0,2276.0,2282.0,2288.0,2267.0,2270.0,2282.0,2384.04,2397.4133333333334,2390.28,-6.2400000000002365,down,-89.99999999999999,-84.35592185592185,25.26690391459075,2929.0,2452.0,2264.0,-0.2629272567922891,-4.531803157665138,-22.294298395356783,-7.177814029363782,False,False,333866120.0,113300.0,123100.0,0.9203899268887084,119700.0,0.9465329991645781
2282,日本ハム,プライム（内国株式）,食品,2026-10-07,400,True,1988.5,2022.0,1982.0,2008.5,1988.0,2001.0,1975.5,1988.0,1997.1,2040.9666650390625,2057.3577701822915,2045.4933349609375,-4.526669921875055,down,-25.0,-83.57753357753357,35.44715447154472,2473.333251953125,2121.333251953125,1941.0,0.5708277001652551,-1.59074940297671,-18.793797867151895,-5.318978140244523,False,False,3415284930.0,1500900.0,1333600.0,1.1254499100179964,2062200.0,0.7278149549025312
2288,丸大食品,プライム（内国株式）,食品,2026-10-07,400,True,2125.0,2137.0,2116.0,2131.0,2130.0,2132.0,2114.0,2130.0,2131.8,2233.0,2244.786666666667,2238.6,-5.599999999999909,down,-81.66666666666667,-40.6135531135531,23.02405498281787,2478.0,2320.0,2105.0,-0.0375269725115035,-4.56784594715629,-14.003228410008074,-8.146551724137929,False,False,263109840.0,106800.0,101400.0,1.0532544378698225,134700.0,0.7928730512249443
2292,Ｓ　Ｆｏｏｄｓ,プライム（内国株式）,食品,2026-10-07,400,True,2656.0,2669.0,2620.0,2632.0,2665.0,2665.0,2640.0,2657.0,2657.6,2757.76,2749.3866666666668,2767.16,-9.399999999999636,down,-86.66666666666667,-90.23199023199022,28.445747800586513,3285.0,2811.0,2620.0,-0.9632751354605618,-4.5602227895103375,-19.878234398782347,-6.367840626111709,False,False,343973000.0,111300.0,110600.0,1.0063291139240507,249100.0,0.44680851063829785
2294,柿安本店,プライム（内国株式）,食品,2026-10-07,400,True,2456.0,2462.0,2446.0,2450.0,2460.0,2464.0,2456.0,2464.0,2464.4,2512.12,2548.7066666666665,2517.92,-5.800000000000182,down,-91.66666666666667,-88.07997557997558,40.0,3095.0,2596.0,2446.0,-0.5843207271546857,-2.4728118083531037,-20.840064620355413,-5.6240369799691825,False,False,56992240.0,36000.0,18500.0,1.945945945945946,18500.0,1.945945945945946
2296,伊藤ハム米久ホールディングス,プライム（内国株式）,食品,2026-10-07,400,True,4825.0,4855.0,4810.0,4850.0,4790.0,4825.0,4780.0,4825.0,4829.0,4982.0,4927.933333333333,4992.4,-10.399999999999636,down,-68.33333333333333,-82.92124542124542,33.62068965517241,6480.0,5090.0,4765.0,0.4348726444398432,-2.649538338016866,-25.154320987654323,-4.715127701375243,False,False,535991000.0,77500.0,90400.0,0.8573008849557522,93800.0,0.826226012793177
2301,学情,プライム（内国株式）,情報通信・サービスその他,2026-10-07,400,True,1706.0,1706.0,1691.0,1700.0,1696.0,1712.0,1696.0,1706.0,1708.2,1718.44,1658.5866666666666,1720.04,-1.599999999999909,down,-81.25,10.546398046398043,54.04255319148936,1905.0,1803.0,1617.0,-0.48003746633883404,-1.0730662694071413,-10.76115485564304,-5.712701053799218,False,False,259362580.0,139800.0,95400.0,1.4654088050314464,79700.0,1.754077791718946
2307,クロスキャット,プライム（内国株式）,情報通信・サービスその他,2026-10-07,400,True,1055.0,1058.0,1046.0,1046.0,1049.0,1071.0,1049.0,1064.0,1054.6,1057.2,1020.88,1057.36,-0.15999999999985448,down,-61.66666666666667,5.280830280830284,47.23618090452261,1238.0,1095.0,1005.0,-0.8154750616347295,-1.059402194475978,-15.508885298869146,-4.474885844748854,True,False,36972080.0,18300.0,40600.0,0.45073891625615764,19900.0,0.9195979899497487
2317,システナ,プライム（内国株式）,情報通信・サービスその他,2026-10-07,400,True,422.0,427.0,422.0,425.0,426.0,426.0,421.0,424.0,423.6,435.92,426.50666666666666,437.16,-1.240000000000009,down,-17.91666666666667,-76.29731379731379,25.0,555.0,450.0,416.0,0.3305004721435356,-2.505046797577537,-23.42342342342343,-5.555555555555558,False,False,289285020.0,549700.0,518500.0,1.0601735776277723,1124300.0,0.48892644312016365
2325,ＮＪＳ,プライム（内国株式）,情報通信・サービスその他,2026-10-07,400,True,4515.0,4565.0,4445.0,4455.0,4525.0,4565.0,4510.0,4525.0,4532.0,4621.4,4602.733333333334,4639.0,-17.600000000000364,down,-80.41666666666667,-83.19597069597069,41.269841269841265,5970.0,4775.0,4445.0,-1.6990291262135915,-3.6006404985502116,-25.376884422110557,-6.7015706806282775,False,False,118190500.0,28200.0,19900.0,1.4170854271356783,21400.0,1.3177570093457944
2326,デジタルアーツ,プライム（内国株式）,情報通信・サービスその他,2026-10-07,400,True,5560.0,5560.0,5300.0,5330.0,5390.0,5500.0,5290.0,5360.0,5212.0,4795.2,4337.066666666667,4771.2,24.0,up,91.25,82.87545787545787,84.81012658227847,8040.0,5560.0,4340.0,2.2640061396776767,11.152819486152833,-33.70646766169154,-4.136690647482011,False,False,1007673200.0,246100.0,259300.0,0.9490937138449672,103800.0,2.3709055876685934
2327,日鉄ソリューションズ,プライム（内国株式）,情報通信・サービスその他,2026-10-07,400,True,3782.0,3801.0,3736.0,3784.0,3750.0,3784.0,3727.0,3773.0,3779.0,3868.08,3755.1466666666665,3876.16,-8.079999999999927,down,-73.75,-74.13003663003663,38.66498740554156,4655.0,4029.0,3694.0,0.13231013495633714,-2.173688238092286,-18.711063372717508,-6.080913378009434,False,False,778120900.0,176400.0,198800.0,0.8873239436619719,255600.0,0.6901408450704225
2331,ＡＬＳＯＫ,プライム（内国株式）,情報通信・サービスその他,2026-10-07,400,True,1159.0,1164.5,1150.5,1150.5,1168.5,1169.5,1155.5,1159.0,1160.8,1202.34,1156.3666666666666,1204.42,-2.0800000000001546,down,-88.33333333333333,-42.68925518925519,28.087167070217916,1335.0,1271.0,1147.5,-0.8873190902825567,-4.311592394830077,-13.820224719101127,-9.480723839496463,False,False,1118874750.0,963500.0,884000.0,1.0899321266968325,905000.0,1.0646408839779005
2335,キューブシステム,プライム（内国株式）,情報通信・サービスその他,2026-10-07,400,True,1011.0,1017.0,1008.0,1011.0,1010.0,1019.0,1010.0,1014.0,1018.0,1080.48,1071.1066666666666,1084.2,-3.7200000000000273,down,-94.58333333333333,-63.94993894993895,13.445378151260504,1226.0,1109.0,1008.0,-0.6876227897838927,-6.43047534429143,-17.536704730831975,-8.836789900811537,False,False,38923920.0,25300.0,33000.0,0.7666666666666667,69400.0,0.3645533141210375
2337,いちご,プライム（内国株式）,不動産,2026-10-07,400,True,385.0,385.0,380.0,384.0,384.0,395.0,381.0,385.0,383.2,395.56,413.25333333333333,396.48,-0.9200000000000159,down,-83.33333333333333,-39.499389499389494,37.3134328358209,529.0,411.0,375.0,0.20876826722338038,-2.922439073718275,-27.410207939508503,-6.569343065693434,False,False,502365080.0,1077000.0,2169700.0,0.4963819882933124,730200.0,1.47493837304848
2353,日本駐車場開発,プライム（内国株式）,不動産,2026-10-07,400,True,257.0,259.0,255.0,257.0,260.0,261.0,255.0,257.0,256.4,263.64,259.6,264.28,-0.6399999999999864,down,-13.749999999999996,-77.06043956043955,28.125,298.0,282.0,252.0,0.23400936037443199,-2.51858595053861,-13.758389261744963,-8.865248226950351,False,False,536750900.0,2020700.0,1977000.0,1.0221041982802226,1257400.0,1.6070462859869572
2359,コア,プライム（内国株式）,情報通信・サービスその他,2026-10-07,400,True,2002.0,2017.0,1993.0,1993.0,2010.0,2031.0,2007.0,2007.0,2023.8,2093.52,2052.1066666666666,2100.08,-6.559999999999945,down,-93.33333333333333,-81.27289377289377,21.53846153846154,2348.0,2145.0,1993.0,-1.5218895147741884,-4.801482670335133,-15.119250425894382,-7.086247086247088,False,False,35605140.0,20800.0,18500.0,1.1243243243243244,10900.0,1.908256880733945
2371,カカクコム,プライム（内国株式）,情報通信・サービスその他,2026-10-07,400,True,3771.0,3805.0,3771.0,3804.0,3820.0,3821.0,3783.0,3791.0,3804.0,3768.04,3652.4533333333334,3763.48,4.559999999999945,up,-42.50000000000001,69.23076923076923,38.72549019607843,3869.0,3869.0,3670.0,0.0,0.9543423105911941,-1.6800206771775628,-1.6800206771775628,False,False,1140707960.0,282500.0,265300.0,1.0648322653599698,149200.0,1.89343163538874
2378,ルネサンス,プライム（内国株式）,情報通信・サービスその他,2026-10-07,400,True,969.0,972.0,966.0,966.0,971.0,979.0,970.0,970.0,982.0,1031.6,1040.0266666666666,1035.56,-3.9600000000000364,down,-95.0,-73.24481074481075,16.528925619834713,1295.0,1058.0,966.0,-1.6293279022403295,-6.359053896859235,-25.4054054054054,-8.695652173913048,False,False,71462080.0,64400.0,73700.0,0.8738127544097694,35800.0,1.7988826815642458
2379,ディップ,プライム（内国株式）,情報通信・サービスその他,2026-10-07,400,True,1755.0,1768.0,1754.0,1758.0,1765.0,1779.0,1758.0,1765.0,1772.4,1811.12,1822.4533333333334,1814.4,-3.2800000000002,down,-95.0,-49.801587301587304,28.87700534759358,2338.0,1855.0,1753.0,-0.8124576844956044,-2.932991739917834,-24.807527801539774,-5.229110512129376,False,False,348726600.0,185800.0,187300.0,0.9919914575547251,258200.0,0.7195972114639814
2384,ＳＢＳホールディングス,プライム（内国株式）,運輸・物流,2026-10-07,400,True,5140.0,5220.0,5090.0,5190.0,5150.0,5220.0,5140.0,5190.0,5164.0,5102.0,4730.133333333333,5101.2,0.8000000000001819,up,-72.08333333333334,30.662393162393165,68.0,5480.0,5480.0,4770.0,0.5034856700232293,1.724813798510394,-5.29197080291971,-5.29197080291971,True,True,530076600.0,68200.0,48200.0,1.4149377593360997,48800.0,1.3975409836065573
2395,新日本科学,プライム（内国株式）,情報通信・サービスその他,2026-10-07,400,True,1421.0,1460.0,1390.0,1439.0,1336.0,1459.0,1334.0,1451.0,1364.2,1343.36,1310.8133333333333,1341.2,2.1599999999998545,up,18.333333333333336,-34.096459096459085,64.3979057591623,2005.0,1460.0,1284.0,5.483066998973762,7.119461648404002,-28.229426433915215,-1.4383561643835585,False,False,483027780.0,587300.0,618600.0,0.9494018752020692,204700.0,2.869076697606253
2410,キャリアデザインセンター,プライム（内国株式）,情報通信・サービスその他,2026-10-07,400,True,2560.0,2565.0,2533.0,2552.0,2532.0,2567.0,2527.0,2563.0,2566.6,2789.56,2854.48,2806.16,-16.59999999999991,down,-88.75,-80.35714285714286,16.063348416289593,2984.0,2898.0,2517.0,-0.5688459440504889,-8.516038371642843,-14.477211796246648,-11.93926846100759,False,False,187347080.0,38800.0,41000.0,0.9463414634146341,20500.0,1.8926829268292682
2413,エムスリー,プライム（内国株式）,情報通信・サービスその他,2026-10-07,400,True,1822.0,1858.5,1810.0,1845.5,1803.5,1828.0,1787.0,1826.5,1797.5,1763.12,1782.4266666666667,1763.5,-0.38000000000010914,down,35.0,0.48840048840048667,62.43589743589744,2746.0,1858.5,1624.5,2.6703755215577107,4.672398929171018,-32.7931536780772,-0.6994888350820516,False,False,5619369440.0,2993000.0,2968000.0,1.008423180592992,3087500.0,0.9693927125506073
2429,ワールドホールディングス,プライム（内国株式）,情報通信・サービスその他,2026-10-07,400,True,2782.0,2830.0,2782.0,2827.0,2805.0,2826.0,2791.0,2800.0,2831.4,2834.8,2703.5866666666666,2835.84,-1.0399999999999636,down,-48.33333333333334,-7.509157509157505,50.122850122850124,2948.0,2940.0,2709.0,-0.15540015540015384,-0.2751516861859815,-4.104477611940293,-3.8435374149659918,False,False,115929540.0,33800.0,38900.0,0.8688946015424165,32500.0,1.04
2432,ディー・エヌ・エー,プライム（内国株式）,情報通信・サービスその他,2026-10-07,400,True,2481.0,2517.0,2475.5,2495.0,2510.0,2515.5,2475.0,2490.0,2513.1,2546.74,2505.4466666666667,2548.94,-2.200000000000273,down,-70.0,-54.868742368742375,38.91050583657588,2885.0,2626.5,2454.0,-0.7202260156778495,-2.031616890613086,-13.518197573656842,-5.006662859318489,False,False,2238219430.0,910400.0,866400.0,1.0507848568790397,1301900.0,0.6992856594208464
2433,博報堂ＤＹホールディングス,プライム（内国株式）,情報通信・サービスその他,2026-10-07,400,True,1284.5,1299.5,1278.0,1287.5,1298.0,1301.0,1285.0,1289.5,1293.6,1319.22,1262.3266666666666,1322.14,-2.9200000000000728,down,-81.66666666666667,-65.36935286935287,39.017341040462426,1405.0,1357.0,1251.0,-0.4715522572665387,-2.4044511150528414,-8.362989323843417,-5.121591746499632,False,False,779485740.0,471700.0,578300.0,0.8156666090264568,605100.0,0.779540571806313
2461,ファンコミュニケーションズ,プライム（内国株式）,情報通信・サービスその他,2026-10-07,400,True,381.0,382.0,379.0,379.0,379.0,383.0,379.0,383.0,382.0,387.36,397.38666666666666,388.12,-0.7599999999999909,down,-94.58333333333333,-51.037851037851034,44.44444444444444,549.0,396.0,376.0,-0.7853403141361293,-2.158199091284596,-30.965391621129324,-4.292929292929292,False,False,34444340.0,92200.0,64800.0,1.4228395061728396,54500.0,1.691743119266055
2462,ライク,プライム（内国株式）,情報通信・サービスその他,2026-10-07,400,True,1490.0,1496.0,1490.0,1491.0,1482.0,1503.0,1482.0,1494.0,1494.4,1512.04,1508.16,1514.08,-2.0399999999999636,down,-88.33333333333333,-67.61294261294262,40.33613445378151,1650.0,1529.0,1481.0,-0.22751605995717794,-1.391497579429113,-9.636363636363631,-2.4852844996729906,False,False,36854240.0,15300.0,23600.0,0.6483050847457628,12900.0,1.186046511627907
2471,エスプール,プライム（内国株式）,情報通信・サービスその他,2026-10-07,400,True,278.0,278.0,270.0,270.0,274.0,280.0,271.0,280.0,271.4,276.64,274.24,277.48,-0.8400000000000318,down,-51.24999999999999,-48.27533577533578,44.44444444444444,354.0,290.0,261.0,-0.5158437730287346,-2.4002313475997683,-23.728813559322038,-6.896551724137934,True,False,90405460.0,369300.0,310400.0,1.1897551546391754,260700.0,1.4165707710011508
2475,ＷＤＢホールディングス,プライム（内国株式）,情報通信・サービスその他,2026-10-07,400,True,1727.0,1749.0,1721.0,1736.0,1718.0,1745.0,1718.0,1745.0,1731.2,1765.16,1784.7333333333333,1769.52,-4.3599999999999,down,-61.66666666666667,-72.13064713064713,47.05882352941176,1880.0,1793.0,1712.0,0.27726432532346745,-1.6519748917945165,-7.659574468085106,-3.1790295593976614,False,False,20910240.0,8100.0,9700.0,0.8350515463917526,12000.0,0.675
2491,バリューコマース,プライム（内国株式）,情報通信・サービスその他,2026-10-07,400,True,452.0,454.0,438.0,438.0,451.0,462.0,451.0,455.0,448.6,469.52,467.05333333333334,471.56,-2.0400000000000205,down,-76.66666666666666,-83.54700854700855,19.696969696969695,812.0,493.0,438.0,-2.3629068212215887,-6.713239052649511,-46.05911330049261,-11.156186612576068,False,False,66412060.0,188800.0,121900.0,1.5488105004101722,126700.0,1.490134175217048
2492,インフォマート,プライム（内国株式）,情報通信・サービスその他,2026-10-07,400,True,755.0,768.0,729.0,732.0,744.0,764.0,742.0,755.0,735.6,705.52,576.36,703.64,1.8799999999999955,up,87.5,90.93406593406593,58.333333333333336,768.0,768.0,683.0,-0.4893964110929905,3.753260006803494,-4.6875,-4.6875,False,False,2722854300.0,3597300.0,3754300.0,0.95818128545934,4989500.0,0.7209740454955407
2501,サッポロビール,プライム（内国株式）,食品,2026-10-07,400,True,1870.0,1881.5,1804.5,1841.0,1875.5,1880.0,1835.5,1874.5,1850.9,1848.3,1930.54,1851.94,-3.6400000000001,down,85.0,-50.25946275946276,46.28482972136223,2198.5,1909.0,1771.5,-0.5348749257118257,-0.3949575285397411,-16.261087104844208,-3.5620743844944958,True,False,2740942420.0,2148100.0,916000.0,2.3450873362445415,1115100.0,1.9263743162048246
2502,アサヒグループホールディングス,プライム（内国株式）,食品,2026-10-07,400,True,1597.0,1606.0,1553.0,1577.0,1591.0,1594.5,1576.0,1592.5,1584.2,1614.96,1623.1666666666667,1618.7,-3.740000000000009,down,-60.00000000000001,-84.7832722832723,41.119221411192214,1842.0,1646.0,1553.0,-0.4544880696881748,-2.3505226135631885,-14.386536373507052,-4.191980558930741,False,False,10673037150.0,12054000.0,4037200.0,2.9857326860200137,5504200.0,2.189964027469932
2503,キリンホールディングス,プライム（内国株式）,食品,2026-10-07,400,True,2797.5,2821.5,2727.0,2771.5,2847.5,2858.0,2806.5,2812.0,2810.3,2860.24,2902.653333333333,2871.5,-11.260000000000218,down,-75.0,-66.55982905982907,43.57976653696498,3161.0,2902.5,2727.0,-1.3806355193395792,-3.102536850054538,-12.322049984182225,-4.513350559862184,False,False,10154093290.0,5365300.0,2989500.0,1.794714835256732,2863600.0,1.8736206174046655
2531,宝ホールディングス,プライム（内国株式）,食品,2026-10-07,400,True,2510.0,2584.0,2477.5,2536.5,2655.5,2660.0,2476.5,2509.5,2581.5,2482.64,2258.5733333333333,2466.04,16.59999999999991,up,-71.66666666666666,87.92735042735043,54.1920731707317,2709.5,2709.5,2369.5,-1.7431725740848392,2.1694647633164754,-6.38494187119395,-6.38494187119395,True,True,3205587700.0,1209300.0,1228100.0,0.9846918003419917,1107100.0,1.0923132508355162
2533,オエノンホールディングス,プライム（内国株式）,食品,2026-10-07,400,True,468.0,474.0,468.0,471.0,472.0,476.0,470.0,473.0,474.2,472.24,480.6533333333333,472.08,0.160000000000025,up,-80.0,57.402319902319896,54.71698113207547,615.0,490.0,447.0,-0.674820750738081,-0.26257834999152685,-23.414634146341463,-3.8775510204081653,True,False,39519580.0,63500.0,82200.0,0.7725060827250608,141200.0,0.4497167138810198
2579,コカ・コーラ　ボトラーズジャパンホールディングス,プライム（内国株式）,食品,2026-10-07,400,True,3751.0,3780.0,3738.0,3776.0,3800.0,3817.0,3760.0,3778.0,3800.6,3812.04,4009.4533333333334,3817.88,-5.8400000000001455,down,-36.66666666666667,-45.22283272283272,50.82872928176796,4660.0,3899.0,3684.0,-0.6472662211229774,-0.9454255464265815,-18.969957081545065,-3.1546550397537843,False,False,2655637680.0,659400.0,673200.0,0.9795008912655971,1008900.0,0.6535831103181683
2585,ライフドリンク　カンパニー,プライム（内国株式）,食品,2026-10-07,400,True,1320.0,1351.0,1294.0,1331.0,1327.0,1331.0,1296.0,1313.0,1320.8,1391.16,1490.6133333333332,1400.72,-9.559999999999945,down,53.333333333333336,-91.10195360195361,41.76136363636363,2433.0,1576.0,1236.0,0.7722592368261783,-4.324448661548641,-45.293875873407316,-15.545685279187815,False,False,621695420.0,492100.0,360500.0,1.3650485436893205,631200.0,0.7796261089987325
2587,サントリービバレッジ＆フード,プライム（内国株式）,食品,2026-10-07,400,True,4501.0,4578.0,4501.0,4559.0,4533.0,4535.0,4493.0,4513.0,4511.8,4507.88,4555.12,4506.76,1.1199999999998909,up,6.666666666666665,-9.783272283272293,54.66417910447762,5399.0,4612.0,4402.0,1.046145662485043,1.1340142151077703,-15.558436747545844,-1.1491760624457892,True,True,4014319420.0,1449100.0,799300.0,1.8129613411735268,1730700.0,0.8372912694285549
2590,ダイドーグループホールディングス,プライム（内国株式）,食品,2026-10-07,400,True,2835.0,2890.0,2835.0,2879.0,2869.0,2872.0,2835.0,2850.0,2870.6,2970.12,2899.0266666666666,2978.56,-8.440000000000055,down,-85.00000000000001,-71.6117216117216,39.849624060150376,3550.0,3090.0,2835.0,0.29262175155020387,-3.0678895128816275,-18.901408450704228,-6.828478964401297,False,False,153449880.0,37500.0,39800.0,0.9422110552763819,54200.0,0.6918819188191881
2593,伊藤園,プライム（内国株式）,食品,2026-10-07,400,True,3051.0,3091.0,3045.0,3091.0,3099.0,3108.0,3041.0,3065.0,3089.8,3137.08,3023.4466666666667,3132.8,4.279999999999745,up,-30.000000000000004,-8.806471306471298,39.436619718309856,3620.0,3260.0,2978.0,0.038837465208096944,-1.4688818901653744,-14.613259668508283,-5.184049079754605,False,False,1052336780.0,315900.0,270700.0,1.16697451052826,409800.0,0.7708638360175696
2594,キーコーヒー,プライム（内国株式）,食品,2026-10-07,400,True,1940.0,1962.0,1939.0,1960.0,1941.0,1947.0,1937.0,1947.0,1950.2,1998.72,1994.5466666666666,2002.28,-3.5599999999999454,down,-72.08333333333334,-94.81074481074481,34.50704225352113,2078.0,2027.0,1937.0,0.5025125628140614,-1.9372398334934426,-5.678537054860444,-3.3053774050320617,False,False,200050960.0,68900.0,89400.0,0.7706935123042505,169600.0,0.40625
2602,日清オイリオグループ,プライム（内国株式）,食品,2026-10-07,400,True,1973.0,1995.0,1963.0,1984.0,2000.0,2001.0,1974.0,1981.0,1990.6,2058.44,1967.52,2060.92,-2.480000000000018,down,-91.66666666666667,-40.20146520146519,26.545454545454543,2133.0,2133.0,1963.0,-0.33155832412337105,-3.6163308136258565,-6.98546647913737,-6.98546647913737,False,False,463776620.0,222200.0,250300.0,0.8877347183379944,171200.0,1.2978971962616823
2607,不二製油,プライム（内国株式）,食品,2026-10-07,400,True,4325.0,4357.0,4291.0,4339.0,4336.0,4361.0,4275.0,4306.0,4283.2,4439.36,4216.533333333334,4449.64,-10.280000000000655,down,-18.333333333333336,-79.36507936507937,35.84905660377358,4760.0,4611.0,4182.0,1.3027642883825186,-2.2606862250414417,-8.844537815126053,-5.898937323790932,False,False,1079918020.0,217400.0,232100.0,0.9366652305040931,300600.0,0.7232202262142382
2613,Ｊ－オイルミルズ,プライム（内国株式）,食品,2026-10-07,400,True,2162.0,2190.0,2160.0,2184.0,2162.0,2182.0,2156.0,2171.0,2181.0,2255.88,2154.4933333333333,2259.4,-3.519999999999982,down,-83.33333333333333,-59.90537240537242,37.38019169329074,2349.0,2323.0,2151.0,0.13755158184318717,-3.18633969892016,-7.024265644955296,-5.983641842445109,False,False,127118720.0,48600.0,38800.0,1.2525773195876289,87500.0,0.5554285714285714
2659,サンエー,プライム（内国株式）,小売,2026-10-07,400,True,3130.0,3210.0,3105.0,3135.0,3165.0,3210.0,3085.0,3150.0,3189.0,3326.4,3278.4666666666667,3335.2,-8.799999999999727,down,-98.33333333333334,-62.16422466422466,9.722222222222223,3485.0,3450.0,3085.0,-1.6933207902163683,-5.753968253968256,-10.04304160688666,-9.130434782608699,False,False,1070561500.0,506100.0,540000.0,0.9372222222222222,173600.0,2.9153225806451615
2664,カワチ薬品,プライム（内国株式）,小売,2026-10-07,400,True,3750.0,3790.0,3750.0,3755.0,3825.0,3825.0,3745.0,3760.0,3778.0,3724.4,3590.733333333333,3722.6,1.800000000000182,up,50.83333333333333,41.04090354090354,68.0,3895.0,3865.0,3605.0,-0.6087877183695078,0.8216088497476015,-3.594351732991019,-2.8460543337645583,False,False,160598600.0,40100.0,39800.0,1.0075376884422111,98800.0,0.4058704453441296
2670,エービーシー・マート,プライム（内国株式）,小売,2026-10-07,400,True,2780.0,2813.0,2757.0,2768.0,2721.5,2789.5,2703.5,2786.0,2730.0,2702.52,2738.5066666666667,2701.0,1.5199999999999818,up,11.66666666666667,18.849206349206348,60.13793103448276,3053.0,2813.0,2596.5,1.391941391941387,2.4229237896481903,-9.335080248935467,-1.5997156061144713,False,False,2145650450.0,993600.0,971300.0,1.0229589210336663,816100.0,1.2174978556549443
2674,ハードオフコーポレーション,プライム（内国株式）,小売,2026-10-07,400,True,2512.0,2536.0,2510.0,2527.0,2530.0,2553.0,2527.0,2547.0,2557.6,2584.88,2687.72,2590.8,-5.920000000000073,down,-75.0,-55.2960927960928,48.760330578512395,3095.0,2657.0,2480.0,-1.1964341570222081,-2.2391755129831936,-18.352180936995154,-4.892736168611211,False,False,136102520.0,35100.0,50900.0,0.6895874263261297,69600.0,0.5043103448275862
2676,高千穂交易,プライム（内国株式）,商社・卸売,2026-10-07,400,True,2069.0,2071.0,2036.0,2042.0,2030.0,2064.0,2024.0,2064.0,2050.8,2063.0,2086.346666666667,2064.76,-1.7600000000002183,down,-39.16666666666666,-40.87301587301588,44.8559670781893,2200.0,2097.0,2016.0,-0.42910083869710514,-1.0179350460494452,-7.181818181818178,-2.6227944682880255,True,False,54951720.0,24100.0,27500.0,0.8763636363636363,12500.0,1.928
2678,アスクル,プライム（内国株式）,小売,2026-10-07,400,True,1189.0,1201.0,1174.0,1175.0,1190.0,1197.0,1178.0,1185.0,1198.0,1240.96,1244.6,1246.28,-5.319999999999936,down,-78.33333333333334,-85.07326007326009,35.9375,1646.0,1299.0,1174.0,-1.9198664440734592,-5.315239814337291,-28.61482381530984,-9.54580446497305,False,False,434659420.0,282700.0,372000.0,0.7599462365591397,322300.0,0.8771331058020477
2681,ゲオホールディングス,プライム（内国株式）,小売,2026-10-07,400,True,2200.0,2202.0,2123.0,2129.0,2279.0,2308.0,2208.0,2208.0,2223.0,2319.12,2196.653333333333,2329.88,-10.760000000000218,down,-96.66666666666666,-69.0018315018315,34.22818791946309,2484.0,2408.0,2123.0,-4.228520017993698,-8.197937148573597,-14.291465378421897,-11.586378737541525,False,False,345220760.0,219400.0,142000.0,1.5450704225352112,98700.0,2.2228976697061804
2685,アンドエスティＨＤ,プライム（内国株式）,小売,2026-10-07,400,True,3015.0,3030.0,2973.0,3020.0,3020.0,3040.0,2995.0,3010.0,3015.6,3169.92,3360.5066666666667,3185.12,-15.199999999999818,down,-84.58333333333334,-96.62698412698411,32.82442748091603,3635.0,3315.0,2973.0,0.14590794535085383,-4.729456894811223,-16.918844566712522,-8.898944193061842,False,False,914692920.0,268700.0,176900.0,1.5189372526851328,216600.0,1.2405355493998154
2695,くら寿司,プライム（内国株式）,小売,2026-10-07,400,True,1662.0,1677.0,1659.0,1664.0,1670.0,1674.0,1651.0,1664.0,1674.4,1700.12,1659.5466666666666,1704.4,-4.2800000000002,down,-72.50000000000001,-66.62087912087912,44.12955465587044,1887.5,1749.0,1644.0,-0.6211180124223614,-2.124555913700199,-11.841059602649008,-4.859919954259572,False,False,421132900.0,214300.0,257200.0,0.833203732503888,306500.0,0.699184339314845
2726,パルグループホールディングス,プライム（内国株式）,小売,2026-10-07,400,True,1446.0,1481.0,1428.0,1446.0,1405.0,1413.0,1391.0,1397.0,1416.4,1471.32,1471.3733333333332,1473.0,-1.6800000000000637,down,-38.33333333333333,-74.0079365079365,37.55102040816327,2649.0,1585.0,1388.0,2.0898051397910233,-1.720903678329655,-45.413363533408834,-8.769716088328073,True,False,1449266900.0,1851600.0,855700.0,2.1638424681547272,1756900.0,1.0539017587796686
2730,エディオン,プライム（内国株式）,小売,2026-10-07,400,True,2421.0,2428.0,2386.0,2386.0,2403.0,2441.0,2399.0,2425.0,2401.2,2472.88,2431.3866666666668,2479.04,-6.1599999999998545,down,-88.33333333333333,-75.39682539682539,32.087227414330215,2699.0,2543.0,2345.0,-0.6330168249208623,-3.513312413056846,-11.59688773619859,-6.173810460086515,False,False,698210300.0,240400.0,214300.0,1.1217918805412972,210800.0,1.1404174573055028
2733,あらた,プライム（内国株式）,商社・卸売,2026-10-07,400,True,2507.0,2511.0,2496.0,2500.0,2503.0,2523.0,2492.0,2498.0,2518.6,2652.64,2594.2933333333335,2662.16,-9.519999999999982,down,-93.33333333333333,-62.62210012210012,19.942196531791907,3205.0,2748.0,2477.0,-0.7385055189390921,-5.754267446770001,-21.996879875195006,-9.024745269286749,False,False,244109240.0,85400.0,77700.0,1.0990990990990992,69300.0,1.2323232323232323
2734,サーラコーポレーション,プライム（内国株式）,小売,2026-10-07,400,True,1162.0,1178.0,1122.0,1123.0,1164.0,1169.0,1147.0,1165.0,1165.6,1211.04,1165.92,1215.56,-4.519999999999982,down,-98.33333333333334,-31.63919413919414,16.75977653631285,1260.0,1260.0,1122.0,-3.654770075497593,-7.26978464790593,-10.873015873015868,-10.873015873015868,False,False,205279540.0,307700.0,248200.0,1.2397260273972603,99200.0,3.1018145161290325
2737,トーメンデバイス,プライム（内国株式）,商社・卸売,2026-10-07,400,True,37300.0,39400.0,36850.0,39050.0,36850.0,37950.0,36650.0,37300.0,38200.0,36480.0,26809.6,36196.0,284.0,up,-61.25000000000001,81.27289377289377,60.18691588785047,44200.0,44200.0,31900.0,2.2251308900523625,7.044956140350878,-11.651583710407243,-11.651583710407243,False,False,8341455000.0,186000.0,164400.0,1.1313868613138687,88700.0,2.09695603156708
2742,ハローズ,プライム（内国株式）,小売,2026-10-07,400,True,3680.0,3695.0,3655.0,3655.0,3670.0,3695.0,3650.0,3685.0,3676.0,3898.6,3840.0,3910.4,-11.800000000000182,down,-87.91666666666667,-76.34310134310134,19.130434782608695,5220.0,4045.0,3625.0,-0.5712731229597368,-6.2483968604114315,-29.980842911877392,-9.64153275648949,False,False,139212900.0,27600.0,33700.0,0.8189910979228486,27800.0,0.9928057553956835
2749,ＪＰホールディングス,プライム（内国株式）,情報通信・サービスその他,2026-10-07,400,True,633.0,637.0,629.0,636.0,639.0,642.0,630.0,634.0,636.0,656.8,632.6,657.96,-1.1600000000000819,down,-88.33333333333333,-47.63431013431014,42.57425742574257,797.0,690.0,625.0,0.0,-3.166869671132755,-20.200752823086574,-7.826086956521738,False,False,122812720.0,148200.0,178000.0,0.8325842696629213,268000.0,0.5529850746268656
2752,フジオフードグループ本社,プライム（内国株式）,小売,2026-10-07,400,True,1149.0,1153.0,1146.0,1148.0,1151.0,1160.0,1150.0,1152.0,1152.8,1153.16,1128.3333333333333,1153.08,0.08000000000015461,up,-70.0,42.200854700854705,47.77777777777778,1194.0,1174.0,1139.0,-0.4163775156141525,-0.4474660931700791,-3.8525963149078746,-2.2146507666098825,False,False,71617000.0,48900.0,53700.0,0.9106145251396648,113700.0,0.43007915567282323
2753,あみやき亭,プライム（内国株式）,小売,2026-10-07,400,True,1292.0,1293.0,1280.0,1280.0,1320.0,1324.0,1292.0,1292.0,1334.4,1379.2,1362.5733333333333,1384.2,-5.0,down,-69.58333333333333,-70.31440781440782,15.028901734104046,1588.0,1409.0,1280.0,-4.076738609112718,-7.1925754060324865,-19.395465994962212,-9.155429382540813,False,False,135366080.0,110900.0,151900.0,0.7300855826201448,21600.0,5.1342592592592595
2760,東京エレクトロン　デバイス,プライム（内国株式）,商社・卸売,2026-10-07,400,True,4730.0,4855.0,4675.0,4810.0,4615.0,4800.0,4590.0,4800.0,4678.0,4319.0,4107.066666666667,4286.8,32.19999999999982,up,71.66666666666667,77.42673992673993,78.59778597785979,4855.0,4855.0,3915.0,2.821718683197938,11.368372308404728,-0.9268795056642687,-0.9268795056642687,False,False,700446400.0,185300.0,186900.0,0.9914392723381488,87000.0,2.1298850574712644
2767,円谷フィールズホールディングス,プライム（内国株式）,商社・卸売,2026-10-07,400,True,2453.0,2502.0,2417.0,2418.0,2421.0,2452.0,2398.0,2421.0,2462.2,2532.16,2101.96,2539.64,-7.480000000000018,down,-88.33333333333333,-19.16971916971917,29.72972972972973,2677.0,2677.0,2398.0,-1.7951425554382228,-4.5084038923290715,-9.675009338812101,-9.675009338812101,False,False,865196300.0,347000.0,434300.0,0.7989868754317292,373900.0,0.9280556298475529
2768,双日,プライム（内国株式）,商社・卸売,2026-10-07,400,True,5526.0,5577.0,5452.0,5452.0,5508.0,5545.0,5437.0,5523.0,5523.0,5708.48,5483.373333333333,5715.6,-7.1200000000008,down,-93.33333333333333,-39.68253968253968,32.688588007736946,7257.0,5949.0,5437.0,-1.2855332246967222,-4.492964852289916,-24.872536860961823,-8.354345268112285,False,False,6590474760.0,1269400.0,1110100.0,1.1435005855328348,1985200.0,0.6394317952851098
2784,アルフレッサ　ホールディングス,プライム（内国株式）,商社・卸売,2026-10-07,400,True,2228.0,2247.5,2228.0,2239.5,2245.0,2251.0,2227.5,2245.0,2240.3,2307.46,2274.5266666666666,2310.44,-2.980000000000018,down,-85.00000000000001,-33.012820512820504,34.64447806354009,2685.5,2410.0,2215.0,-0.035709503191549974,-2.9452298198018645,-16.60770806181344,-7.074688796680495,False,False,945745170.0,268600.0,335800.0,0.7998808814770697,314700.0,0.8535112805846838
2791,大黒天物産,プライム（内国株式）,小売,2026-10-07,400,True,4310.0,4325.0,4275.0,4285.0,4315.0,4370.0,4290.0,4310.0,4328.0,4538.8,4471.666666666667,4552.6,-13.800000000000182,down,-96.66666666666666,-72.22222222222223,8.91089108910891,7460.0,4850.0,4275.0,-0.9935304990757898,-5.591786375253371,-42.56032171581769,-11.649484536082477,False,False,159840400.0,30100.0,34400.0,0.875,83000.0,0.36265060240963853
2792,ハニーズホールディングス,プライム（内国株式）,小売,2026-10-07,400,True,1380.0,1391.0,1377.0,1387.0,1376.0,1395.0,1374.0,1388.0,1389.0,1427.88,1418.2933333333333,1431.0,-3.119999999999891,down,-80.0,-84.61538461538463,29.457364341085274,1595.0,1454.0,1366.0,-0.14398848092153083,-2.862985685071584,-13.040752351097174,-4.607977991746903,False,False,94772340.0,34300.0,44800.0,0.765625,43200.0,0.7939814814814815
2801,キッコーマン,プライム（内国株式）,食品,2026-10-07,400,True,1715.0,1751.5,1698.0,1742.0,1716.0,1718.5,1681.0,1702.0,1692.5,1708.6,1692.4733333333334,1711.36,-2.759999999999991,down,53.333333333333336,-66.91086691086691,57.58620689655173,1867.5,1776.0,1610.5,2.9246676514032455,1.9548168090834706,-6.72021419009371,-1.9144144144144115,True,True,7186916520.0,4100300.0,3964300.0,1.0343061826804227,3837900.0,1.0683707235727873
2802,味の素,プライム（内国株式）,食品,2026-10-07,400,True,5380.0,5408.0,5340.0,5346.0,5351.0,5372.0,5260.0,5372.0,5302.2,5115.48,5360.68,5118.88,-3.4000000000005457,down,90.0,-20.57387057387057,73.20261437908496,6340.0,5408.0,4800.0,0.8260721964467699,4.506321987379502,-15.678233438485801,-1.1464497041420163,False,False,16532905740.0,2142400.0,2481200.0,0.8634531678220216,3479300.0,0.615756042882189
2804,ブルドックソース,プライム（内国株式）,食品,2026-10-07,400,True,1824.0,1832.0,1818.0,1828.0,1828.0,1839.0,1813.0,1824.0,1840.2,1857.64,1818.1066666666666,1859.36,-1.7199999999998,down,-80.41666666666667,-41.04090354090355,43.455497382198956,2173.0,1890.0,1813.0,-0.6629714161504263,-1.595572877414364,-15.876668200644273,-3.2804232804232836,False,False,36774460.0,16900.0,21300.0,0.7934272300469484,14700.0,1.1496598639455782
2809,キユーピー,プライム（内国株式）,食品,2026-10-07,400,True,4313.0,4374.0,4305.0,4357.0,4304.0,4315.0,4252.0,4300.0,4320.6,4531.92,4528.88,4546.44,-14.519999999999527,down,-85.00000000000001,-95.84859584859583,32.396694214876035,4929.0,4710.0,4242.0,0.8424755820950702,-3.8597327402072446,-11.604787989450195,-7.494692144373671,False,False,2536968680.0,553800.0,485800.0,1.1399752984767395,203300.0,2.7240531234628627
2810,ハウス食品グループ本社,プライム（内国株式）,食品,2026-10-07,400,True,4003.0,4042.0,3997.0,4031.0,4041.0,4079.0,4012.0,4037.0,4025.2,3965.36,3852.96,3953.68,11.680000000000291,up,-9.166666666666657,74.45054945054946,61.05476673427992,4135.0,4090.0,3796.0,0.14409221902018654,1.6553352028567447,-2.5151148730350625,-1.4425427872860608,False,False,1051016540.0,333100.0,248200.0,1.3420628525382756,222900.0,1.4943921040825483
2811,カゴメ,プライム（内国株式）,食品,2026-10-07,400,True,2629.0,2655.0,2624.5,2655.0,2639.5,2642.5,2623.5,2634.0,2639.3,2706.0,2681.04,2709.06,-3.0599999999999454,down,-44.99999999999999,-74.31318681318682,35.9375,2977.0,2793.0,2605.5,0.59485469632099,-1.8847006651884657,-10.816257977830034,-4.940923737916214,False,False,638395890.0,267800.0,170900.0,1.5669982445874782,270100.0,0.9914846353202518
2815,アリアケジャパン,プライム（内国株式）,食品,2026-10-07,400,True,5090.0,5120.0,5070.0,5120.0,5040.0,5070.0,5030.0,5050.0,5054.0,5247.2,5248.733333333334,5262.4,-15.199999999999818,down,-54.58333333333334,-93.04029304029304,30.612244897959183,6360.0,5450.0,4980.0,1.3058963197467355,-2.4241500228693313,-19.496855345911946,-6.055045871559628,False,False,583156800.0,132200.0,95900.0,1.3785192909280501,57800.0,2.28719723183391
2871,ニチレイ,プライム（内国株式）,食品,2026-10-07,400,True,2097.0,2115.5,2087.0,2101.0,2096.0,2106.0,2078.5,2097.0,2099.0,2156.68,2155.786666666667,2158.62,-1.9400000000000546,down,-83.33333333333333,-15.201465201465192,25.390625,2369.0,2269.5,2056.5,0.0952834683182413,-2.5817460170261652,-11.31279020683833,-7.424542850848203,False,False,2355093740.0,975000.0,842100.0,1.1578197363733522,1350100.0,0.7221687282423525
2874,横浜冷凍,プライム（内国株式）,商社・卸売,2026-10-07,400,True,1830.0,1869.0,1823.0,1855.0,1869.0,1894.0,1841.0,1849.0,1879.8,2112.12,2102.866666666667,2126.88,-14.760000000000218,down,-95.0,-75.9920634920635,13.836477987421384,2713.0,2313.0,1823.0,-1.3192892860942607,-12.173550745222805,-31.625506819019535,-19.80112408127972,False,False,502419500.0,130300.0,172900.0,0.7536148062463852,128900.0,1.0108611326609775
2875,東洋水産,プライム（内国株式）,食品,2026-10-07,400,True,9823.0,9990.0,9798.0,9990.0,9943.0,9943.0,9807.0,9873.0,9768.8,9986.28,10342.12,10009.68,-23.399999999999636,down,44.99999999999999,-87.89682539682539,46.639392168322615,12405.0,10310.0,9415.0,2.26435181393827,0.03725110852088598,-19.46795646916566,-3.103782735208538,True,True,6127908420.0,796700.0,553500.0,1.4393857271906052,272200.0,2.926891991182954
2882,イートアンドホールディングス,プライム（内国株式）,食品,2026-10-07,400,True,2004.0,2016.0,2003.0,2011.0,2000.0,2012.0,1999.0,2011.0,2010.0,2017.72,2033.9466666666667,2019.08,-1.3599999999999,down,-5.000000000000004,-69.82600732600733,47.69230769230769,2104.0,2036.0,1998.0,0.04975124378110429,-0.33304918422774055,-4.420152091254748,-1.2278978388998052,False,False,29307100.0,13400.0,17100.0,0.783625730994152,16300.0,0.8220858895705522
2884,ヨシムラ・フード・ホールディングス,プライム（内国株式）,食品,2026-10-07,400,True,594.0,611.0,588.0,588.0,586.0,592.0,584.0,586.0,588.2,615.48,628.8266666666667,617.96,-2.480000000000018,down,-83.33333333333333,-92.88766788766789,25.37313432835821,1066.0,637.0,580.0,-0.034002040122416144,-4.464807954767014,-44.8405253283302,-7.692307692307687,False,False,86121980.0,208000.0,82600.0,2.5181598062953996,46500.0,4.473118279569892
2897,日清食品ホールディングス,プライム（内国株式）,食品,2026-10-07,400,True,2841.5,2863.5,2830.5,2855.0,2853.0,2859.5,2826.5,2845.0,2838.0,2930.12,2904.153333333333,2935.62,-5.5,down,-68.33333333333333,-77.65567765567765,31.495098039215684,3354.0,3083.0,2790.0,0.5990133897110672,-2.5637175269272228,-14.87775790101371,-7.3953940966591025,False,False,2787568750.0,861500.0,785800.0,1.0963349452786968,1145900.0,0.7518108037350554
2908,フジッコ,プライム（内国株式）,食品,2026-10-07,400,True,1553.0,1561.0,1550.0,1560.0,1534.0,1557.0,1534.0,1556.0,1553.4,1606.68,1574.3466666666666,1609.76,-3.0799999999999272,down,-83.33333333333333,-50.85470085470085,33.513513513513516,1687.0,1649.0,1531.0,0.4248744689069106,-2.9053700799163584,-7.528156490812088,-5.397210430563981,False,False,86816000.0,59500.0,52700.0,1.1290322580645162,38900.0,1.5295629820051413
2910,ロック・フィールド,プライム（内国株式）,食品,2026-10-07,400,True,1351.0,1362.0,1344.0,1351.0,1337.0,1354.0,1337.0,1354.0,1358.8,1396.36,1372.6933333333334,1399.52,-3.160000000000082,down,-93.33333333333333,-75.07631257631257,34.72222222222222,1507.0,1447.0,1337.0,-0.5740359140417928,-3.2484459594946835,-10.351692103516918,-6.634416033172075,False,False,102924160.0,126200.0,36400.0,3.467032967032967,137000.0,0.9211678832116789
2914,日本たばこ産業,プライム（内国株式）,食品,2026-10-07,400,True,6938.0,7015.0,6928.0,6990.0,6939.0,6958.0,6880.0,6936.0,6908.4,6849.92,6631.8133333333335,6848.24,1.680000000000291,up,25.0,-4.258241758241765,63.72430471584038,7218.0,7015.0,6500.0,1.1811707486538259,2.0449873867140145,-3.158769742310885,-0.3563791874554578,False,False,25969300240.0,3810300.0,3119900.0,1.2212891438828168,5485700.0,0.6945877463222561
2915,ケンコーマヨネーズ,プライム（内国株式）,食品,2026-10-07,400,True,1938.0,1972.0,1938.0,1971.0,1934.0,1964.0,1934.0,1958.0,1966.0,2034.4,2029.8666666666666,2035.68,-1.2799999999999727,down,-81.66666666666667,-50.79365079365079,30.18867924528302,2365.0,2113.0,1922.0,0.254323499491349,-3.1163979551710574,-16.65961945031712,-6.720302886890672,False,False,77354640.0,22900.0,33500.0,0.6835820895522388,41200.0,0.5558252427184466
2918,わらべや日洋ホールディングス,プライム（内国株式）,食品,2026-10-07,400,True,2640.0,2659.0,2613.0,2613.0,2648.0,2663.0,2639.0,2644.0,2642.4,2725.44,2722.9333333333334,2733.24,-7.799999999999727,down,-89.99999999999999,-92.68925518925519,29.721362229102166,3820.0,2780.0,2613.0,-1.1126248864668509,-4.125572384642484,-31.596858638743452,-6.007194244604319,False,False,330225700.0,145300.0,119000.0,1.2210084033613446,61600.0,2.3587662337662336
2922,なとり,プライム（内国株式）,食品,2026-10-07,400,True,1959.0,1968.0,1957.0,1961.0,1951.0,1974.0,1951.0,1965.0,1966.0,1985.16,1975.6,1987.16,-2.0,down,-83.33333333333333,-64.75885225885224,45.78947368421053,2042.0,2014.0,1950.0,-0.254323499491349,-1.2170303653106118,-3.966699314397648,-2.631578947368418,False,False,27870000.0,9500.0,11900.0,0.7983193277310925,12400.0,0.7661290322580645
2929,ファーマフーズ,プライム（内国株式）,食品,2026-10-07,400,True,685.0,690.0,669.0,687.0,688.0,701.0,683.0,683.0,688.0,670.32,613.2,667.56,2.7600000000001046,up,-73.33333333333334,59.99694749694749,48.95833333333333,855.0,755.0,584.0,-0.14534883720930258,2.488363766559254,-19.649122807017537,-9.006622516556295,True,True,147137700.0,200100.0,109200.0,1.8324175824175823,93500.0,2.140106951871658
2930,北の達人コーポレーション,プライム（内国株式）,素材・化学,2026-10-07,400,True,132.0,134.0,132.0,134.0,132.0,134.0,132.0,132.0,133.0,131.76,125.08,131.72,0.03999999999999204,up,25.0,32.570207570207565,54.166666666666664,149.0,136.0,126.0,0.7518796992481258,1.700060716454166,-10.067114093959727,-1.4705882352941124,False,False,44520340.0,272900.0,294300.0,0.927285083248386,436600.0,0.625057260650481
2931,ユーグレナ,プライム（内国株式）,食品,2026-10-07,400,True,335.0,340.0,334.0,337.0,336.0,338.0,334.0,336.0,335.8,345.32,344.06666666666666,346.04,-0.7200000000000273,down,-83.74999999999999,-61.06532356532357,37.83783783783784,468.0,355.0,330.0,0.3573555687909513,-2.4093594347272096,-27.99145299145299,-5.0704225352112715,False,False,267693720.0,568600.0,485700.0,1.1706814906320775,584800.0,0.9722982216142271
2933,紀文食品,プライム（内国株式）,食品,2026-10-07,400,True,1041.0,1053.0,1041.0,1049.0,1050.0,1056.0,1042.0,1048.0,1067.0,1113.0,1099.0666666666666,1116.52,-3.519999999999982,down,-96.66666666666666,-79.36507936507937,12.62135922330097,1212.0,1138.0,1041.0,-1.6869728209934376,-5.750224618149147,-13.448844884488453,-7.820738137082605,False,False,80874840.0,60700.0,91400.0,0.6641137855579868,68000.0,0.8926470588235295
2935,ピックルスホールディングス,プライム（内国株式）,食品,2026-10-07,400,True,1163.0,1170.0,1159.0,1167.0,1165.0,1167.0,1160.0,1167.0,1167.2,1197.6,1165.48,1198.12,-0.5199999999999818,down,-83.74999999999999,-37.51526251526251,26.881720430107524,1394.0,1219.0,1156.0,-0.017135023989034437,-2.5551102204408704,-16.284074605451938,-4.26579163248565,False,False,31147940.0,15400.0,20900.0,0.7368421052631579,19600.0,0.7857142857142857
2975,スター・マイカ・ホールディングス,プライム（内国株式）,不動産,2026-10-07,400,True,1259.0,1290.0,1241.0,1261.0,1247.0,1275.0,1245.0,1266.0,1274.8,1402.0,1499.32,1415.24,-13.240000000000009,down,-89.58333333333333,-84.90537240537242,33.734939759036145,1846.0,1513.0,1231.0,-1.082522748666459,-10.057061340941509,-31.690140845070424,-16.65565102445472,False,False,1024579700.0,679700.0,576600.0,1.178806798473812,156200.0,4.351472471190781
2980,ＳＲＥホールディングス,プライム（内国株式）,不動産,2026-10-07,400,True,2331.0,2357.0,2294.0,2297.0,2328.0,2356.0,2320.0,2337.0,2321.0,2332.08,2456.2533333333336,2340.2,-8.11999999999989,down,7.08333333333333,-54.01404151404152,55.00000000000001,4150.0,2455.0,2199.0,-1.0340370529943965,-1.5042365613529562,-44.65060240963855,-6.435845213849289,True,False,386565300.0,132900.0,154400.0,0.8607512953367875,308700.0,0.4305150631681244
2982,ＡＤワークスグループ,プライム（内国株式）,不動産,2026-10-07,400,True,401.0,405.0,399.0,401.0,398.0,403.0,397.0,401.0,403.8,422.64,414.44,424.16,-1.5200000000000387,down,-92.5,-74.32844932844932,32.142857142857146,514.0,444.0,397.0,-0.6934125804853863,-5.120196857845915,-21.98443579766537,-9.684684684684687,False,False,113530600.0,157700.0,183200.0,0.8608078602620087,314100.0,0.5020694046482012
3002,グンゼ,プライム（内国株式）,素材・化学,2026-10-07,400,True,4040.0,4085.0,4030.0,4065.0,4025.0,4055.0,3995.0,4040.0,4047.0,4076.6,4049.133333333333,4080.4,-3.800000000000182,down,-33.74999999999999,-58.21123321123321,51.68539325842697,4765.0,4165.0,3980.0,0.4447739065974732,-0.2845508511995276,-14.690451206715638,-2.400960384153661,True,False,557565900.0,156900.0,100800.0,1.556547619047619,192800.0,0.8137966804979253
3003,ヒューリック,プライム（内国株式）,不動産,2026-10-07,400,True,1666.0,1683.0,1661.0,1663.5,1678.0,1685.5,1671.5,1671.5,1683.5,1735.38,1749.54,1740.7,-5.319999999999936,down,-95.0,-93.65079365079364,27.51196172248804,2094.0,1778.0,1661.0,-1.1880011880011865,-4.142032292639087,-20.558739255014324,-6.439820022497189,False,False,4206055250.0,2866600.0,2225700.0,1.2879543514399965,1961600.0,1.461358075040783
3028,アルペン,プライム（内国株式）,小売,2026-10-07,400,True,2336.0,2356.0,2331.0,2334.0,2344.0,2359.0,2332.0,2336.0,2346.0,2328.0,2245.733333333333,2329.84,-1.8400000000001455,down,-8.333333333333325,-3.8461538461538547,55.55555555555556,2410.0,2380.0,2270.0,-0.5115089514066473,0.2577319587628857,-3.1535269709543567,-1.9327731092437017,False,False,196202480.0,94100.0,57400.0,1.6393728222996515,77500.0,1.2141935483870967
3031,ラクーンホールディングス,プライム（内国株式）,情報通信・サービスその他,2026-10-07,400,True,702.0,706.0,696.0,698.0,698.0,706.0,698.0,706.0,705.0,683.16,640.72,681.44,1.7199999999999136,up,26.66666666666667,80.50976800976801,62.96296296296296,754.0,721.0,645.0,-0.9929078014184411,2.1722583289419894,-7.427055702917773,-3.1900138696255187,False,False,60477940.0,69800.0,55700.0,1.2531418312387792,40600.0,1.7192118226600985
3034,クオールホールディングス,プライム（内国株式）,小売,2026-10-07,400,True,2377.0,2399.0,2363.0,2363.0,2359.0,2409.0,2359.0,2386.0,2359.4,2329.72,2210.88,2336.28,-6.5600000000004,down,-53.75000000000001,10.256410256410254,58.22784810126582,2655.0,2453.0,2175.0,0.15258116470289185,1.428497845234622,-10.998116760828625,-3.6689767631471693,False,False,287744420.0,93300.0,145800.0,0.6399176954732511,87400.0,1.0675057208237986
3036,アルコニックス,プライム（内国株式）,商社・卸売,2026-10-07,400,True,3365.0,3405.0,3305.0,3305.0,3375.0,3390.0,3330.0,3365.0,3383.0,3361.8,3014.5333333333333,3370.8,-9.0,down,-68.33333333333333,-2.045177045177038,54.263565891472865,3785.0,3550.0,3205.0,-2.3056458764410315,-1.6895710631209537,-12.681638044914134,-6.901408450704228,True,False,390818100.0,112300.0,56700.0,1.9805996472663139,137200.0,0.8185131195335277
3038,神戸物産,プライム（内国株式）,商社・卸売,2026-10-07,400,True,2970.0,2976.0,2927.0,2927.0,2975.0,2983.5,2945.0,2945.0,2966.0,2995.6,2813.7533333333336,2993.32,2.2799999999997453,up,-30.41666666666667,23.046398046398043,26.789168278529978,4221.0,3219.0,2927.0,-1.31490222521915,-2.290025370543458,-30.656242596541105,-9.071140105622867,False,False,5424066140.0,2027000.0,1654500.0,1.2251435478996675,6305300.0,0.3214755840324806
3040,ソリトンシステムズ,プライム（内国株式）,情報通信・サービスその他,2026-10-07,400,True,2998.0,3025.0,2793.0,2841.0,2842.0,2916.0,2765.0,2853.0,2741.2,2500.72,2224.826666666667,2483.08,17.639999999999873,up,46.666666666666664,78.57142857142857,82.45614035087719,3025.0,3025.0,2190.0,3.640741281190718,13.607281103042324,-6.082644628099176,-6.082644628099176,False,False,860996900.0,544600.0,567300.0,0.9599858981138727,67000.0,8.128358208955223
3046,ジンズホールディングス,プライム（内国株式）,小売,2026-10-07,400,True,5650.0,5740.0,5630.0,5670.0,5600.0,5800.0,5580.0,5750.0,5648.0,5739.2,6575.066666666667,5753.2,-14.0,down,-59.58333333333334,-24.954212454212453,45.05494505494506,9580.0,6010.0,5520.0,0.38951841359773365,-1.2057429606913805,-40.814196242171185,-5.657237936772042,True,False,1348628600.0,194100.0,173800.0,1.1168009205983889,172900.0,1.1226142278773859
3048,ビックカメラ,プライム（内国株式）,小売,2026-10-07,400,True,1665.5,1666.0,1644.5,1648.0,1641.5,1666.0,1640.0,1665.5,1653.0,1715.7,1707.0866666666666,1721.14,-5.440000000000055,down,-83.74999999999999,-78.72405372405373,24.04092071611253,1886.0,1774.0,1626.5,-0.3024803387779773,-3.945911289852544,-12.61930010604454,-7.102593010146563,False,False,917612220.0,587900.0,571600.0,1.02851644506648,429700.0,1.368163835233884
3050,ＤＣＭホールディングス,プライム（内国株式）,小売,2026-10-07,400,True,1516.0,1527.0,1504.0,1518.0,1509.0,1522.0,1505.0,1516.0,1515.8,1576.68,1547.6133333333332,1579.52,-2.839999999999918,down,-85.00000000000001,-45.528083028083024,26.436781609195403,1746.0,1629.0,1497.0,0.14513788098693414,-3.7217444249943,-13.058419243986252,-6.813996316758752,False,False,606176560.0,429100.0,311500.0,1.3775280898876405,207900.0,2.063973063973064
3064,ＭｏｎｏｔａＲＯ,プライム（内国株式）,小売,2026-10-07,400,True,2140.5,2155.0,2109.5,2134.0,2095.0,2130.0,2091.5,2120.0,2072.4,1956.86,1912.7666666666667,1948.24,8.61999999999989,up,81.66666666666667,73.93162393162393,67.36196319018404,2537.5,2155.0,1860.5,2.972399150743099,9.05225718753513,-15.901477832512311,-0.9744779582366636,False,False,5035620330.0,2379000.0,1987900.0,1.1967402786860506,1832000.0,1.2985807860262009
3076,あい　ホールディングス,プライム（内国株式）,商社・卸売,2026-10-07,400,True,3015.0,3025.0,2986.0,2986.0,2986.0,3015.0,2984.0,3015.0,2993.0,2986.44,2864.36,2986.76,-0.3200000000001637,down,-2.083333333333326,15.796703296703296,48.79807692307692,3040.0,3040.0,2933.0,-0.23387905111927898,-0.014733261006416587,-1.7763157894736814,-1.7763157894736814,True,False,279255600.0,67200.0,92700.0,0.7249190938511327,93400.0,0.7194860813704497
3086,Ｊ．フロント　リテイリング,プライム（内国株式）,小売,2026-10-07,400,True,2671.5,2728.0,2649.0,2728.0,2609.5,2669.5,2604.5,2658.5,2637.1,2684.94,2936.5066666666667,2697.7,-12.759999999999764,down,-21.666666666666657,-51.037851037851034,63.870352716873214,3617.0,2768.0,2528.5,3.446968260589278,1.6037602330033485,-24.578379872822786,-1.4450867052023142,True,True,3222522110.0,1256400.0,930400.0,1.3503869303525367,2307000.0,0.5446033810143043
3087,ドトール・日レスホールディングス,プライム（内国株式）,小売,2026-10-07,400,True,3165.0,3185.0,3145.0,3145.0,3180.0,3190.0,3150.0,3170.0,3177.0,3264.2,3091.96,3274.8,-10.600000000000364,down,-67.08333333333334,-96.03174603174602,27.419354838709676,3455.0,3355.0,3135.0,-1.007239534151716,-3.651737025917523,-8.972503617945005,-6.259314456035769,False,False,311401500.0,92500.0,83300.0,1.1104441776710685,83800.0,1.10381861575179
3088,マツキヨココカラ＆カンパニー,プライム（内国株式）,小売,2026-10-07,400,True,2436.0,2460.5,2431.5,2439.0,2431.5,2435.0,2413.5,2428.0,2435.6,2515.84,2490.9533333333334,2523.28,-7.440000000000055,down,-43.333333333333336,-89.4993894993895,29.983525535420096,3130.0,2608.0,2382.5,0.13959599277386658,-3.054248282879679,-22.076677316293924,-6.480061349693256,False,False,3192748540.0,1658900.0,1457700.0,1.138025656856692,1776500.0,0.933802420489727
3091,ブロンコビリー,プライム（内国株式）,小売,2026-10-07,400,True,2787.0,2832.0,2782.0,2832.0,2822.0,2841.0,2786.0,2802.0,2840.8,2830.36,2600.6666666666665,2830.68,-0.31999999999970896,down,-5.000000000000004,0.5036630036630019,54.29553264604811,2931.0,2902.0,2736.0,-0.30977189524078463,0.057943159174089764,-3.377686796315249,-2.4121295658166786,True,True,194159360.0,52600.0,69500.0,0.7568345323741007,68400.0,0.7690058479532164
3092,ＺＯＺＯ,プライム（内国株式）,小売,2026-10-07,400,True,1110.0,1122.5,1107.0,1120.0,1090.0,1110.0,1090.0,1109.5,1101.1,1126.32,1140.7333333333333,1127.44,-1.1200000000001182,down,-6.666666666666665,-50.47313797313797,43.99038461538461,1439.5,1171.5,1060.5,1.7164653528289886,-0.5611193976844842,-22.19520666898228,-4.3960734101579195,False,False,2834552860.0,2534500.0,2388200.0,1.0612595260028472,2437500.0,1.0397948717948717
3093,トレジャー・ファクトリー,プライム（内国株式）,小売,2026-10-07,400,True,1957.0,1965.0,1948.0,1957.0,1994.0,1994.0,1960.0,1971.0,1963.0,1922.24,2056.24,1926.48,-4.240000000000009,down,32.91666666666667,16.849816849816847,60.62717770034843,2349.0,2004.0,1784.0,-0.30565461029037344,1.808306975195606,-16.687952320136223,-2.345309381237526,False,False,205340540.0,74300.0,100500.0,0.7393034825870647,220800.0,0.3365036231884058
3097,物語コーポレーション,プライム（内国株式）,小売,2026-10-07,400,True,5290.0,5430.0,5280.0,5400.0,5350.0,5390.0,5230.0,5320.0,5454.0,5511.2,5298.266666666666,5530.8,-19.600000000000364,down,41.25,-70.08547008547008,46.2962962962963,6010.0,5970.0,5190.0,-0.990099009900991,-2.017709391783995,-10.14975041597338,-9.547738693467334,False,False,1508371200.0,264200.0,631400.0,0.4184352233132721,112800.0,2.3421985815602837
3099,三越伊勢丹ホールディングス,プライム（内国株式）,小売,2026-10-07,400,True,1732.5,1756.5,1717.5,1747.0,1699.5,1733.0,1680.5,1721.0,1675.2,1637.78,1797.5666666666666,1638.6,-0.8199999999999363,down,30.000000000000004,0.73260073260073,75.17831669044223,2096.0,1756.5,1529.5,4.286055396370569,6.6687833530755025,-16.65076335877863,-0.5408482778252233,False,False,6572847540.0,3960600.0,4957600.0,0.7988946264321446,6361200.0,0.6226183738917186
3101,東洋紡,プライム（内国株式）,素材・化学,2026-10-07,400,True,1681.0,1692.0,1662.0,1665.0,1682.0,1695.0,1658.0,1684.0,1667.2,1653.28,1655.56,1652.32,0.9600000000000364,up,20.41666666666667,21.657509157509157,59.40959409594095,1945.0,1695.0,1581.0,-0.13195777351248106,0.7088938352850072,-14.395886889460153,-1.7699115044247815,False,False,592961160.0,394300.0,359000.0,1.0983286908077994,436900.0,0.9024948500801099
3104,富士紡ホールディングス,プライム（内国株式）,素材・化学,2026-10-07,400,True,3700.0,3750.0,3660.0,3715.0,3565.0,3715.0,3555.0,3700.0,3573.0,3358.8,3685.2,3346.2,12.600000000000364,up,99.16666666666667,18.849206349206348,95.6140350877193,4625.0,3750.0,3135.0,3.9742513294150683,10.604977968322004,-19.675675675675674,-0.9333333333333305,False,False,770888800.0,215400.0,305200.0,0.7057667103538663,76900.0,2.8010403120936282
3105,日清紡ホールディングス,プライム（内国株式）,電機・精密,2026-10-07,400,True,2776.5,2837.0,2764.5,2812.0,2776.0,2805.0,2721.0,2779.0,2746.7,2441.18,2342.653333333333,2414.98,26.199999999999818,up,98.33333333333333,86.81318681318682,97.58333333333333,2837.0,2837.0,2144.0,2.3773983325445114,15.190194905742317,-0.8812125484666922,-0.8812125484666922,False,False,2381362770.0,722400.0,849700.0,0.8501824173237613,799100.0,0.9040170191465399
3106,倉敷紡績,プライム（内国株式）,素材・化学,2026-10-07,400,True,2500.0,2502.0,2443.0,2465.0,2475.0,2525.0,2440.0,2500.0,2423.2,2273.32,2122.12,2261.52,11.800000000000182,up,66.66666666666667,70.8028083028083,78.58472998137802,2525.0,2525.0,2096.0,1.7249917464509767,8.431721007161318,-2.3762376237623783,-2.3762376237623783,False,False,589283140.0,245100.0,247200.0,0.991504854368932,119500.0,2.0510460251046023
3107,ダイワボウホールディングス,プライム（内国株式）,商社・卸売,2026-10-07,400,True,3630.0,3655.0,3619.0,3624.0,3670.0,3683.0,3601.0,3636.0,3654.0,3730.2,3600.84,3736.48,-6.2800000000002,down,-95.0,-59.44749694749696,34.24947145877378,3863.0,3850.0,3601.0,-0.8210180623973717,-2.847032330706123,-6.1869013719906825,-5.87012987012987,False,False,856718040.0,266700.0,264800.0,1.0071752265861027,322100.0,0.828003725551071
3109,シキボウ,プライム（内国株式）,素材・化学,2026-10-07,400,True,1013.0,1022.0,1013.0,1020.0,1010.0,1021.0,1010.0,1018.0,1020.4,1049.6,1046.0933333333332,1052.4,-2.800000000000182,down,-84.58333333333334,-72.49694749694751,37.5,1170.0,1072.0,1010.0,-0.03920031360250542,-2.820121951219501,-12.82051282051282,-4.850746268656714,False,False,51998560.0,30400.0,28100.0,1.0818505338078293,29800.0,1.0201342281879195
3110,日東紡績,プライム（内国株式）,建設・資材,2026-10-07,400,True,3640.0,3710.0,3550.0,3675.0,3340.0,3730.0,3305.0,3640.0,3476.0,3108.84,3264.1866666666665,3083.24,25.600000000000364,up,96.66666666666667,39.072039072039075,84.04958677685951,6580.0,3730.0,2689.0,5.724971231300335,18.211294244798705,-44.14893617021277,-1.4745308310991967,False,False,20586726200.0,5745100.0,9951100.0,0.5773331591482349,3257400.0,1.7637072511819243
3116,トヨタ紡織,プライム（内国株式）,自動車・輸送機,2026-10-07,400,True,2172.5,2178.0,2162.5,2168.0,2169.0,2172.0,2150.5,2172.0,2163.2,2230.44,2224.48,2233.66,-3.2199999999998,down,-60.00000000000001,-75.15262515262515,39.5864106351551,3288.0,2322.5,2131.0,0.22189349112426981,-2.799447642617603,-34.06326034063261,-6.652314316469321,False,False,958970920.0,306400.0,374900.0,0.8172846092291277,464100.0,0.6602025425554837
3132,マクニカホールディングス,プライム（内国株式）,商社・卸売,2026-10-07,400,True,4421.0,4488.0,4357.0,4420.0,4320.0,4372.0,4268.0,4351.0,4289.6,3932.56,3555.44,3898.84,33.7199999999998,up,46.666666666666664,89.01098901098901,85.1063829787234,4488.0,4488.0,3431.0,3.0399104811637434,12.394979351872571,-1.5151515151515138,-1.5151515151515138,False,False,5149877360.0,1505100.0,1167900.0,1.2887233496018495,591200.0,2.5458389715832204
3139,ラクト・ジャパン,プライム（内国株式）,商社・卸売,2026-10-07,400,True,3400.0,3415.0,3395.0,3395.0,3395.0,3430.0,3395.0,3415.0,3413.0,3430.0,3395.8,3432.6,-2.599999999999909,down,-80.41666666666667,-23.168498168498175,43.859649122807014,4275.0,3495.0,3350.0,-0.5273952534427195,-1.0204081632653073,-20.58479532163743,-2.8612303290414864,False,False,70983500.0,11900.0,19200.0,0.6197916666666666,19000.0,0.6263157894736842
3148,クリエイトＳＤホールディングス,プライム（内国株式）,小売,2026-10-07,400,True,3125.0,3135.0,3070.0,3090.0,3195.0,3210.0,3085.0,3090.0,3180.0,3312.8,3323.0666666666666,3325.6,-12.799999999999727,down,-95.83333333333333,-92.65873015873017,12.32876712328767,3555.0,3430.0,3070.0,-2.8301886792452824,-6.725428640425024,-13.080168776371304,-9.912536443148689,False,False,546653600.0,210300.0,345100.0,0.6093885830194147,55600.0,3.7823741007194243
3150,グリムス,プライム（内国株式）,電力・ガス,2026-10-07,400,True,2371.0,2383.0,2371.0,2376.0,2377.0,2394.0,2371.0,2383.0,2370.8,2412.2,2479.6666666666665,2416.68,-4.480000000000018,down,-61.66666666666667,-75.54945054945054,37.096774193548384,3040.0,2475.0,2342.0,0.21933524548674033,-1.500704750849835,-21.842105263157897,-4.0000000000000036,False,False,117141920.0,23200.0,46200.0,0.5021645021645021,47000.0,0.49361702127659574
3151,バイタルケーエスケー・ホールディングス,プライム（内国株式）,商社・卸売,2026-10-07,400,True,1530.0,1530.0,1520.0,1524.0,1524.0,1540.0,1523.0,1540.0,1535.8,1597.2,1599.5466666666666,1603.16,-5.960000000000036,down,-86.25,-79.7008547008547,32.365145228215766,1727.0,1650.0,1509.0,-0.7683292095324923,-4.583020285499629,-11.754487550665893,-7.636363636363641,False,False,119818120.0,51600.0,62700.0,0.8229665071770335,89000.0,0.5797752808988764
3153,八洲電機,プライム（内国株式）,商社・卸売,2026-10-07,400,True,3120.0,3170.0,3105.0,3130.0,3185.0,3200.0,3105.0,3130.0,3132.0,3096.04,2947.6133333333332,3094.44,1.599999999999909,up,-14.999999999999991,48.321123321123316,60.277427490542244,3655.0,3300.0,2929.0,-0.06385696040868138,1.0968850531646979,-14.363885088919293,-5.151515151515151,False,False,195061900.0,35500.0,69200.0,0.5130057803468208,79800.0,0.4448621553884712
3154,メディアスホールディングス,プライム（内国株式）,商社・卸売,2026-10-07,400,True,791.0,800.0,779.0,783.0,808.0,808.0,788.0,799.0,787.0,786.16,796.28,786.84,-0.6800000000000637,down,-26.66666666666666,-34.493284493284506,56.92307692307692,884.0,808.0,759.0,-0.5082592121982255,-0.4019538007530188,-11.425339366515841,-3.094059405940597,True,False,23123120.0,17900.0,55500.0,0.3225225225225225,20500.0,0.8731707317073171
3156,レスター,プライム（内国株式）,商社・卸売,2026-10-07,400,True,6350.0,6370.0,6210.0,6310.0,6240.0,6470.0,6200.0,6410.0,6250.0,5705.6,4767.533333333334,5659.2,46.400000000000546,up,43.333333333333336,78.02197802197803,79.1044776119403,6470.0,6470.0,4975.0,0.9600000000000053,10.593101514301729,-2.472952086553326,-2.472952086553326,False,False,469865400.0,85100.0,77900.0,1.092426187419769,90200.0,0.9434589800443459
3167,ＴＯＫＡＩホールディングス,プライム（内国株式）,商社・卸売,2026-10-07,400,True,1331.0,1344.0,1328.0,1330.0,1330.0,1343.0,1325.0,1331.0,1332.4,1342.36,1232.92,1340.96,1.3999999999998636,up,-43.333333333333336,42.44505494505495,42.487046632124354,1417.0,1417.0,1309.0,-0.18012608826178944,-0.9207664113948466,-6.1397318278052175,-6.1397318278052175,True,False,509876900.0,408800.0,323200.0,1.2648514851485149,278800.0,1.466284074605452
3176,三洋貿易,プライム（内国株式）,商社・卸売,2026-10-07,400,True,1187.0,1205.0,1175.0,1189.0,1196.0,1209.0,1182.0,1194.0,1186.2,1164.52,999.6,1164.68,-0.16000000000008185,down,76.66666666666666,19.307081807081804,59.227467811158796,1227.0,1209.0,1107.0,0.23604788399931298,2.102153677051488,-3.096984515077428,-1.6542597187758523,False,False,320659080.0,273400.0,245500.0,1.1136456211812626,463300.0,0.5901143967191884
3179,シュッピン,プライム（内国株式）,小売,2026-10-07,400,True,1235.0,1240.0,1180.0,1181.0,1260.0,1310.0,1250.0,1250.0,1248.4,1228.4,1202.8,1230.0,-1.599999999999909,down,-85.41666666666667,53.4035409035409,50.160771704180064,1415.0,1353.0,1121.0,-5.398910605575146,-3.8586779550635053,-16.537102473498233,-12.712490761271244,True,False,285098540.0,164300.0,212800.0,0.7720864661654135,74000.0,2.2202702702702704
3180,ビューティガレージ,プライム（内国株式）,商社・卸売,2026-10-07,400,True,1664.0,1678.0,1664.0,1669.0,1650.0,1674.0,1650.0,1674.0,1658.2,1623.8,1514.2,1619.44,4.3599999999999,up,86.25,53.6019536019536,73.09236947791165,1700.0,1700.0,1511.0,0.6513086479314811,2.7835940386747193,-1.8235294117647016,-1.8235294117647016,False,False,54031840.0,15800.0,19300.0,0.8186528497409327,51500.0,0.3067961165048544
3182,オイシックス,プライム（内国株式）,小売,2026-10-07,400,True,1603.0,1622.0,1601.0,1606.0,1601.0,1618.0,1593.0,1615.0,1620.2,1630.72,1608.64,1635.08,-4.3599999999999,down,-63.74999999999999,-50.67155067155067,48.76847290640394,1831.0,1666.0,1527.0,-0.8764350080237016,-1.5158948194662458,-12.28836701256144,-3.601440576230497,False,False,151822980.0,100600.0,90300.0,1.1140642303433002,52200.0,1.9272030651340997
3183,ウイン・パートナーズ,プライム（内国株式）,商社・卸売,2026-10-07,400,True,1240.0,1242.0,1229.0,1229.0,1233.0,1249.0,1233.0,1245.0,1239.6,1257.72,1271.8266666666666,1259.28,-1.5599999999999454,down,-80.41666666666667,-39.270451770451764,34.48275862068966,1527.0,1283.0,1228.0,-0.8551145530816373,-2.2834971217759126,-19.515389652914205,-4.208885424785658,False,False,31832800.0,24900.0,24000.0,1.0375,15300.0,1.6274509803921569
3186,ネクステージ,プライム（内国株式）,小売,2026-10-07,400,True,2652.0,2702.0,2602.0,2632.0,2556.0,2740.0,2550.0,2699.0,2756.2,2965.36,3404.1866666666665,2992.88,-27.519999999999982,down,-63.33333333333333,-96.0164835164835,24.179620034542314,4325.0,3285.0,2550.0,-4.506204194180386,-11.241805379448033,-39.14450867052023,-19.878234398782347,False,False,4534214420.0,1998700.0,3335100.0,0.5992923750412281,669400.0,2.985808186435614
3191,ジョイフル本田,プライム（内国株式）,小売,2026-10-07,400,True,2220.0,2221.0,2203.0,2207.0,2238.0,2247.0,2218.0,2219.0,2229.0,2248.32,2269.28,2250.76,-2.4400000000000546,down,-98.33333333333334,4.792429792429798,30.64516129032258,2545.0,2317.0,2203.0,-0.9869896814715173,-1.8378166808995178,-13.280943025540271,-4.74751834268451,False,False,351482140.0,97200.0,187700.0,0.5178476291955247,116700.0,0.8329048843187661
3193,エターナルホスピタリティグループ,プライム（内国株式）,小売,2026-10-07,400,True,1273.0,1303.0,1271.0,1299.0,1290.0,1293.0,1278.0,1280.0,1289.2,1344.96,1394.9133333333334,1350.4,-5.440000000000055,down,-41.25000000000001,-89.22466422466422,50.0,1930.0,1460.0,1260.0,0.7601613403661167,-3.41720199857245,-32.69430051813471,-11.027397260273975,False,False,129603620.0,81500.0,83500.0,0.9760479041916168,179200.0,0.45479910714285715
3196,ホットランドホールディングス,プライム（内国株式）,小売,2026-10-07,400,True,1606.0,1614.0,1595.0,1611.0,1622.0,1628.0,1608.0,1612.0,1634.2,1642.76,1622.5333333333333,1643.44,-0.6800000000000637,down,-63.33333333333333,23.168498168498164,39.8876404494382,2143.0,1680.0,1595.0,-1.4196548770040396,-1.9333317100489467,-24.82501166588894,-4.107142857142854,False,False,145478840.0,101100.0,81500.0,1.2404907975460122,58400.0,1.731164383561644
3197,すかいらーくホールディングス,プライム（内国株式）,小売,2026-10-07,400,True,3185.0,3226.0,3185.0,3206.0,3199.0,3220.0,3175.0,3200.0,3188.4,3271.08,3124.1866666666665,3278.44,-7.360000000000127,down,67.91666666666667,-85.16483516483517,32.42424242424242,3764.0,3434.0,3084.0,0.5520010036381917,-1.9895569658950563,-14.824654622741761,-6.6394874781595785,False,False,2501558380.0,844500.0,653300.0,1.2926679932649625,1050800.0,0.8036733917015607
3199,綿半ホールディングス,プライム（内国株式）,小売,2026-10-07,400,True,1258.0,1260.0,1241.0,1241.0,1255.0,1268.0,1255.0,1265.0,1263.0,1303.8,1326.32,1307.96,-4.160000000000082,down,-94.58333333333333,-93.60500610500611,15.74074074074074,1616.0,1328.0,1241.0,-1.7418844022169422,-4.816689676330721,-23.205445544554458,-6.551204819277112,False,False,62640960.0,69600.0,32600.0,2.1349693251533743,32900.0,2.115501519756839
3201,日本毛織,プライム（内国株式）,素材・化学,2026-10-07,400,True,1920.0,1939.0,1920.0,1921.0,1919.0,1949.0,1903.0,1939.0,1922.8,1970.76,1899.9866666666667,1972.8,-2.0399999999999636,down,-79.16666666666667,-34.53907203907205,37.31884057971014,2113.0,2026.0,1884.0,-0.09361348034117034,-2.5249142462806184,-9.086606720302893,-5.182625863770973,False,False,123394500.0,43900.0,55500.0,0.790990990990991,82400.0,0.5327669902912622
3221,ヨシックスホールディングス,プライム（内国株式）,小売,2026-10-07,400,True,2841.0,2891.0,2836.0,2883.0,2861.0,2881.0,2843.0,2863.0,2914.2,3145.84,3208.4133333333334,3164.52,-18.679999999999836,down,-93.33333333333333,-92.52136752136752,15.560165975103734,3650.0,3285.0,2836.0,-1.0706197241095228,-8.355161101645347,-21.01369863013699,-12.23744292237443,False,False,151949120.0,54800.0,63800.0,0.8589341692789969,29200.0,1.8767123287671232
3231,野村不動産ホールディングス,プライム（内国株式）,不動産,2026-10-07,400,True,846.4000244140625,853.4000244140625,846.0,846.9000244140625,846.9000244140625,849.0,842.0,846.0,852.7200073242187,901.5199975585938,922.1986661783855,905.0919970703125,-3.5719995117186727,down,-88.33333333333333,-91.63614163614164,24.233585552577555,1166.0,931.2999877929688,842.0,-0.6825198025338874,-6.0586535287567305,-27.367064801538376,-9.0625968522689,False,False,4587147334.273682,3677800.0,3787700.0,0.9709850304934393,3616300.0,1.0170063324392336
3232,三重交通グループホールディングス,プライム（内国株式）,不動産,2026-10-07,400,True,554.0,560.0,552.0,555.0,553.0,562.0,552.0,559.0,555.6,590.12,563.7466666666667,592.84,-2.7200000000000273,down,-81.66666666666667,-75.96153846153845,28.28282828282828,633.0,610.0,545.0,-0.1079913606911509,-5.951331932488313,-12.322274881516593,-9.016393442622949,False,False,95162640.0,133100.0,184600.0,0.7210184182015168,250500.0,0.5313373253493014
3245,ディア・ライフ,プライム（内国株式）,不動産,2026-10-07,400,True,937.0,945.0,934.0,940.0,940.0,947.0,937.0,939.0,946.8,1052.92,1071.8266666666666,1062.0,-9.079999999999927,down,-85.00000000000001,-91.97191697191698,18.025751072961373,1320.0,1127.0,929.0,-0.7182087029995676,-10.724461497549676,-28.787878787878785,-16.592724046140194,False,False,428048420.0,334600.0,315500.0,1.06053882725832,284400.0,1.1765119549929677
3252,地主,プライム（内国株式）,不動産,2026-10-07,400,True,2679.0,2717.0,2676.0,2681.0,2683.0,2699.0,2674.0,2686.0,2695.0,2802.52,2878.9866666666667,2814.88,-12.360000000000127,down,-80.0,-92.00244200244201,35.01400560224089,3680.0,2924.0,2657.0,-0.5194805194805197,-4.336097512238979,-27.14673913043478,-8.310533515731876,False,False,504357380.0,157600.0,97700.0,1.6131013306038895,160800.0,0.9800995024875622
3276,ＪＰＭＣ,プライム（内国株式）,不動産,2026-10-07,400,True,2246.0,2269.0,2246.0,2262.0,2244.0,2247.0,2243.0,2245.0,2252.8,2258.0,1949.2,2257.48,0.5199999999999818,up,-54.58333333333334,22.390109890109887,66.0,2347.0,2276.0,2225.0,0.40838068181816567,0.1771479185119551,-3.6216446527481905,-0.6151142355008798,True,True,116892580.0,40900.0,11900.0,3.436974789915966,159200.0,0.25690954773869346
3284,フージャースホールディングス,プライム（内国株式）,不動産,2026-10-07,400,True,1200.0,1210.0,1196.0,1201.0,1199.0,1210.0,1193.0,1204.0,1204.2,1268.64,1249.5466666666666,1273.96,-5.319999999999936,down,-89.99999999999999,-77.22832722832722,28.57142857142857,1410.0,1310.0,1187.0,-0.2657365886065466,-5.331693782318081,-14.822695035460997,-8.3206106870229,False,False,245443680.0,149400.0,151600.0,0.9854881266490765,211100.0,0.7077214590241592
3288,オープンハウスグループ,プライム（内国株式）,不動産,2026-10-07,400,True,7392.0,7463.0,7385.0,7421.0,7344.0,7425.0,7330.0,7393.0,7390.2,7591.08,8120.76,7612.44,-21.359999999999673,down,-58.33333333333333,-77.04517704517704,38.54895104895105,11790.0,7808.0,7282.0,0.41676815241806775,-2.2405244049595097,-37.0568278201866,-4.956454918032782,False,False,2110959500.0,267000.0,186100.0,1.4347125201504567,568900.0,0.46932677096150466
3289,東急不動産ホールディングス,プライム（内国株式）,不動産,2026-10-07,400,True,1186.0,1200.5,1186.0,1189.0,1189.0,1193.0,1179.0,1187.0,1199.6,1273.5,1304.2266666666667,1279.16,-5.660000000000082,down,-93.33333333333333,-95.61965811965811,22.043010752688172,1598.0,1323.5,1179.0,-0.883627875958648,-6.635257165292496,-25.59449311639549,-10.162448054401207,False,False,3593457530.0,4364000.0,2282600.0,1.9118549023043898,2457400.0,1.7758606657442826
3291,飯田グループホールディングス,プライム（内国株式）,不動産,2026-10-07,400,True,2127.0,2150.0,2125.0,2130.5,2105.0,2127.5,2103.5,2119.0,2127.3,2241.06,2247.9,2249.9,-8.840000000000146,down,-80.0,-88.09523809523809,31.63841807909605,2794.0,2305.0,2097.5,0.15042542189629415,-4.933379739944488,-23.74731567644953,-7.570498915401302,False,False,1156715350.0,395400.0,695600.0,0.5684301322599195,535300.0,0.7386512236129273
3302,帝国繊維,プライム（内国株式）,素材・化学,2026-10-07,400,True,2943.0,2988.0,2932.0,2936.0,2954.0,3005.0,2954.0,2970.0,2960.4,3059.28,3260.76,3076.84,-17.559999999999945,down,-91.66666666666667,-48.74847374847376,37.0,3775.0,3200.0,2930.0,-0.8242129441967339,-4.0297063361313885,-22.225165562913908,-8.250000000000002,False,False,176770180.0,45600.0,60900.0,0.7487684729064039,48400.0,0.9421487603305785
3315,日本コークス工業,プライム（内国株式）,エネルギー資源,2026-10-07,400,True,94.0,95.0,93.0,94.0,94.0,95.0,93.0,94.0,94.0,98.72,97.61333333333333,99.12,-0.4000000000000057,down,-79.58333333333334,-86.47741147741148,38.095238095238095,153.0,104.0,91.0,0.0,-4.7811993517017815,-38.56209150326797,-9.615384615384615,False,False,944103680.0,7885700.0,14010500.0,0.5628421540987116,4595600.0,1.7159239272347462
3333,あさひ,プライム（内国株式）,小売,2026-10-07,400,True,1235.0,1242.0,1230.0,1236.0,1241.0,1251.0,1235.0,1235.0,1251.8,1288.48,1315.44,1292.2,-3.7200000000000273,down,-91.66666666666667,-75.16788766788767,22.55639097744361,1457.0,1324.0,1230.0,-1.2621824572615403,-4.073016267229601,-15.168153740562795,-6.646525679758309,False,False,192530040.0,117200.0,131100.0,0.8939740655987796,123900.0,0.9459241323648103
3349,コスモス薬品,プライム（内国株式）,小売,2026-10-07,400,True,6343.0,6407.0,6307.0,6327.0,6303.0,6339.0,6258.0,6314.0,6275.6,6461.28,6405.68,6469.16,-7.880000000000109,down,56.666666666666664,-67.27716727716728,33.45227475468332,8815.0,6847.0,6040.0,0.8190451908980823,-2.0782259861823027,-28.224617129892227,-7.594566963633708,False,False,2262387640.0,258100.0,362900.0,0.7112152108018738,839300.0,0.307518169903491
3360,シップヘルスケアホールディングス,プライム（内国株式）,商社・卸売,2026-10-07,400,True,2469.0,2473.0,2445.5,2454.0,2465.0,2471.0,2451.0,2468.5,2453.7,2430.22,2361.0733333333333,2426.66,3.5599999999999454,up,21.666666666666668,78.44932844932845,49.8046875,2839.0,2500.0,2348.5,0.01222643354934494,0.9785122334603491,-13.561113067981678,-1.8399999999999972,False,False,489977830.0,163300.0,163200.0,1.0006127450980393,273200.0,0.5977306002928258
3371,ソフトクリエイトホールディングス,プライム（内国株式）,情報通信・サービスその他,2026-10-07,400,True,2157.0,2176.0,2149.0,2153.0,2127.0,2199.0,2127.0,2170.0,2162.0,2135.72,2007.3866666666668,2136.72,-1.0,down,-72.08333333333334,31.074481074481074,57.58928571428571,2423.0,2228.0,1998.0,-0.4162812210915856,0.8090948251643582,-11.143210895583987,-3.366247755834828,False,False,75401780.0,25800.0,39300.0,0.6564885496183206,43400.0,0.5944700460829493
3382,セブン＆アイ・ホールディングス,プライム（内国株式）,小売,2026-10-07,400,True,1975.0,1988.5,1967.5,1967.5,1983.5,1987.5,1967.0,1974.5,1979.9,2017.92,2027.76,2019.28,-1.3599999999999,down,-78.33333333333334,-68.60500610500611,31.382978723404253,2417.0,2071.0,1962.0,-0.6262942572857311,-2.498612432603875,-18.597434836574266,-4.997585707387731,False,False,14071987310.0,7360300.0,7151600.0,1.0291822808881927,10377300.0,0.709269270426797
3387,クリエイト・レストランツ・ホールディングス,プライム（内国株式）,小売,2026-10-07,400,True,777.0,787.0,776.0,779.0,775.0,780.0,770.0,777.0,777.4,768.16,760.4133333333333,767.0,1.1599999999999682,up,82.91666666666666,32.43284493284493,53.086419753086425,819.0,789.0,749.0,0.20581425263699327,1.4111643407623387,-4.884004884004889,-1.2674271229404344,False,False,639387880.0,753700.0,717100.0,1.0510389067075723,1356200.0,0.5557439905618641
3388,明治電機工業,プライム（内国株式）,商社・卸売,2026-10-07,400,True,2116.0,2133.0,2109.0,2123.0,2109.0,2138.0,2109.0,2134.0,2117.2,2112.68,2133.4666666666667,2112.96,-0.2800000000002001,down,-31.666666666666664,-6.639194139194138,59.01639344262295,2516.0,2159.0,2030.0,0.27394672208578275,0.48847908817237773,-15.620031796502387,-1.6674386289949106,True,True,48041360.0,20100.0,23200.0,0.8663793103448276,21100.0,0.95260663507109
3391,ツルハホールディングス,プライム（内国株式）,小売,2026-10-07,400,True,2144.5,2168.5,2085.0,2085.0,2124.5,2139.0,2103.0,2124.5,2099.0,2210.96,2271.4666666666667,2221.3,-10.340000000000146,down,-53.33333333333334,-90.1098901098901,23.180592991913745,2993.0,2380.0,2046.0,-0.6669842782277224,-5.69707276477186,-30.3374540594721,-12.394957983193278,False,False,4183672230.0,2465000.0,1715700.0,1.4367313632919507,1451600.0,1.6981262055662718
3393,スターティアホールディングス,プライム（内国株式）,商社・卸売,2026-10-07,400,True,3110.0,3115.0,3090.0,3095.0,3070.0,3105.0,3070.0,3100.0,3098.0,3098.12,3058.68,3094.32,3.799999999999727,up,-81.66666666666667,67.00244200244201,52.63157894736842,3295.0,3295.0,2973.0,-0.09683666881858954,-0.10070623474881524,-6.069802731411233,-6.069802731411233,True,False,78575100.0,12900.0,24000.0,0.5375,43000.0,0.3
3395,サンマルクホールディングス,プライム（内国株式）,小売,2026-10-07,400,True,2430.0,2453.0,2422.0,2445.0,2420.0,2434.0,2407.0,2430.0,2437.8,2469.96,2492.4933333333333,2472.88,-2.9200000000000728,down,-80.0,-35.729548229548236,43.93939393939394,3195.0,2593.0,2405.0,0.29534826482893184,-1.0105426808531326,-23.474178403755865,-5.707674508291549,False,False,187393480.0,67900.0,70500.0,0.9631205673758865,75200.0,0.9029255319148937
3397,トリドールホールディングス,プライム（内国株式）,小売,2026-10-07,400,True,4137.0,4212.0,4128.0,4187.0,4153.0,4168.0,4095.0,4117.0,4159.6,4267.32,4145.84,4274.64,-7.3200000000006185,down,-39.99999999999999,-60.31746031746032,39.14209115281501,5070.0,4451.0,4065.0,0.6587171843446482,-1.8822117863202092,-17.416173570019723,-5.931251404178839,False,False,1384708340.0,346900.0,347200.0,0.9991359447004609,274800.0,1.262372634643377
3401,帝人,プライム（内国株式）,素材・化学,2026-10-07,400,True,1677.5,1681.0,1643.0,1646.5,1648.0,1666.0,1628.0,1659.5,1647.9,1692.42,1692.0,1695.6,-3.1799999999998363,down,-73.33333333333334,-59.096459096459085,47.151898734177216,1825.0,1744.0,1606.0,-0.08495661144487521,-2.7132744826934285,-9.780821917808225,-5.590596330275233,False,False,931489580.0,476200.0,503900.0,0.9450287755507045,666300.0,0.714693081194657
3402,東レ,プライム（内国株式）,素材・化学,2026-10-07,400,True,1260.0,1268.0,1251.5,1252.0,1253.0,1261.0,1236.0,1254.0,1240.9,1250.4,1221.6933333333334,1251.86,-1.459999999999809,down,-1.6666666666666607,-39.92673992673992,55.313351498637594,1395.0,1280.5,1202.0,0.8945120477072965,0.1279590531030106,-10.250896057347669,-2.2256930886372484,False,False,5339527550.0,3354900.0,3924800.0,0.8547951487973909,4384300.0,0.7652076728326073
3405,クラレ,プライム（内国株式）,素材・化学,2026-10-07,400,True,1823.0,1835.5,1808.5,1822.5,1794.5,1824.0,1777.0,1818.0,1799.0,1808.02,1794.4866666666667,1809.38,-1.3600000000001273,down,28.333333333333332,-40.842490842490854,57.3055028462998,2088.0,1847.5,1741.0,1.306281267370757,0.8008760965033668,-12.715517241379315,-1.3531799729364025,False,False,2214957200.0,1150100.0,1335000.0,0.861498127340824,1381700.0,0.8323804009553448
3407,旭化成,プライム（内国株式）,素材・化学,2026-10-07,400,True,1672.0,1681.0,1654.5,1664.0,1659.0,1674.0,1635.0,1674.0,1652.8,1618.82,1715.48,1616.88,1.9399999999998272,up,61.66666666666667,15.567765567765568,69.7463768115942,1906.0,1681.0,1518.0,0.6776379477250849,2.7909217825329513,-12.69674711437565,-1.0113027959547938,False,False,6364344290.0,5076900.0,2879900.0,1.7628737108927393,5267900.0,0.9637426678562615
3415,ＴＯＫＹＯ　ＢＡＳＥ,プライム（内国株式）,小売,2026-10-07,400,True,338.0,347.0,337.0,346.0,340.0,343.0,331.0,336.0,345.4,352.76,371.74666666666667,353.76,-1.0,down,-62.083333333333336,-61.675824175824175,50.0,500.0,367.0,331.0,0.17371163867980766,-1.9163170427486054,-30.800000000000004,-5.722070844686645,False,False,145934080.0,327500.0,428000.0,0.7651869158878505,229200.0,1.4288830715532286
3431,宮地エンジニアリンググループ,プライム（内国株式）,建設・資材,2026-10-07,400,True,1457.0,1464.0,1437.0,1437.0,1467.0,1471.0,1457.0,1463.0,1472.4,1546.2,1562.88,1553.56,-7.3599999999999,down,-96.66666666666666,-94.13919413919413,18.048780487804876,2112.0,1590.0,1437.0,-2.4042379788101087,-7.062475746992625,-31.96022727272727,-9.62264150943396,False,False,178073960.0,117900.0,77700.0,1.5173745173745175,85100.0,1.3854289071680377
3433,トーカロ,プライム（内国株式）,建設・資材,2026-10-07,400,True,3105.0,3150.0,3080.0,3135.0,3120.0,3145.0,3060.0,3140.0,3066.4,2851.76,2966.653333333333,2836.56,15.200000000000273,up,83.33333333333334,87.97313797313797,86.23481781376519,3460.0,3150.0,2651.0,2.2371510566136177,9.932112099194867,-9.393063583815032,-0.4761904761904745,False,False,775164460.0,198300.0,234600.0,0.8452685421994884,150500.0,1.3176079734219268
3436,ＳＵＭＣＯ,プライム（内国株式）,建設・資材,2026-10-07,400,True,3714.0,3784.0,3632.0,3684.0,3645.0,3738.0,3605.0,3724.0,3623.0,3204.66,3702.2733333333335,3194.66,10.0,up,93.33333333333333,12.91208791208791,81.22137404580153,5939.0,3784.0,2754.0,1.6836875517526995,14.957593005186197,-37.96935511028793,-2.6427061310782207,False,False,37553956080.0,9395800.0,7913400.0,1.18732782369146,10189800.0,0.9220789416867848
3443,川田テクノロジーズ,プライム（内国株式）,建設・資材,2026-10-07,400,True,1357.0,1365.0,1337.0,1337.0,1379.0,1380.0,1357.0,1360.0,1360.4,1378.56,1346.64,1381.44,-2.880000000000109,down,-71.24999999999999,-22.405372405372415,37.03703703703704,1846.6666259765625,1445.0,1337.0,-1.7200823287268463,-3.0147400185700945,-27.599276383036287,-7.474048442906578,False,False,252767420.0,154700.0,165700.0,0.9336149668074833,209600.0,0.7380725190839694
3445,ＲＳ　Ｔｅｃｈｎｏｌｏｇｉｅｓ,プライム（内国株式）,建設・資材,2026-10-07,400,True,6620.0,6620.0,6380.0,6490.0,6660.0,6660.0,6540.0,6620.0,6474.0,5860.0,6474.8,5825.2,34.80000000000018,up,90.0,68.4065934065934,84.18079096045197,8650.0,6660.0,4965.0,0.24714241581711427,10.750853242320812,-24.971098265895954,-2.552552552552556,False,False,956187600.0,143500.0,93800.0,1.5298507462686568,107400.0,1.3361266294227188
3457,Ａｎｄ　Ｄｏホールディングス,プライム（内国株式）,不動産,2026-10-07,400,True,820.0,826.0,810.0,810.0,822.0,826.0,814.0,820.0,831.8,902.64,935.3866666666667,907.8,-5.159999999999968,down,-100.0,-92.7960927960928,7.575757575757576,1142.0,938.0,810.0,-2.620822313056015,-10.263227864929537,-29.071803852889666,-13.646055437100213,False,False,314156460.0,170400.0,359200.0,0.47438752783964366,68500.0,2.487591240875912
3465,ケイアイスター不動産,プライム（内国株式）,不動産,2026-10-07,400,True,3115.0,3165.0,3110.0,3120.0,3095.0,3140.0,3085.0,3130.0,3118.0,3249.2,3554.0666666666666,3273.6,-24.40000000000009,down,-77.08333333333333,-82.03601953601954,35.714285714285715,4185.0,3355.0,3055.0,0.06414368184732844,-3.9763634125323133,-25.448028673835122,-7.0044709388971675,False,False,403345700.0,134500.0,92300.0,1.457204767063922,210500.0,0.6389548693586699
3475,グッドコムアセット,プライム（内国株式）,不動産,2026-10-07,400,True,1469.0,1473.0,1464.0,1464.0,1461.0,1479.0,1461.0,1469.0,1471.4,1479.48,1495.9866666666667,1483.04,-3.5599999999999454,down,-88.33333333333333,-46.33699633699633,60.26785714285714,1848.0,1520.0,1405.0,-0.5029223868424637,-1.0463135696325732,-20.779220779220775,-3.68421052631579,False,False,183947300.0,110600.0,130500.0,0.8475095785440613,83100.0,1.3309265944645006
3482,ロードスターキャピタル,プライム（内国株式）,不動産,2026-10-07,400,True,2445.0,2462.0,2423.0,2449.0,2460.0,2469.0,2447.0,2449.0,2471.2,2538.8,2638.866666666667,2546.6,-7.799999999999727,down,-88.75,-46.91697191697193,33.33333333333333,3805.0,2609.0,2423.0,-0.8983489802525058,-3.5371041436899398,-35.63731931668856,-6.132617861249523,False,False,248265900.0,82400.0,62100.0,1.326892109500805,78500.0,1.0496815286624204
3486,グローバル・リンク・マネジメント,プライム（内国株式）,不動産,2026-10-07,400,True,1890.0,1905.0,1881.0,1885.0,1876.0,1920.0,1872.0,1896.0,1908.8,1970.2,1924.4933333333333,1973.84,-3.6399999999998727,down,-80.0,0.09157509157509125,30.23255813953488,3030.0,2060.0,1845.0,-1.2468566638725864,-4.324434067607353,-37.788778877887786,-8.495145631067958,False,False,295590220.0,53900.0,100700.0,0.535253227408143,43400.0,1.2419354838709677
3496,アズーム,プライム（内国株式）,不動産,2026-10-07,400,True,4525.0,4585.0,4510.0,4585.0,4570.0,4600.0,4530.0,4585.0,4642.0,4759.4,4599.2,4775.8,-16.400000000000546,down,-93.75,-52.94566544566543,34.55882352941176,6230.0,4960.0,4510.0,-1.2279190004308438,-3.6643274362314515,-26.40449438202247,-7.560483870967738,False,False,275700400.0,60200.0,59200.0,1.0168918918918919,48400.0,1.243801652892562
3498,霞ヶ関キャピタル,プライム（内国株式）,不動産,2026-10-07,400,True,7380.0,7900.0,7370.0,7780.0,7560.0,7590.0,7050.0,7080.0,7460.0,7406.0,7295.333333333333,7410.8,-4.800000000000182,down,-21.249999999999993,1.5109890109890056,61.693548387096776,10880.0,7900.0,7050.0,4.289544235924936,5.049959492303535,-28.49264705882353,-1.518987341772149,True,True,6256709200.0,1953400.0,1236400.0,1.5799094144289874,257700.0,7.580131936360108
3501,ＳＵＭＩＮＯＥ,プライム（内国株式）,素材・化学,2026-10-07,400,True,1162.0,1171.0,1162.0,1166.0,1158.0,1172.0,1157.0,1163.0,1162.8,1175.36,1145.1733333333334,1176.44,-1.0800000000001546,down,-81.66666666666667,-31.73076923076923,47.61904761904761,1447.0,1209.0,1143.0,0.2751977984176257,-0.7963517560577116,-19.419488597097445,-3.556658395368073,False,False,14164280.0,8000.0,11100.0,0.7207207207207207,17900.0,0.44692737430167595
3539,ＪＭホールディングス,プライム（内国株式）,小売,2026-10-07,400,True,1438.0,1446.0,1434.0,1441.0,1440.0,1455.0,1438.0,1444.0,1452.2,1425.24,1368.0666666666666,1426.96,-1.7200000000000273,down,-45.41666666666666,-1.907814407814401,47.97687861271676,1827.0,1479.0,1303.0,-0.771243630353946,1.1057786758721377,-21.127531472359063,-2.569303583502369,False,False,159825220.0,91300.0,108200.0,0.8438077634011091,326200.0,0.279889638258737
3543,コメダホールディングス,プライム（内国株式）,商社・卸売,2026-10-07,400,True,2795.0,2807.0,2791.0,2802.0,2800.0,2809.0,2791.0,2797.0,2803.2,2860.92,2855.133333333333,2866.6,-5.679999999999836,down,-76.66666666666666,-88.81257631257631,27.52808988764045,3230.0,2917.0,2781.0,-0.042808219178080975,-2.059477370915652,-13.250773993808052,-3.942406582104907,False,False,438776660.0,139400.0,106400.0,1.3101503759398496,180600.0,0.7718715393133998
3548,バロックジャパンリミテッド,プライム（内国株式）,小売,2026-10-07,400,True,637.0,638.0,626.0,626.0,640.0,643.0,637.0,640.0,637.2,672.2,713.9866666666667,675.8,-3.599999999999909,down,-86.66666666666667,-97.74114774114776,19.17808219178082,818.0,703.0,626.0,-1.7576898932831209,-6.872954477833981,-23.471882640586795,-10.95305832147937,False,False,112988620.0,204300.0,104200.0,1.9606525911708252,107900.0,1.8934198331788694
3561,力の源ホールディングス,プライム（内国株式）,小売,2026-10-07,400,True,1337.0,1363.0,1334.0,1356.0,1340.0,1352.0,1337.0,1346.0,1361.2,1482.92,1553.5466666666666,1493.56,-10.639999999999873,down,-95.0,-91.4835164835165,17.142857142857142,1749.0,1562.0,1334.0,-0.3820158683514596,-8.558789415477575,-22.469982847341342,-13.188220230473746,False,False,208500280.0,147900.0,174900.0,0.8456260720411664,73100.0,2.0232558139534884
3563,ＦＯＯＤ　＆　ＬＩＦＥ　ＣＯＭＰＡＮＩＥＳ,プライム（内国株式）,小売,2026-10-07,400,True,5582.0,5668.0,5507.0,5507.0,5385.0,5468.0,5299.0,5468.0,5294.0,5336.68,5338.38,5356.0,-19.31999999999971,down,91.66666666666666,-63.308913308913304,63.6698599852616,6135.0,5916.0,4691.0,4.023422742727623,3.191497335422011,-10.236348818255914,-6.913455037187289,False,False,11569139080.0,2175000.0,2179300.0,0.9980268893681458,2073900.0,1.048748734268769
3569,セーレン,プライム（内国株式）,素材・化学,2026-10-07,400,True,3475.0,3490.0,3395.0,3465.0,3335.0,3475.0,3330.0,3475.0,3366.0,3334.4,3339.9333333333334,3333.0,1.400000000000091,up,44.99999999999999,-24.984737484737487,72.38095238095238,3665.0,3490.0,3165.0,2.941176470588225,3.916746641074864,-5.457025920873127,-0.7163323782234943,False,False,625827600.0,187400.0,245200.0,0.7642740619902121,146500.0,1.2791808873720136
3580,小松マテーレ,プライム（内国株式）,素材・化学,2026-10-07,400,True,704.0,705.0,692.0,696.0,710.0,715.0,706.0,712.0,713.4,748.28,735.4666666666667,751.04,-2.759999999999991,down,-95.0,-65.32356532356532,25.862068965517242,929.0,770.0,692.0,-2.4390243902439046,-6.9866894745282515,-25.08073196986006,-9.610389610389614,False,False,104422480.0,162100.0,227200.0,0.7134683098591549,57400.0,2.8240418118466897
3591,ワコールホールディングス,プライム（内国株式）,素材・化学,2026-10-07,400,True,3610.0,3620.0,3528.0,3559.0,3574.0,3638.0,3574.0,3618.0,3612.8,3932.2,4233.746666666667,3962.0,-29.800000000000182,down,-89.99999999999999,-95.60439560439559,20.739762219286657,5842.0,4170.0,3528.0,-1.4891496899911427,-9.490870250750216,-39.0790825059911,-14.652278177458033,False,False,612033480.0,195400.0,111700.0,1.7493285586392122,128400.0,1.5218068535825544
3608,ＴＳＩホールディングス,プライム（内国株式）,素材・化学,2026-10-07,400,True,1200.0,1213.0,1198.0,1203.0,1193.0,1208.0,1192.0,1202.0,1200.8,1229.8,1222.5333333333333,1232.2,-2.400000000000091,down,-83.33333333333333,-85.76007326007327,39.53488372093023,1539.0,1258.0,1184.0,0.18321119253830176,-2.179216132704498,-21.832358674463936,-4.3720190779014345,False,False,292166040.0,198500.0,185100.0,1.0723933009184226,178600.0,1.1114221724524076
3612,ワールド,プライム（内国株式）,素材・化学,2026-10-07,400,True,1544.0,1555.0,1537.0,1545.0,1506.0,1557.0,1503.0,1541.0,1540.2,1583.44,1604.2,1587.88,-4.440000000000055,down,-80.0,-77.15201465201464,36.84210526315789,1728.0,1624.0,1503.0,0.3116478379431298,-2.427625928358512,-10.590277777777779,-4.864532019704438,False,False,576006040.0,271200.0,604400.0,0.4487094639311714,263300.0,1.0300037979491075
3626,ＴＩＳＩ,プライム（内国株式）,情報通信・サービスその他,2026-10-07,400,True,3999.0,4042.0,3988.0,4009.0,4082.0,4100.0,3976.0,4011.0,4003.2,3973.44,3682.3333333333335,3971.36,2.0799999999999272,up,31.25,29.899267399267405,41.942148760330575,5399.0,4160.0,3749.0,0.1448840927258166,0.8949424176532217,-25.745508427486573,-3.629807692307696,False,False,3035873380.0,727900.0,656200.0,1.1092654678451692,884900.0,0.8225788224658154
3632,グリーホールディングス,プライム（内国株式）,情報通信・サービスその他,2026-10-07,400,True,412.0,414.0,409.0,412.0,416.0,418.0,410.0,412.0,414.8,418.6,406.4,418.96,-0.3599999999999568,down,-88.33333333333333,-21.84065934065933,37.5,457.0,431.0,403.0,-0.6750241080038633,-1.5766841853798397,-9.846827133479207,-4.408352668213455,False,False,220054700.0,409100.0,427900.0,0.9560645010516475,475200.0,0.8609006734006734
3635,コーエーテクモホールディングス,プライム（内国株式）,情報通信・サービスその他,2026-10-07,400,True,1639.0,1650.5,1617.5,1629.5,1635.5,1647.0,1622.0,1638.0,1637.4,1665.44,1613.8866666666668,1669.14,-3.7000000000000455,down,-88.33333333333333,-46.39804639804639,34.98759305210918,2175.0,1735.0,1614.0,-0.48247221204349433,-2.157988279373624,-25.08045977011494,-6.080691642651292,False,False,1188761420.0,769400.0,824800.0,0.9328322017458778,871100.0,0.8832510618757893
3636,三菱総合研究所,プライム（内国株式）,情報通信・サービスその他,2026-10-07,400,True,4785.0,4840.0,4765.0,4770.0,4800.0,4855.0,4795.0,4810.0,4813.0,4921.4,4775.266666666666,4936.6,-15.200000000000728,down,-91.66666666666667,-64.4993894993895,30.0,5360.0,5050.0,4695.0,-0.8934136713068752,-3.076360385256216,-11.007462686567159,-5.5445544554455495,False,False,143039500.0,28000.0,30100.0,0.9302325581395349,33200.0,0.8433734939759037
3649,ファインデックス,プライム（内国株式）,情報通信・サービスその他,2026-10-07,400,True,851.0,857.0,851.0,855.0,843.0,861.0,843.0,857.0,855.2,859.96,848.84,859.8,0.16000000000008185,up,-48.33333333333334,38.38522588522588,44.047619047619044,1011.0,915.0,806.0,-0.02338634237605275,-0.5767710126052372,-15.43026706231454,-6.5573770491803245,False,False,38568200.0,33100.0,53700.0,0.6163873370577281,59900.0,0.5525876460767947
3656,ＫＬａｂ,プライム（内国株式）,情報通信・サービスその他,2026-10-07,400,True,174.0,174.0,171.0,173.0,175.0,176.0,172.0,172.0,175.4,181.4,201.69333333333333,182.28,-0.8799999999999955,down,-86.66666666666667,-63.85836385836385,48.275862068965516,446.0,189.0,171.0,-1.368301026225771,-4.630650496141131,-61.210762331838566,-8.465608465608465,False,False,213053500.0,1210600.0,1336700.0,0.9056632004189422,1993600.0,0.6072431781701445
3657,ポールトゥウィンホールディングス,プライム（内国株式）,情報通信・サービスその他,2026-10-07,400,True,332.0,332.0,326.0,328.0,332.0,336.0,331.0,333.0,335.2,361.68,345.0133333333333,362.96,-1.2799999999999727,down,-93.75,-39.48412698412697,30.927835051546392,396.0,396.0,326.0,-2.1479713603818618,-9.312099093120995,-17.17171717171717,-17.17171717171717,False,False,86917760.0,163200.0,174500.0,0.935243553008596,77600.0,2.1030927835051547
3659,ネクソン,プライム（内国株式）,情報通信・サービスその他,2026-10-07,400,True,2625.5,2657.0,2615.0,2616.5,2650.5,2693.5,2584.0,2609.0,2649.5,2993.2,2650.7733333333335,3014.46,-21.26000000000022,down,-66.66666666666667,-61.15689865689866,20.642978003384094,4434.0,3238.0,2584.0,-1.2455180222683548,-12.585193104369896,-40.99007668019846,-19.193946880790612,False,False,8091376480.0,2380400.0,4197200.0,0.5671399980939674,2785100.0,0.854691034433234
3660,アイスタイル,プライム（内国株式）,情報通信・サービスその他,2026-10-07,400,True,465.0,467.0,457.0,462.0,474.0,476.0,466.0,469.0,476.0,494.72,453.6533333333333,498.12,-3.3999999999999773,down,-66.66666666666667,-82.37179487179486,41.269841269841265,569.0,538.0,457.0,-2.941176470588236,-6.6138421733505925,-18.804920913884004,-14.12639405204461,False,False,448254620.0,1162200.0,767800.0,1.5136754363115394,1263600.0,0.9197530864197531
3661,エムアップホールディングス,プライム（内国株式）,情報通信・サービスその他,2026-10-07,400,True,835.0,839.0,818.0,825.0,810.0,837.0,810.0,834.0,817.0,810.12,778.64,810.88,-0.7599999999999909,down,41.666666666666664,-31.56288156288156,56.15384615384615,1066.5,839.0,772.0,0.9791921664626724,1.8367649237150063,-22.64416315049227,-1.6686531585220488,False,False,334236460.0,263900.0,481500.0,0.5480789200415369,502500.0,0.5251741293532338
3662,エイチームホールディングス,プライム（内国株式）,情報通信・サービスその他,2026-10-07,400,True,913.0,921.0,910.0,920.0,912.0,916.0,909.0,913.0,927.2,943.28,965.84,945.48,-2.2000000000000455,down,-53.75000000000001,-59.996947496947506,36.633663366336634,1291.0,957.0,909.0,-0.7765314926660993,-2.4679840556356525,-28.73741285824942,-3.866248693834906,False,False,64595520.0,60300.0,77100.0,0.7821011673151751,197100.0,0.3059360730593607
3663,セルシス,プライム（内国株式）,情報通信・サービスその他,2026-10-07,400,True,1811.0,1828.0,1761.0,1769.0,1821.0,1841.0,1811.0,1828.0,1802.6,1829.4,1856.2133333333334,1838.16,-8.759999999999991,down,-31.666666666666664,-38.141025641025635,43.85026737967914,2114.0,1925.0,1745.0,-1.8639742594030784,-3.301628949382318,-16.3197729422895,-8.103896103896101,False,False,301025640.0,172300.0,164100.0,1.0499695307739183,164200.0,1.0493300852618757
3665,エニグモ,プライム（内国株式）,情報通信・サービスその他,2026-10-07,400,True,406.0,407.0,403.0,405.0,403.0,408.0,402.0,408.0,407.4,415.64,406.52,416.44,-0.8000000000000114,down,-39.16666666666666,-88.17155067155068,44.44444444444444,525.0,430.0,400.0,-0.589101620029453,-2.5599076123568487,-22.857142857142854,-5.813953488372093,False,False,47461440.0,74300.0,106600.0,0.6969981238273921,177000.0,0.41977401129943503
3668,コロプラ,プライム（内国株式）,情報通信・サービスその他,2026-10-07,400,True,399.0,399.0,386.0,387.0,402.0,402.0,394.0,397.0,402.8,429.28,406.2133333333333,431.4,-2.1200000000000045,down,-97.50000000000001,-26.96886446886446,23.333333333333332,518.0,459.0,386.0,-3.9225422045680247,-9.849049571375323,-25.289575289575296,-15.686274509803921,False,False,255556620.0,606500.0,494800.0,1.2257477768795473,495800.0,1.2232755143202905
3673,ブロードリーフ,プライム（内国株式）,情報通信・サービスその他,2026-10-07,400,True,463.0,470.0,459.0,465.0,470.0,477.0,467.0,470.0,467.0,471.92,444.12666666666667,473.04,-1.1200000000000045,down,-77.08333333333333,-19.398656898656895,41.66666666666667,540.0,499.0,434.0,-0.4282655246252709,-1.4663502288523533,-13.888888888888884,-6.813627254509013,False,False,236133940.0,963500.0,388300.0,2.4813288694308526,1009400.0,0.9545274420447791
3676,デジタルハーツホールディングス,プライム（内国株式）,情報通信・サービスその他,2026-10-07,400,True,1050.0,1050.0,1049.0,1049.0,1050.0,1051.0,1050.0,1050.0,1050.2,1054.52,903.2,1054.88,-0.36000000000012733,down,5.41666666666667,-73.85531135531136,26.31578947368421,1060.0,1059.0,1047.0,-0.11426394972386955,-0.5234609111254396,-1.037735849056609,-0.9442870632672351,False,False,47170520.0,75200.0,21500.0,3.4976744186046513,124000.0,0.6064516129032258
3678,メディアドゥ,プライム（内国株式）,情報通信・サービスその他,2026-10-07,400,True,1166.0,1176.0,1166.0,1175.0,1150.0,1185.0,1150.0,1178.0,1167.2,1232.96,1273.5466666666666,1236.84,-3.8799999999998818,down,-83.74999999999999,-94.3986568986569,33.63636363636363,1946.0,1273.0,1131.0,0.6682659355722986,-4.700882429275888,-39.61973278520041,-7.698350353495675,False,False,50455900.0,20900.0,48200.0,0.4336099585062241,17500.0,1.1942857142857144
3679,じげん,プライム（内国株式）,情報通信・サービスその他,2026-10-07,400,True,421.0,431.0,421.0,427.0,423.0,428.0,421.0,424.0,425.2,440.6,422.3466666666667,441.72,-1.1200000000000045,down,-83.74999999999999,-73.06166056166057,32.142857142857146,581.0,456.0,415.0,0.42333019755409484,-3.0866999546073637,-26.506024096385538,-6.359649122807021,False,False,113568160.0,286100.0,203200.0,1.407972440944882,473400.0,0.6043514997887621
3687,フィックスターズ,プライム（内国株式）,情報通信・サービスその他,2026-10-07,400,True,2268.0,2331.0,2222.0,2241.0,2219.0,2279.0,2205.0,2247.0,2259.0,2214.52,2258.9066666666668,2215.72,-1.199999999999818,down,61.66666666666667,29.929792429792435,59.411764705882355,3690.0,2400.0,2125.0,-0.7968127490039834,1.1957444502646242,-39.268292682926834,-6.6250000000000036,False,False,1215227980.0,645500.0,520600.0,1.239915482135997,359100.0,1.7975494291283765
3694,オプティム,プライム（内国株式）,情報通信・サービスその他,2026-10-07,400,True,466.0,477.0,466.0,473.0,466.0,481.0,466.0,468.0,470.4,457.48,428.58666666666664,456.64,0.8400000000000318,up,12.916666666666664,72.92429792429793,54.347826086956516,645.0,488.0,423.0,0.5527210884353817,3.3924980327008747,-26.66666666666667,-3.0737704918032738,False,False,69544880.0,112400.0,153400.0,0.7327249022164276,99800.0,1.12625250501002
3696,セレス,プライム（内国株式）,情報通信・サービスその他,2026-10-07,400,True,2330.0,2331.0,2277.0,2300.0,2278.0,2349.0,2278.0,2335.0,2264.0,2186.6,2121.16,2184.88,1.7199999999998,up,66.66666666666667,14.392551892551896,61.91446028513238,2709.0,2349.0,2057.0,1.590106007067127,5.186133723589137,-15.097822074566258,-2.085994040017025,False,False,546457780.0,112900.0,200800.0,0.5622509960159362,90000.0,1.2544444444444445
3697,ＳＨＩＦＴ,プライム（内国株式）,情報通信・サービスその他,2026-10-07,400,True,875.9000244140625,901.2000122070312,875.0,877.9000244140625,883.9000244140625,902.9000244140625,862.7000122070312,878.7000122070312,877.0800048828125,874.312001953125,820.8693334960938,877.7280004882813,-3.415998535156291,down,61.66666666666667,-37.17948717948718,47.87693514237713,1334.5,916.2000122070312,814.2000122070312,0.09349426810378869,0.4103823867134704,-34.21505999145279,-4.180308587936821,False,False,3343496865.965576,3541500.0,4547800.0,0.7787281762610493,5142200.0,0.68871300221695
3708,特種東海製紙,プライム（内国株式）,素材・化学,2026-10-07,400,True,2071.0,2087.0,2065.0,2065.0,2099.0,2099.0,2064.0,2092.0,2095.8,2158.6,2074.52,2163.64,-5.039999999999964,down,-96.66666666666666,-15.384615384615374,39.851485148514854,2272.0,2272.0,2064.0,-1.4696058784235189,-4.3361437969054,-9.11091549295775,-9.11091549295775,False,False,138512220.0,43900.0,51900.0,0.8458574181117534,47900.0,0.9164926931106472
3741,セック,プライム（内国株式）,情報通信・サービスその他,2026-10-07,400,True,3170.0,3195.0,3085.0,3145.0,3245.0,3255.0,3180.0,3215.0,3211.0,3217.6,3153.48,3220.4,-2.800000000000182,down,-35.00000000000001,-5.692918192918195,57.391304347826086,4360.0,3440.0,3000.0,-2.055434444098414,-2.256340129288903,-27.866972477064223,-8.575581395348841,False,False,165598800.0,81200.0,53300.0,1.5234521575984992,157900.0,0.5142495250158328
3762,テクマトリックス,プライム（内国株式）,情報通信・サービスその他,2026-10-07,400,True,2660.0,2738.0,2650.0,2737.0,2547.0,2637.0,2534.0,2625.0,2575.8,2475.4,2177.0533333333333,2464.12,11.2800000000002,up,44.99999999999999,71.24542124542124,75.45454545454545,2738.0,2738.0,2272.0,6.258249864119869,10.567989011876854,-0.036523009495981196,-0.036523009495981196,False,False,905190540.0,707800.0,449500.0,1.5746384872080088,194200.0,3.644696189495366
3763,プロシップ,プライム（内国株式）,情報通信・サービスその他,2026-10-07,400,True,2089.0,2122.0,1982.0,2055.0,2105.0,2148.0,2074.0,2104.0,2086.4,2078.64,1963.4,2086.72,-8.079999999999927,down,-30.000000000000004,-8.119658119658112,55.940594059405946,2520.0,2199.0,1931.0,-1.5049846625766916,-1.1372820690451424,-18.452380952380953,-6.548431105047747,True,False,116445880.0,83700.0,47000.0,1.7808510638297872,38200.0,2.1910994764397906
3765,ガンホー・オンライン・エンターテイメント,プライム（内国株式）,情報通信・サービスその他,2026-10-07,400,True,2359.0,2369.0,2330.0,2351.0,2388.0,2389.0,2345.0,2360.0,2376.2,2491.92,2402.4933333333333,2496.8,-4.880000000000109,down,-100.0,-60.24114774114775,15.53398058252427,2838.0,2585.0,2330.0,-1.060516791515853,-5.655077209541237,-17.1599718111346,-9.052224371373308,False,False,488227340.0,291500.0,199600.0,1.4604208416833668,257400.0,1.1324786324786325
3769,ＧＭＯペイメントゲートウェイ,プライム（内国株式）,情報通信・サービスその他,2026-10-07,400,True,8574.0,8672.0,8507.0,8613.0,8765.0,8778.0,8609.0,8660.0,8574.0,8731.84,9240.106666666667,8772.44,-40.600000000000364,down,-35.00000000000001,-53.968253968253975,50.75545607162842,10455.0,9127.0,8172.0,0.4548635409377111,-1.3609960787188013,-17.618364418938302,-5.631642379752389,False,False,1959019140.0,257000.0,201000.0,1.2786069651741294,334900.0,0.7673932517169304
3771,システムリサーチ,プライム（内国株式）,情報通信・サービスその他,2026-10-07,400,True,1854.0,1896.0,1854.0,1887.0,1853.0,1883.0,1853.0,1869.0,1868.6,1895.72,1854.5466666666666,1898.64,-2.9200000000000728,down,-58.33333333333333,-41.346153846153854,40.59040590405904,2280.0,1952.0,1814.0,0.9846944236326705,-0.4599835418732767,-17.23684210526316,-3.3299180327868827,True,False,69268180.0,39400.0,27000.0,1.4592592592592593,66900.0,0.5889387144992526
3774,インターネットイニシアティブ,プライム（内国株式）,情報通信・サービスその他,2026-10-07,400,True,3517.0,3540.0,3467.0,3500.0,3480.0,3507.0,3460.0,3501.0,3477.6,3380.56,3387.0266666666666,3375.0,5.559999999999945,up,72.91666666666667,77.82356532356532,58.28025477707006,3650.0,3540.0,3174.0,0.6441223832528209,3.533142437939274,-4.109589041095896,-1.1299435028248594,False,False,1439486840.0,352100.0,410200.0,0.8583617747440273,392500.0,0.8970700636942676
3778,さくらインターネット,プライム（内国株式）,情報通信・サービスその他,2026-10-07,400,True,3945.0,4040.0,3935.0,3965.0,3880.0,4020.0,3870.0,3935.0,3945.0,3742.0,3367.786666666667,3738.0,4.0,up,66.66666666666667,37.46947496947497,64.63414634146342,4350.0,4065.0,3500.0,0.5069708491761693,5.9593800106894745,-8.850574712643677,-2.4600246002460024,False,False,3415206200.0,678000.0,549700.0,1.2334000363834818,602100.0,1.1260587942202291
3788,ＧＭＯグローバルサイン・ホールディングス,プライム（内国株式）,情報通信・サービスその他,2026-10-07,400,True,2130.0,2162.0,2083.0,2142.0,2002.0,2120.0,2000.0,2111.0,2035.0,1996.08,2091.52,1995.4,0.6799999999998363,up,13.33333333333333,4.822954822954828,74.0139211136891,2519.0,2162.0,1858.0,5.257985257985265,7.310328243356978,-14.966256450972605,-0.9250693802035137,False,False,118007860.0,80900.0,122900.0,0.6582587469487388,18900.0,4.28042328042328
3817,ＳＲＡホールディングス,プライム（内国株式）,情報通信・サービスその他,2026-10-07,400,True,4665.0,4695.0,4650.0,4650.0,4655.0,4700.0,4655.0,4680.0,4697.0,4781.6,4689.466666666666,4795.4,-13.799999999999272,down,-89.99999999999999,-64.98778998778998,41.12903225806452,5870.0,4935.0,4610.0,-1.0006387055567334,-2.752216831186216,-20.783645655877347,-5.775075987841949,False,False,126251200.0,17500.0,20400.0,0.8578431372549019,19300.0,0.9067357512953368
3834,朝日ネット,プライム（内国株式）,情報通信・サービスその他,2026-10-07,400,True,585.0,590.0,583.0,589.0,581.0,588.0,581.0,585.0,587.0,604.0,617.1866666666666,605.44,-1.4400000000000546,down,-82.5,-82.73809523809523,33.33333333333333,726.0,614.0,581.0,0.34071550255536653,-2.4834437086092676,-18.870523415977956,-4.071661237785018,False,False,47747020.0,56300.0,41500.0,1.3566265060240963,50900.0,1.106090373280943
3835,ｅＢＡＳＥ,プライム（内国株式）,情報通信・サービスその他,2026-10-07,400,True,437.0,437.0,428.0,428.0,428.0,441.0,428.0,435.0,429.8,432.08,423.29333333333335,432.44,-0.36000000000001364,down,-3.3333333333333437,-49.923687423687426,46.666666666666664,512.0,441.0,421.0,-0.4187994416007479,-0.9442695797074574,-16.40625,-2.947845804988658,True,False,33359940.0,38900.0,124600.0,0.31219903691813805,36800.0,1.0570652173913044
3836,アバントグループ,プライム（内国株式）,情報通信・サービスその他,2026-10-07,400,True,1189.0,1195.0,1179.0,1179.0,1203.0,1213.0,1184.0,1189.0,1195.0,1202.32,1186.3066666666666,1204.0,-1.6800000000000637,down,-66.66666666666667,-0.45787545787545625,34.862385321100916,1908.0,1240.0,1171.0,-1.3389121338912124,-1.9395834719542204,-38.20754716981132,-4.919354838709678,False,False,95805820.0,56200.0,68900.0,0.8156748911465893,70800.0,0.7937853107344632
3837,アドソル日進,プライム（内国株式）,情報通信・サービスその他,2026-10-07,400,True,1374.0,1376.0,1351.0,1365.0,1305.0,1380.0,1305.0,1367.0,1333.0,1357.48,1419.1866666666667,1360.8,-3.3199999999999363,down,-2.9166666666666563,-56.24236874236874,54.20168067226891,1954.0,1395.0,1290.0,2.400600150037513,0.553967645932163,-30.14329580348004,-2.1505376344086002,True,True,156050560.0,102900.0,237000.0,0.4341772151898734,90500.0,1.1370165745856353
3843,フリービット,プライム（内国株式）,情報通信・サービスその他,2026-10-07,400,True,1649.0,1751.0,1648.0,1747.0,1630.0,1672.0,1630.0,1663.0,1670.4,1699.4,1628.3866666666668,1700.96,-1.5599999999999454,down,-24.16666666666667,-60.34798534798536,54.662379421221864,1820.0,1751.0,1617.0,4.585727969348663,2.8009885842061877,-4.010989010989007,-0.22844089091947906,True,True,67576280.0,73400.0,22500.0,3.2622222222222224,19300.0,3.8031088082901556
3844,コムチュア,プライム（内国株式）,情報通信・サービスその他,2026-10-07,400,True,1257.0,1260.0,1240.0,1246.0,1261.0,1262.0,1248.0,1256.0,1260.6,1305.8,1341.72,1310.8,-5.0,down,-96.66666666666666,-62.5,28.415300546448087,1749.0,1360.0,1237.0,-1.1581786450896359,-4.579568080869967,-28.759291023441968,-8.382352941176475,False,False,274202360.0,234000.0,148500.0,1.5757575757575757,88500.0,2.6440677966101696
3853,アステリア,プライム（内国株式）,情報通信・サービスその他,2026-10-07,400,True,1055.0,1064.0,1029.0,1030.0,1065.0,1095.0,1057.0,1058.0,1061.2,1093.08,1124.4,1099.64,-6.560000000000173,down,-86.66666666666667,-75.03052503052503,40.487804878048784,2753.0,1139.0,1029.0,-2.940067847719563,-5.770849343140483,-62.58626952415547,-9.569798068481127,False,False,209451260.0,181500.0,200300.0,0.9061407888167748,115100.0,1.5768896611642051
3854,アイル,プライム（内国株式）,情報通信・サービスその他,2026-10-07,400,True,2057.0,2083.0,2057.0,2072.0,2041.0,2058.0,2037.0,2046.0,2046.2,2188.52,2275.0666666666666,2204.96,-16.440000000000055,down,-61.66666666666667,-87.72893772893772,37.54045307443366,2835.0,2460.0,2015.0,1.260873814876362,-5.324145998208829,-26.913580246913583,-15.772357723577235,False,False,143874700.0,63000.0,61100.0,1.0310965630114566,102600.0,0.6140350877192983
3861,王子ホールディングス,プライム（内国株式）,素材・化学,2026-10-07,400,True,827.0,833.0,826.0,829.5,832.0,833.7999877929688,825.5999755859375,828.9000244140625,833.260009765625,862.5960009765626,851.0066666666667,864.6760009765625,-2.0799999999999272,down,-88.33333333333333,-74.84737484737485,31.41632398806122,990.7000122070312,889.9000244140625,825.5999755859375,-0.4512408757840869,-3.8367904487261573,-16.27132433842592,-6.78728202685821,False,False,3205635708.7524414,3107400.0,3604700.0,0.8620412239576108,4521500.0,0.6872498064801504
3863,日本製紙,プライム（内国株式）,素材・化学,2026-10-07,400,True,1284.0,1292.0,1268.0,1268.0,1300.0,1306.0,1282.0,1293.0,1299.2,1318.04,1348.2266666666667,1323.16,-5.120000000000118,down,-81.66666666666667,-38.62942612942612,39.30635838150289,1612.0,1352.0,1268.0,-2.401477832512322,-3.796546387059574,-21.33995037220844,-6.213017751479288,False,False,709635100.0,614800.0,557100.0,1.103572069646383,582700.0,1.055088381671529
3864,三菱製紙,プライム（内国株式）,素材・化学,2026-10-07,400,True,1212.0,1246.0,1212.0,1230.0,1221.0,1221.0,1208.0,1212.0,1224.6,1205.68,1137.84,1204.44,1.240000000000009,up,-31.666666666666664,59.63064713064713,64.49704142011834,1257.0,1257.0,1148.0,0.4409603135717921,2.0171189702076875,-2.1479713603818618,-2.1479713603818618,False,False,146284640.0,95000.0,53500.0,1.7757009345794392,172400.0,0.5510440835266821
3865,北越コーポレーション,プライム（内国株式）,素材・化学,2026-10-07,400,True,868.0,877.0,851.0,852.0,865.0,891.0,863.0,881.0,870.2,898.4,901.8933333333333,901.24,-2.840000000000032,down,-80.41666666666667,-57.692307692307686,33.33333333333333,1061.0,930.0,851.0,-2.091473224546081,-5.1647373107747026,-19.69839773798303,-8.387096774193548,False,False,220562740.0,428400.0,219000.0,1.9561643835616438,168300.0,2.5454545454545454
3877,中越パルプ工業,プライム（内国株式）,素材・化学,2026-10-07,400,True,2139.0,2147.0,2123.0,2128.0,2126.0,2154.0,2126.0,2141.0,2145.2,2205.12,2149.2533333333336,2209.64,-4.519999999999982,down,-89.99999999999999,-49.465811965811966,35.714285714285715,2280.0,2264.0,2110.0,-0.8017900428864411,-3.497315338847773,-6.666666666666665,-6.0070671378091856,False,False,62527720.0,43300.0,13800.0,3.13768115942029,33800.0,1.2810650887573964
3880,大王製紙,プライム（内国株式）,素材・化学,2026-10-07,400,True,945.0,947.0,938.0,938.0,955.0,957.0,946.0,948.0,952.2,974.24,964.36,976.04,-1.7999999999999545,down,-93.33333333333333,-16.97191697191698,40.74074074074074,1244.0,1034.0,935.0,-1.4912833438353368,-3.71982263097389,-24.598070739549836,-9.284332688588004,False,False,233176660.0,282600.0,204800.0,1.3798828125,214400.0,1.3180970149253732
3901,マークラインズ,プライム（内国株式）,情報通信・サービスその他,2026-10-07,400,True,1521.0,1529.0,1511.0,1521.0,1515.0,1541.0,1515.0,1521.0,1521.6,1516.48,1438.0133333333333,1518.24,-1.759999999999991,down,61.25000000000001,-19.337606837606835,57.03703703703704,2127.0,1561.0,1457.0,-0.03943217665614007,0.29805866216501276,-28.49083215796897,-2.5624599615631016,True,True,92755100.0,45100.0,64000.0,0.7046875,44400.0,1.0157657657657657
3903,ｇｕｍｉ,プライム（内国株式）,情報通信・サービスその他,2026-10-07,400,True,197.0,199.0,196.0,196.0,199.0,202.0,197.0,197.0,200.4,228.48,242.49333333333334,231.96,-3.480000000000018,down,-57.49999999999999,-84.41697191697193,42.857142857142854,645.0,279.0,191.0,-2.1956087824351322,-14.215686274509798,-69.61240310077518,-29.749103942652333,False,False,79990480.0,378600.0,329500.0,1.1490136570561458,427700.0,0.8851999064765023
3915,テラスカイ,プライム（内国株式）,情報通信・サービスその他,2026-10-07,400,True,2215.0,2257.0,2195.0,2212.0,2222.0,2260.0,2210.0,2224.0,2217.2,2299.24,2290.0666666666666,2306.72,-7.480000000000018,down,-46.24999999999999,-89.48412698412697,43.93530997304582,3715.0,2457.0,2177.0,-0.23453003788561633,-3.7942972460465074,-40.45760430686407,-9.971509971509974,False,False,146064100.0,80500.0,80000.0,1.00625,122900.0,0.6550040683482506
3916,デジタル・インフォメーション・テクノロジー,プライム（内国株式）,情報通信・サービスその他,2026-10-07,400,True,977.0,985.0,957.0,961.0,947.0,983.0,947.0,972.0,952.8,948.36,928.2266666666667,948.72,-0.36000000000001364,down,-2.9166666666666563,0.7631257631257604,58.0952380952381,1415.0,985.0,921.0,0.8606213266162843,1.3328271964232918,-32.08480565371025,-2.4365482233502544,False,False,108432480.0,134500.0,197200.0,0.6820486815415822,66100.0,2.0347957639939485
3921,ネオジャパン,プライム（内国株式）,情報通信・サービスその他,2026-10-07,400,True,1597.0,1603.0,1570.0,1587.0,1601.0,1629.0,1585.0,1594.0,1595.0,1626.76,1611.1733333333334,1630.44,-3.6800000000000637,down,-98.33333333333334,-28.525641025641036,45.72490706319702,2012.0,1710.0,1560.0,-0.5015673981191182,-2.444122058570408,-21.123260437375745,-7.192982456140351,False,False,27514520.0,13900.0,19200.0,0.7239583333333334,7500.0,1.8533333333333333
3922,ＰＲ　ＴＩＭＥＳ,プライム（内国株式）,情報通信・サービスその他,2026-10-07,400,True,2112.0,2124.0,2063.0,2070.0,2147.0,2156.0,2100.0,2116.0,2129.8,2168.92,2187.9466666666667,2173.24,-4.319999999999709,down,-80.0,-21.581196581196572,20.5761316872428,3245.0,2247.0,2063.0,-2.807775377969768,-4.560795234494586,-36.209553158705695,-7.877169559412545,False,False,100632900.0,35700.0,39200.0,0.9107142857142857,19700.0,1.8121827411167513
3923,ラクス,プライム（内国株式）,情報通信・サービスその他,2026-10-07,400,True,1051.0,1079.5,1051.0,1065.5,1034.0,1059.0,1033.0,1047.0,1033.5,1062.24,1040.2840006510417,1066.68,-4.440000000000055,down,11.250000000000004,-67.47557997557998,42.65734265734265,1395.0,1108.5,995.0999755859375,3.09627479438801,0.30689862931163603,-23.620071684587817,-3.8791159224176863,True,True,1521275420.0,1858200.0,1117900.0,1.6622238125055908,1456200.0,1.2760609806345282
3925,ダブルスタンダード,プライム（内国株式）,情報通信・サービスその他,2026-10-07,400,True,1293.0,1306.0,1288.0,1293.0,1274.0,1296.0,1274.0,1293.0,1290.8,1306.84,1266.0666666666666,1309.96,-3.1200000000001182,down,-58.74999999999999,-55.12820512820513,48.46153846153846,1892.0,1326.0,1239.0,0.1704369383328297,-1.0590431881485007,-31.659619450317123,-2.488687782805432,False,False,32886960.0,21400.0,25400.0,0.84251968503937,19400.0,1.1030927835051547
3932,アカツキ,プライム（内国株式）,情報通信・サービスその他,2026-10-07,400,True,1333.0,1335.0,1267.0,1273.0,1318.0,1350.0,1307.0,1341.0,1307.8,1249.3333251953125,1108.4666674804687,1250.0133251953125,-0.6800000000000637,down,40.0,24.2979242979243,59.549630749993355,1350.0,1350.0,1100.0,-2.6609573329255176,1.894344313675278,-5.7037037037037,-5.7037037037037,False,False,330871900.0,274800.0,217700.0,1.2622875516766192,237900.0,1.155107187894073
3939,カナミックネットワーク,プライム（内国株式）,情報通信・サービスその他,2026-10-07,400,True,494.0,497.0,493.0,494.0,488.0,494.0,488.0,493.0,493.4,494.76,499.73333333333335,496.16,-1.400000000000034,down,3.749999999999998,-31.63919413919414,50.847457627118644,583.0,505.0,474.0,0.1216051884880498,-0.1536098310291889,-15.265866209262436,-2.17821782178218,True,False,44779660.0,54300.0,73600.0,0.7377717391304348,86500.0,0.6277456647398844
3941,レンゴー,プライム（内国株式）,素材・化学,2026-10-07,400,True,1507.5,1538.5,1500.0,1525.5,1504.0,1513.5,1497.0,1513.0,1515.1,1539.22,1509.0,1541.16,-1.9400000000000546,down,-23.33333333333334,-69.04761904761905,52.02863961813843,1665.0,1574.0,1461.0,0.6864233383935048,-0.8913605592442919,-8.378378378378383,-3.0813214739517147,False,False,1354627420.0,893600.0,961400.0,0.9294778448096526,845300.0,1.0571394771087188
3946,トーモク,プライム（内国株式）,素材・化学,2026-10-07,400,True,4330.0,4355.0,4320.0,4340.0,4390.0,4400.0,4360.0,4360.0,4386.0,4394.8,4347.133333333333,4405.0,-10.199999999999818,down,-81.66666666666667,-14.499389499389492,52.89855072463768,4820.0,4590.0,4225.0,-1.0487916096671213,-1.246928187858387,-9.958506224066388,-5.446623093681913,False,False,166479100.0,30300.0,24300.0,1.2469135802469136,58500.0,0.517948717948718
3950,ザ・パック,プライム（内国株式）,素材・化学,2026-10-07,400,True,1412.0,1432.0,1412.0,1429.0,1420.0,1432.0,1420.0,1424.0,1427.6,1457.64,1433.0666666666666,1461.56,-3.9199999999998454,down,-80.0,-77.45726495726495,38.793103448275865,1546.0,1489.0,1412.0,0.09806668534604324,-1.9648198457781096,-7.56791720569211,-4.0295500335795875,False,False,97663040.0,58400.0,47100.0,1.2399150743099787,108600.0,0.5377532228360957
3962,チェンジホールディングス,プライム（内国株式）,情報通信・サービスその他,2026-10-07,400,True,994.0,1003.0,987.0,994.0,999.0,1004.0,989.0,993.0,998.2,995.96,967.4,997.32,-1.3600000000000136,down,-42.08333333333334,-26.4041514041514,51.9607843137255,1210.0,1020.0,953.0,-0.42075736325386526,-0.1967950520101236,-17.851239669421492,-2.5490196078431393,True,False,160436160.0,161000.0,115100.0,1.3987836663770634,167600.0,0.9606205250596659
3963,シンクロ・フード,プライム（内国株式）,情報通信・サービスその他,2026-10-07,400,True,310.0,310.0,299.0,304.0,310.0,314.0,307.0,310.0,317.8,328.64,331.1066666666667,330.72,-2.080000000000041,down,-50.0,-67.96398046398046,24.0,748.0,344.0,295.0,-4.342353681560729,-7.497565725413824,-59.35828877005347,-11.627906976744185,False,False,32448620.0,115600.0,46700.0,2.475374732334047,44700.0,2.586129753914989
3964,オークネット,プライム（内国株式）,情報通信・サービスその他,2026-10-07,400,True,1372.0,1374.0,1350.0,1359.0,1380.0,1384.0,1364.0,1378.0,1368.0,1341.76,1387.0666666666666,1345.12,-3.3599999999999,down,50.416666666666664,-5.525030525030528,69.26605504587155,1616.0,1388.0,1248.0,-0.6578947368421018,1.2848795611733799,-15.90346534653465,-2.089337175792505,False,False,433946580.0,349600.0,290000.0,1.2055172413793103,409200.0,0.8543499511241447
3968,セグエグループ,プライム（内国株式）,情報通信・サービスその他,2026-10-07,400,True,788.0,804.0,736.0,755.0,724.0,778.0,716.0,760.0,719.4,659.24,617.2933333333333,656.28,2.9600000000000364,up,88.33333333333333,60.439560439560445,84.4311377245509,809.0,804.0,601.0,4.948568251320551,14.525817608154835,-6.674907292954268,-6.094527363184077,False,False,853023460.0,2058000.0,2368200.0,0.8690144413478591,192700.0,10.679813181110534
3983,オロ,プライム（内国株式）,情報通信・サービスその他,2026-10-07,400,True,1904.0,1923.0,1902.0,1902.0,1890.0,1924.0,1890.0,1913.0,1902.8,1936.04,2066.76,1944.72,-8.680000000000064,down,0.8333333333333304,-72.05433455433456,50.806451612903224,2746.0,2036.0,1835.0,-0.042043304603744946,-1.7582281357823137,-30.735615440640927,-6.581532416502944,False,False,59272260.0,21900.0,34700.0,0.6311239193083573,28100.0,0.7793594306049823
3984,ユーザーローカル,プライム（内国株式）,情報通信・サービスその他,2026-10-07,400,True,1532.0,1550.0,1521.0,1534.0,1524.0,1569.0,1524.0,1542.0,1534.6,1545.76,1646.9066666666668,1547.04,-1.2799999999999727,down,-80.41666666666667,8.470695970695974,47.199999999999996,2078.0,1623.0,1497.0,-0.03909813632215764,-0.760790808404932,-26.179018286814248,-5.483672211953172,True,False,109488700.0,46100.0,63200.0,0.7294303797468354,148400.0,0.3106469002695418
3992,ニーズウェル,プライム（内国株式）,情報通信・サービスその他,2026-10-07,400,True,434.0,434.0,430.0,430.0,427.0,435.0,427.0,434.0,432.0,460.2,450.50666666666666,462.12,-1.920000000000016,down,-85.41666666666667,-78.55616605616606,17.91044776119403,620.0,476.0,426.0,-0.462962962962965,-6.562364189482828,-30.645161290322577,-9.663865546218487,False,False,18497620.0,41600.0,39500.0,1.0531645569620254,21800.0,1.908256880733945
3993,ＰＫＳＨＡ　Ｔｅｃｈｎｏｌｏｇｙ,プライム（内国株式）,情報通信・サービスその他,2026-10-07,400,True,3380.0,3405.0,3310.0,3385.0,3355.0,3440.0,3335.0,3365.0,3318.0,3195.0,2985.786666666667,3193.8,1.199999999999818,up,93.33333333333333,18.39133089133089,68.62745098039215,4515.0,3440.0,3005.0,2.019288728149493,5.946791862284817,-25.027685492801776,-1.5988372093023284,False,False,704656900.0,153800.0,258700.0,0.5945110166215694,239000.0,0.6435146443514644
3994,マネーフォワード,プライム（内国株式）,情報通信・サービスその他,2026-10-07,400,True,6300.0,6480.0,6267.0,6344.0,6017.0,6310.0,6017.0,6290.0,6111.6,6089.44,5509.133333333333,6104.16,-14.720000000000255,down,63.33333333333333,-51.098901098901095,49.448239621650025,7050.0,6600.0,5542.0,3.80260488251849,4.180351559420914,-10.014184397163117,-3.8787878787878816,False,False,3000070900.0,573100.0,1022700.0,0.5603793878947883,1387300.0,0.41310459165285085
4004,レゾナック・ホールディングス,プライム（内国株式）,素材・化学,2026-10-07,400,True,17655.0,18465.0,17555.0,18075.0,17600.0,18125.0,17180.0,17940.0,17438.0,15418.889453125,15840.563151041666,15342.889453125,76.0,up,91.66666666666666,2.0146520146520186,81.0284123774747,20495.0,18465.0,12885.0,3.6529418511297207,17.22634146220352,-11.807757989753597,-2.1121039805036546,False,False,60189452400.0,3205800.0,3487500.0,0.9192258064516129,1529200.0,2.09639026942192
4005,住友化学,プライム（内国株式）,素材・化学,2026-10-07,400,True,598.9000244140625,603.9000244140625,588.2000122070312,589.7999877929688,583.7000122070312,601.7999877929688,576.7999877929688,598.9000244140625,585.3599975585937,583.8080004882812,548.8119991048177,582.452001953125,1.3559985351562318,up,41.25,15.903540903540902,62.70676815945878,638.7999877929688,605.4000244140625,543.2000122070312,0.7585059199284538,1.026362656845392,-7.670632582397696,-2.576814666664784,False,False,5215136569.107666,11782800.0,10292300.0,1.144816999115844,18479600.0,0.6376112037057079
4008,住友精化,プライム（内国株式）,素材・化学,2026-10-07,400,True,1500.0,1515.0,1491.0,1492.0,1510.0,1517.0,1501.0,1512.0,1500.6,1488.16,1404.4,1490.12,-1.959999999999809,down,-31.666666666666664,-5.6623931623931645,58.95061728395061,1588.0,1560.0,1404.0,-0.5731040916966523,0.2580367702397446,-6.045340050377835,-4.358974358974354,False,False,180452800.0,98900.0,98800.0,1.0010121457489878,206000.0,0.48009708737864076
4021,日産化学,プライム（内国株式）,素材・化学,2026-10-07,400,True,8917.0,9124.0,8895.0,9045.0,8740.0,8926.0,8667.0,8879.0,8700.8,8211.64,8071.986666666667,8175.04,36.599999999999454,up,86.66666666666667,66.91086691086691,87.0336391437309,9124.0,9124.0,7704.0,3.9559580728208976,10.148520880116529,-0.8658483121438021,-0.8658483121438021,False,False,5294746080.0,861000.0,486000.0,1.771604938271605,467200.0,1.8428938356164384
4022,ラサ工業,プライム（内国株式）,素材・化学,2026-10-07,400,True,2159.0,2159.0,2093.0,2128.0,2121.0,2173.0,2082.0,2159.0,2113.2,1955.0,2034.5066666666667,1955.72,-0.7200000000000273,down,91.66666666666666,-9.478021978021989,80.58076225045372,2810.0,2173.0,1757.0,0.7003596441415905,8.849104859335032,-24.270462633451963,-2.0708697653014307,False,False,1345388400.0,545800.0,519900.0,1.049817272552414,445200.0,1.2259658580413297
4023,クレハ,プライム（内国株式）,素材・化学,2026-10-07,400,True,3935.0,3960.0,3920.0,3920.0,3915.0,3970.0,3895.0,3955.0,3955.0,4273.6,4243.133333333333,4298.4,-24.799999999999272,down,-88.33333333333333,-94.45970695970696,23.668639053254438,4905.0,4595.0,3895.0,-0.8849557522123908,-8.274054661175601,-20.0815494393476,-14.689880304679004,False,False,996624700.0,187400.0,202500.0,0.9254320987654321,259100.0,0.72327286761868
4025,多木化学,プライム（内国株式）,素材・化学,2026-10-07,400,True,5870.0,5930.0,5830.0,5880.0,5850.0,5950.0,5840.0,5900.0,5786.0,5726.8,5377.733333333334,5729.6,-2.800000000000182,down,56.25,-23.76373626373627,63.74269005847953,6380.0,5950.0,5370.0,1.6246111303145572,2.675141440245854,-7.836990595611281,-1.17647058823529,False,False,101601800.0,18800.0,12600.0,1.492063492063492,17000.0,1.1058823529411765
4027,テイカ,プライム（内国株式）,素材・化学,2026-10-07,400,True,2330.0,2345.0,2300.0,2311.0,2340.0,2362.0,2322.0,2338.0,2328.6,2366.8,2348.92,2367.6,-0.7999999999997272,down,-34.16666666666666,-43.08608058608059,50.49019607843137,2517.0,2489.0,2268.0,-0.7558189470067811,-2.3576136555687133,-8.18434644417958,-7.151466452390521,False,False,108681240.0,49900.0,43300.0,1.1524249422632795,106500.0,0.46854460093896716
4028,石原産業,プライム（内国株式）,素材・化学,2026-10-07,400,True,2830.0,2872.0,2828.0,2840.0,2848.0,2848.0,2801.0,2838.0,2824.4,2941.2,2967.0133333333333,2954.8,-13.600000000000364,down,-60.00000000000001,-92.67399267399267,44.510385756676556,4035.0,3080.0,2784.0,0.5523296983430015,-3.4407724738202083,-29.615861214374227,-7.792207792207795,False,False,509009400.0,135500.0,158400.0,0.8554292929292929,190100.0,0.7127827459231983
4041,日本曹達,プライム（内国株式）,素材・化学,2026-10-07,400,True,3705.0,3725.0,3695.0,3715.0,3715.0,3735.0,3685.0,3720.0,3701.0,3837.2,3789.133333333333,3849.4,-12.200000000000273,down,-32.49999999999999,-82.02075702075702,41.17647058823529,4200.0,3945.0,3625.0,0.37827614158336687,-3.184613780881884,-11.547619047619051,-5.83016476552598,False,False,477104500.0,83700.0,111800.0,0.7486583184257602,205100.0,0.4080936128717699
4042,東ソー,プライム（内国株式）,素材・化学,2026-10-07,400,True,2641.5,2651.0,2622.0,2634.0,2630.0,2644.5,2593.0,2644.5,2629.0,2625.9,2719.24,2626.84,-0.9400000000000546,down,-33.33333333333333,-36.26373626373627,61.45320197044335,3086.0,2686.5,2511.5,0.19018638265499987,0.3084656689135157,-14.646791963707063,-1.9542155220547142,True,True,3517600890.0,1692400.0,1106300.0,1.5297839645665732,1008900.0,1.6774705124392904
4043,トクヤマ,プライム（内国株式）,素材・化学,2026-10-07,400,True,4220.0,4220.0,4154.0,4184.0,4166.0,4201.0,4105.0,4194.0,4141.6,4083.08,4333.293333333333,4076.08,7.0,up,16.666666666666664,61.53846153846154,61.224489795918366,5768.0,4269.0,3906.0,1.0237589337454,2.47166354810584,-27.461858529819693,-1.99109861794331,False,False,2090485820.0,334500.0,349900.0,0.9559874249785653,502000.0,0.6663346613545816
4044,セントラル硝子,プライム（内国株式）,素材・化学,2026-10-07,400,True,4650.0,4715.0,4640.0,4675.0,4570.0,4670.0,4510.0,4650.0,4578.0,4470.6,4367.333333333333,4462.6,8.0,up,35.0,34.6001221001221,69.23076923076923,4790.0,4760.0,4130.0,2.1188291830493755,4.572093231333585,-2.4008350730688965,-1.7857142857142905,False,False,345666700.0,84500.0,80000.0,1.05625,63600.0,1.328616352201258
4045,東亞合成,プライム（内国株式）,素材・化学,2026-10-07,400,True,1827.5,1835.0,1815.0,1815.0,1832.5,1833.0,1817.0,1827.5,1816.1,1824.8,1805.6133333333332,1826.28,-1.4800000000000182,down,-12.083333333333336,-47.206959706959715,54.8469387755102,1922.5,1849.0,1762.0,-0.06056935190792423,-0.5370451556334865,-5.59167750325098,-1.838831800973495,True,False,349991540.0,162900.0,133300.0,1.2220555138784697,231000.0,0.7051948051948052
4046,大阪ソーダ,プライム（内国株式）,素材・化学,2026-10-07,400,True,2161.0,2179.0,2149.0,2170.0,2129.0,2160.0,2105.0,2149.0,2099.6,2030.12,1942.3466666666666,2027.28,2.839999999999918,up,83.33333333333334,-11.202686202686207,69.08713692946058,2534.0,2179.0,1916.0,3.3530196227852915,6.890233089669584,-14.364640883977897,-0.4130335016062414,False,False,1020260020.0,613600.0,688200.0,0.891601278698053,374700.0,1.637576728049106
4047,関東電化工業,プライム（内国株式）,素材・化学,2026-10-07,400,True,2582.0,2582.0,2479.0,2514.0,2540.0,2604.0,2512.0,2592.0,2509.8,2289.92,2743.56,2283.76,6.1599999999998545,up,83.33333333333334,55.311355311355314,75.46082949308756,4405.0,2604.0,2036.0,0.16734401147500133,9.785494689770813,-42.928490351872874,-3.4562211981566837,False,False,1302648380.0,522800.0,406500.0,1.28610086100861,568500.0,0.919613016710642
4051,ＧＭＯフィナンシャルゲート,プライム（内国株式）,情報通信・サービスその他,2026-10-07,400,True,5920.0,5990.0,5880.0,5970.0,5900.0,6040.0,5850.0,5980.0,5940.0,6044.8,6428.8,6071.6,-26.800000000000182,down,-53.75000000000001,-39.45360195360195,50.90909090909091,7110.0,6280.0,5790.0,0.5050505050504972,-1.2374272101641104,-16.03375527426161,-4.936305732484081,False,False,154925600.0,18800.0,27900.0,0.6738351254480287,22700.0,0.8281938325991189
4053,Ｓｕｎ　Ａｓｔｅｒｉｓｋ,プライム（内国株式）,情報通信・サービスその他,2026-10-07,400,True,515.0,519.0,509.0,513.0,507.0,520.0,507.0,517.0,517.8,484.8,460.44,482.92,1.8799999999999955,up,9.583333333333332,79.83821733821735,72.26890756302521,538.0,538.0,444.0,-0.9269988412514363,5.816831683168311,-4.6468401486988835,-4.6468401486988835,False,False,63118020.0,69100.0,107400.0,0.6433891992551211,64800.0,1.066358024691358
4061,デンカ,プライム（内国株式）,素材・化学,2026-10-07,400,True,3316.0,3355.0,3296.0,3337.0,3296.0,3345.0,3236.0,3331.0,3273.4,3289.84,3629.7733333333335,3289.88,-0.03999999999996362,down,-1.6666666666666607,-21.443833943833933,56.97503671071953,4692.0,3409.0,3166.0,1.94293395246532,1.433504364953908,-28.878942881500425,-2.1120563215019095,False,False,2347945360.0,533700.0,614900.0,0.8679460074808912,573700.0,0.9302771483353669
4062,イビデン,プライム（内国株式）,電機・精密,2026-10-07,400,True,12220.0,12490.0,12020.0,12270.0,12245.0,12560.0,12160.0,12400.0,12206.0,10710.5,10271.166666666666,10623.2,87.29999999999927,up,83.33333333333334,58.714896214896214,77.38336713995943,13740.0,12580.0,8607.5,0.5243322955923224,14.560478035572565,-10.698689956331876,-2.4642289348171698,False,False,139447713000.0,8910700.0,10134700.0,0.8792268148045823,15881200.0,0.5610848046747097
4063,信越化学工業,プライム（内国株式）,素材・化学,2026-10-07,400,True,6295.0,6307.0,6225.0,6234.0,6234.0,6341.0,6187.0,6321.0,6166.0,5889.76,6395.0,5880.44,9.320000000000618,up,91.66666666666666,28.00671550671551,70.23411371237458,7930.0,6341.0,5628.0,1.1028219266947747,5.844720328162767,-21.387137452711226,-1.6874310045734142,False,False,40002220700.0,5521800.0,6865100.0,0.8043291430569111,6593000.0,0.8375246473532535
4064,日本カーバイド工業,プライム（内国株式）,素材・化学,2026-10-07,400,True,3835.0,3890.0,3770.0,3805.0,3820.0,3870.0,3760.0,3855.0,3800.0,3571.0,3469.0,3552.8,18.199999999999818,up,92.08333333333334,92.68925518925519,85.08771929824562,3930.0,3890.0,3355.0,0.1315789473684159,6.552786334360117,-3.180661577608146,-2.185089974293064,False,False,385006700.0,80500.0,83900.0,0.9594755661501788,140900.0,0.5713271823988645
4071,プラスアルファ・コンサルティング,プライム（内国株式）,情報通信・サービスその他,2026-10-07,400,True,2063.0,2112.0,2063.0,2109.0,2066.0,2086.0,2056.0,2082.0,2063.4,2079.6,2324.7733333333335,2084.96,-5.360000000000127,down,8.333333333333337,-22.344322344322354,50.482315112540185,2997.0,2142.0,1997.0,2.20994475138121,1.4137334102712007,-29.629629629629626,-1.540616246498594,True,True,292157100.0,131400.0,122800.0,1.0700325732899023,210700.0,0.6236355007119126
4072,電算システムホールディングス,プライム（内国株式）,情報通信・サービスその他,2026-10-07,400,True,3165.0,3175.0,3120.0,3125.0,3130.0,3180.0,3130.0,3165.0,3151.0,3134.8,3000.0533333333333,3133.4,1.400000000000091,up,-84.58333333333334,66.75824175824177,56.19047619047619,4235.0,3280.0,3020.0,-0.825134877816569,-0.31261962485645833,-26.21015348288076,-4.72560975609756,True,False,62885200.0,17100.0,13900.0,1.2302158273381294,17700.0,0.9661016949152542
4078,堺化学工業,プライム（内国株式）,素材・化学,2026-10-07,400,True,3745.0,3770.0,3695.0,3730.0,3775.0,3790.0,3720.0,3765.0,3726.0,3713.6,4027.4666666666667,3721.0,-7.400000000000091,down,51.66666666666666,-39.65201465201464,66.19718309859155,6580.0,3885.0,3440.0,0.10735373054213682,0.4416199913830354,-43.3130699088146,-3.9897039897039854,True,True,424613900.0,111000.0,98700.0,1.1246200607902737,239100.0,0.4642409033877039
4082,第一稀元素化学工業,プライム（内国株式）,素材・化学,2026-10-07,400,True,2160.0,2192.0,2127.0,2150.0,2186.0,2213.0,2145.0,2176.0,2194.2,2402.56,2133.4933333333333,2429.76,-27.200000000000273,down,-96.66666666666666,-96.35225885225884,29.464285714285715,4400.0,2705.0,2127.0,-2.014401604229321,-10.512120404901438,-51.13636363636363,-20.517560073937158,False,False,709293720.0,249300.0,288600.0,0.8638253638253638,1137200.0,0.21922265212803377
4088,エア・ウォーター,プライム（内国株式）,素材・化学,2026-10-07,400,True,2853.0,2877.0,2831.0,2851.0,2902.0,2909.0,2835.0,2885.0,2890.0,2904.36,2696.28,2890.52,13.840000000000146,up,-5.000000000000004,12.759462759462759,37.57700205338809,3215.0,3215.0,2791.0,-1.34948096885813,-1.837237807985237,-11.321928460342146,-11.321928460342146,False,False,2155769120.0,859700.0,928600.0,0.9258022830066767,3237300.0,0.2655608068452105
4091,日本酸素ホールディングス,プライム（内国株式）,素材・化学,2026-10-07,400,True,5647.0,5652.0,5558.0,5558.0,5564.0,5651.0,5537.0,5650.0,5498.2,5505.4,5775.946666666667,5507.12,-1.7200000000002547,down,21.666666666666668,-21.87118437118436,55.00485908649174,6509.0,5673.0,5290.0,1.0876286784766043,0.9554255821557112,-14.610539253341525,-2.027146130794999,False,False,4291275600.0,1019500.0,784800.0,1.2990570846075433,490700.0,2.077644181781129
4092,日本化学工業,プライム（内国株式）,素材・化学,2026-10-07,400,True,5700.0,5750.0,5630.0,5660.0,5680.0,5810.0,5590.0,5730.0,5726.0,5476.4,5254.333333333333,5460.8,15.599999999999454,up,56.666666666666664,73.24481074481075,62.65822784810127,6360.0,5920.0,5100.0,-1.1526370939573871,3.352567380030691,-11.006289308176099,-4.3918918918918965,False,False,539607000.0,62700.0,81900.0,0.7655677655677655,70300.0,0.8918918918918919
4095,日本パーカライジング,プライム（内国株式）,素材・化学,2026-10-07,400,True,1788.0,1799.0,1780.0,1796.0,1790.0,1801.0,1778.0,1796.0,1784.6,1768.24,1721.3733333333332,1766.28,1.9600000000000364,up,12.5,59.99694749694749,62.35955056179775,1876.0,1815.0,1706.0,0.6387986103328469,1.569922634936427,-4.264392324093813,-1.0468319559228667,False,False,403893140.0,224700.0,211800.0,1.0609065155807365,177900.0,1.2630691399662732
4097,高圧ガス工業,プライム（内国株式）,素材・化学,2026-10-07,400,True,1189.0,1199.0,1188.0,1192.0,1193.0,1204.0,1185.0,1198.0,1187.8,1202.84,1155.28,1203.64,-0.8000000000001819,down,-55.41666666666667,-31.715506715506713,49.112426035502956,1257.0,1247.0,1156.0,0.35359488129314,-0.9012004921685302,-5.171042163882255,-4.410585404971934,False,False,45592640.0,26200.0,31500.0,0.8317460317460318,43700.0,0.5995423340961098
4099,四国化成ホールディングス,プライム（内国株式）,素材・化学,2026-10-07,400,True,2600.0,2686.0,2550.0,2649.0,2528.0,2608.0,2475.0,2595.0,2500.4,2266.92,2703.7733333333335,2257.8,9.11999999999989,up,93.33333333333333,22.77167277167277,85.79017264276229,3770.0,2686.0,2058.0,5.9430491121420514,16.854586840294306,-29.73474801061008,-1.3775130305286654,False,False,2437581960.0,1032300.0,993100.0,1.0394723592790254,469400.0,2.1991904559011504
4109,ステラ　ケミファ,プライム（内国株式）,素材・化学,2026-10-07,400,True,5640.0,5640.0,5530.0,5560.0,5540.0,5690.0,5500.0,5630.0,5492.0,5360.0,5655.733333333334,5353.2,6.800000000000182,up,60.0,7.738095238095233,67.27272727272727,8100.0,5690.0,5160.0,1.2381646030589888,3.731343283582089,-31.358024691358022,-2.284710017574687,False,False,295947200.0,33600.0,56700.0,0.5925925925925926,49100.0,0.6843177189409368
4112,保土谷化学工業,プライム（内国株式）,素材・化学,2026-10-07,400,True,2084.0,2125.0,2078.0,2106.0,2098.0,2119.0,2071.0,2111.0,2094.8,2116.72,2131.346666666667,2121.64,-4.920000000000073,down,-8.333333333333325,-57.799145299145295,58.87096774193549,2647.0,2198.0,2002.0,0.53465724651518,-0.506443932121381,-20.43823196071024,-4.185623293903551,True,False,82205100.0,49900.0,24300.0,2.0534979423868314,59000.0,0.8457627118644068
4114,日本触媒,プライム（内国株式）,素材・化学,2026-10-07,400,True,2576.0,2598.5,2545.0,2545.5,2566.5,2585.0,2537.5,2584.0,2555.8,2571.72,2368.8333333333335,2575.76,-4.040000000000418,down,-23.33333333333334,-44.36813186813187,54.97572815533981,2733.5,2620.0,2457.0,-0.40300492996322435,-1.0195511175400074,-6.87762941284068,-2.843511450381675,True,False,1623795540.0,583700.0,534900.0,1.0912320059824265,1090900.0,0.5350627921899349
4116,大日精化工業,プライム（内国株式）,素材・化学,2026-10-07,400,True,1301.0,1325.0,1299.0,1306.0,1317.0,1320.0,1299.0,1304.0,1302.6,1324.08,1219.44,1327.16,-3.0800000000001546,down,-84.58333333333334,-50.54945054945055,53.69649805447471,1416.0,1372.0,1267.0,0.26101642868110453,-1.365476406259436,-7.768361581920901,-4.810495626822153,True,False,150404080.0,104000.0,87400.0,1.1899313501144164,159500.0,0.6520376175548589
4118,カネカ,プライム（内国株式）,素材・化学,2026-10-07,400,True,6112.0,6129.0,6062.0,6062.0,6033.0,6092.0,5969.0,6085.0,6033.8,6066.56,5923.52,6069.4,-2.839999999999236,down,-36.66666666666667,-39.74358974358974,57.921291624621595,6570.0,6260.0,5801.0,0.46736716497066677,-0.07516615676760319,-7.732115677321161,-3.1629392971246006,True,False,1039362220.0,198000.0,133200.0,1.4864864864864864,195700.0,1.0117526826775678
4151,協和キリン,プライム（内国株式）,医薬品,2026-10-07,400,True,2233.0,2248.0,2209.0,2209.0,2236.0,2243.0,2200.0,2218.0,2231.4,2303.76,2499.673333333333,2321.94,-18.179999999999836,down,-70.0,-64.05677655677655,46.61190965092403,2912.0,2416.0,2156.5,-1.003854082638711,-4.113275688439777,-24.141483516483518,-8.567880794701988,False,False,3981760940.0,1896400.0,1590200.0,1.1925543956735,2172200.0,0.8730319491759506
4180,Ａｐｐｉｅｒ　Ｇｒｏｕｐ,プライム（内国株式）,情報通信・サービスその他,2026-10-07,400,True,1402.0,1411.0,1330.0,1336.0,1405.0,1439.0,1375.0,1402.0,1385.4,1439.64,1130.8133333333333,1439.04,0.6000000000001364,up,-63.33333333333333,-3.2356532356532464,24.207492795389047,1617.0,1550.0,1330.0,-3.565757182041296,-7.199021977716658,-17.377860235003094,-13.806451612903226,False,False,1605812420.0,1488500.0,1403800.0,1.0603362302322268,3287800.0,0.45273435123790984
4182,三菱瓦斯化学,プライム（内国株式）,素材・化学,2026-10-07,400,True,4093.0,4116.0,4027.0,4089.0,4040.0,4106.0,3976.0,4093.0,4010.0,3868.44,4281.133333333333,3861.28,7.1599999999998545,up,85.0,15.659340659340659,76.4089121887287,5738.0,4116.0,3589.0,1.9700748129675816,5.701523094580763,-28.73823631927501,-0.6559766763848396,False,False,5636573240.0,1472000.0,1289200.0,1.1417933602233943,1659500.0,0.8870141608918349
4183,三井化学,プライム（内国株式）,素材・化学,2026-10-07,400,True,2173.0,2191.0,2162.0,2163.5,2156.5,2178.5,2120.5,2172.5,2144.7,2165.46,2156.0733333333333,2164.74,0.7200000000002547,up,66.66666666666667,-35.5921855921856,54.33579335793358,2477.5,2250.5,2025.0,0.876579474984851,-0.09051194665337103,-12.674066599394552,-3.865807598311488,True,False,3873863340.0,1520800.0,1326100.0,1.1468215066737049,2446500.0,0.6216227263437564
4186,東京応化工業,プライム（内国株式）,素材・化学,2026-10-07,400,True,9411.0,9420.0,9140.0,9279.0,9194.0,9390.0,9080.0,9378.0,9142.2,8424.72,9394.333333333334,8397.92,26.799999999999272,up,90.0,27.96092796092796,82.55097202465623,12925.0,9420.0,7641.0,1.4963575506989457,10.140158960772583,-28.208897485493235,-1.496815286624209,False,False,6696319580.0,915300.0,662500.0,1.3815849056603773,713600.0,1.2826513452914798
4187,大阪有機化学工業,プライム（内国株式）,素材・化学,2026-10-07,400,True,4745.0,4745.0,4625.0,4695.0,4675.0,4735.0,4615.0,4735.0,4627.0,4295.8,4860.866666666667,4287.8,8.0,up,95.0,14.010989010989006,84.01826484018264,6190.0,4745.0,3845.0,1.4696347525394504,9.29279761627635,-24.151857835218095,-1.0537407797681753,False,False,733600900.0,240300.0,103900.0,2.312800769971126,53700.0,4.4748603351955305
4188,三菱ケミカルグループ,プライム（内国株式）,素材・化学,2026-10-07,400,True,1180.0,1199.0,1174.5,1179.0,1174.0,1182.5,1157.5,1180.0,1166.1,1188.4,1171.5466666666666,1188.58,-0.1799999999998363,down,53.333333333333336,-46.52014652014651,56.083650190114064,1305.0,1261.0,1123.5,1.1062516079238582,-0.790979468192532,-9.6551724137931,-6.5027755749405225,True,False,8493860830.0,7857600.0,6253900.0,1.2564319864404612,6708400.0,1.1713076143342676
4189,ＫＨネオケム,プライム（内国株式）,素材・化学,2026-10-07,400,True,3425.0,3485.0,3410.0,3460.0,3430.0,3465.0,3400.0,3450.0,3415.0,3305.6,3195.72,3302.4,3.199999999999818,up,93.33333333333333,1.5567765567765512,86.58536585365853,3570.0,3485.0,3105.0,1.317715959004384,4.6708615682478305,-3.081232492997199,-0.717360114777621,False,False,397447400.0,119400.0,104400.0,1.1436781609195403,85900.0,1.389988358556461
4194,ビジョナル,プライム（内国株式）,情報通信・サービスその他,2026-10-07,400,True,8826.0,9173.0,8826.0,9133.0,8803.0,8899.0,8787.0,8881.0,8857.8,8753.76,8575.68,8771.4,-17.639999999999418,down,90.0,-44.38339438339438,73.66412213740458,11795.0,9173.0,7915.0,3.106866264760999,4.332309773171761,-22.56888512081391,-0.4360623569170441,False,False,1762229660.0,252600.0,135300.0,1.8669623059866962,190700.0,1.3245936025170424
4202,ダイセル,プライム（内国株式）,素材・化学,2026-10-07,400,True,1451.5,1469.0,1448.0,1460.5,1439.5,1458.5,1420.5,1455.0,1437.8,1434.36,1432.4666666666667,1434.58,-0.22000000000002728,down,48.33333333333333,-35.103785103785114,62.01232032854209,1658.0,1469.0,1366.0,1.578800945889558,1.8224155721018542,-11.911942098914352,-0.5786249149080991,False,False,1791110030.0,1519600.0,1054800.0,1.440652256351915,1236700.0,1.2287539419422657
4203,住友ベークライト,プライム（内国株式）,素材・化学,2026-10-07,400,True,9251.0,9471.0,9220.0,9433.0,9098.0,9329.0,8981.0,9300.0,8961.6,7917.08,7503.266666666666,7837.52,79.55999999999949,up,98.33333333333333,91.39194139194139,87.84277879341865,9471.0,9471.0,6900.0,5.260221389037678,19.147463458749936,-0.4012247914686906,-0.4012247914686906,False,False,7503619640.0,984400.0,843700.0,1.1667654379518786,438700.0,2.2439024390243905
4204,積水化学工業,プライム（内国株式）,素材・化学,2026-10-07,400,True,2540.0,2553.0,2520.0,2535.0,2518.0,2538.0,2510.0,2529.0,2523.5,2532.82,2597.5133333333333,2537.04,-4.2199999999998,down,35.416666666666664,-45.1007326007326,54.24610051993067,3065.0,2559.5,2430.0,0.45571626708935664,0.0860700720935581,-17.292006525285487,-0.9572182066809876,True,True,3963551010.0,1355700.0,1380200.0,0.9822489494276192,1480800.0,0.9155186385737439
4205,日本ゼオン,プライム（内国株式）,素材・化学,2026-10-07,400,True,2460.0,2493.5,2455.5,2473.5,2434.5,2474.0,2415.0,2474.0,2445.5,2423.66,2366.5266666666666,2420.74,2.9200000000000728,up,55.00000000000001,-5.631868131868134,74.40758293838863,2618.0,2493.5,2270.0,1.1449601308525903,2.056394048670196,-5.519480519480524,-0.8020854220974538,False,False,2299817970.0,745500.0,1116500.0,0.6677115987460815,966000.0,0.7717391304347826
4206,アイカ工業,プライム（内国株式）,素材・化学,2026-10-07,400,True,4264.0,4313.0,4236.0,4292.0,4282.0,4327.0,4242.0,4311.0,4250.2,4203.72,3951.8533333333335,4196.64,7.079999999999927,up,-5.000000000000004,73.06166056166057,59.818731117824775,4380.0,4380.0,4031.0,0.9834831302056424,2.1000447222935703,-2.0091324200913196,-2.0091324200913196,False,False,1200270080.0,229500.0,345200.0,0.6648319814600232,208200.0,1.1023054755043227
4208,ＵＢＥ,プライム（内国株式）,素材・化学,2026-10-07,400,True,3381.0,3411.0,3380.0,3409.0,3387.0,3399.0,3345.0,3399.0,3377.2,3437.44,3354.4933333333333,3443.88,-6.440000000000055,down,-33.33333333333333,-70.65018315018314,50.0,3713.0,3527.0,3302.0,0.9416084330214458,-0.8273598957363681,-8.18744950175061,-3.345619506662889,False,False,1982653360.0,462400.0,531700.0,0.8696633439909723,1130800.0,0.4089140431552883
4212,積水樹脂,プライム（内国株式）,素材・化学,2026-10-07,400,True,2935.0,2951.0,2886.0,2908.0,2931.0,2955.0,2904.0,2935.0,2930.8,2941.88,2788.44,2943.04,-1.1599999999998545,down,-19.999999999999996,-2.6556776556776462,42.142857142857146,3110.0,3035.0,2817.0,-0.7779445885082614,-1.1516445266292363,-6.495176848874595,-4.184514003294892,True,False,178799500.0,64500.0,60100.0,1.0732113144758735,43900.0,1.469248291571754
4216,旭有機材,プライム（内国株式）,素材・化学,2026-10-07,400,True,7280.0,7410.0,7220.0,7380.0,7330.0,7400.0,7160.0,7310.0,7248.0,6299.2,6420.266666666666,6240.0,59.19999999999982,up,98.33333333333333,90.87301587301587,92.21556886227546,7930.0,7410.0,5700.0,1.821192052980125,17.15773431546863,-6.935687263556112,-0.4048582995951455,False,False,1029714800.0,82700.0,108400.0,0.7629151291512916,61700.0,1.340356564019449
4218,ニチバン,プライム（内国株式）,素材・化学,2026-10-07,400,True,1869.0,1881.0,1869.0,1877.0,1868.0,1883.0,1863.0,1878.0,1877.4,1920.88,1917.9333333333334,1924.16,-3.2799999999999727,down,-81.66666666666667,-79.25824175824177,35.46099290780142,2018.0,1953.0,1851.0,-0.021306061574521973,-2.284369663904051,-6.987115956392465,-3.891449052739371,False,False,34418180.0,10100.0,14600.0,0.6917808219178082,18400.0,0.5489130434782609
4220,リケンテクノス,プライム（内国株式）,素材・化学,2026-10-07,400,True,2381.0,2448.0,2369.0,2437.0,2398.0,2426.0,2380.0,2408.0,2378.8,2404.04,2224.0266666666666,2411.96,-7.920000000000073,down,23.33333333333333,-57.38705738705738,64.6766169154229,2915.0,2485.0,2258.0,2.4466117370102403,1.3710254405084887,-16.39794168096055,-1.9315895372233438,True,True,424364800.0,164900.0,146200.0,1.127906976744186,160600.0,1.026774595267746
4221,大倉工業,プライム（内国株式）,素材・化学,2026-10-07,400,True,5400.0,5520.0,5400.0,5480.0,5390.0,5480.0,5350.0,5450.0,5392.0,5533.6,5332.2,5540.0,-6.399999999999636,down,-63.33333333333333,-24.404761904761905,52.94117647058824,5810.0,5790.0,5230.0,1.6320474777448135,-0.9686280179268536,-5.679862306368333,-5.354058721934374,False,False,1226868800.0,359100.0,126700.0,2.834254143646409,39200.0,9.160714285714286
4228,積水化成品工業,プライム（内国株式）,素材・化学,2026-10-07,400,True,627.0,629.0,617.0,621.0,617.0,630.0,613.0,630.0,617.6,602.8,573.96,601.4,1.3999999999999773,up,19.166666666666664,44.35286935286935,70.0,668.0,631.0,548.0,0.5505181347150279,3.0192435301924503,-7.035928143712578,-1.5847860538827252,False,False,83750240.0,96000.0,131800.0,0.7283763277693475,198200.0,0.4843592330978809
4229,群栄化学工業,プライム（内国株式）,素材・化学,2026-10-07,400,True,4265.0,4310.0,4235.0,4275.0,4210.0,4325.0,4200.0,4325.0,4235.0,4217.0,4435.133333333333,4221.6,-4.600000000000364,down,60.0,-36.01953601953603,60.75949367088608,6350.0,4325.0,3900.0,0.9445100354191327,1.3753853450320097,-32.677165354330704,-1.1560693641618491,False,False,49257100.0,9500.0,14900.0,0.6375838926174496,21000.0,0.4523809523809524
4246,ダイキョーニシカワ,プライム（内国株式）,素材・化学,2026-10-07,400,True,1064.0,1073.0,1062.0,1063.0,1062.0,1076.0,1060.0,1071.0,1063.0,1088.6,1057.9066666666668,1091.4,-2.800000000000182,down,-56.666666666666664,-58.62332112332111,49.26829268292683,1163.0,1124.0,1031.0,0.0,-2.3516443137975296,-8.598452278589852,-5.427046263345192,False,False,182431000.0,126200.0,160100.0,0.7882573391630231,238200.0,0.5298068849706129
4249,森六,プライム（内国株式）,素材・化学,2026-10-07,400,True,2751.0,2777.0,2738.0,2738.0,2737.0,2804.0,2737.0,2786.0,2771.2,2865.56,2675.12,2874.24,-8.679999999999836,down,-88.33333333333333,-78.02197802197801,46.25850340136054,3020.0,2998.0,2737.0,-1.1980369515011469,-4.451485922472398,-9.337748344370866,-8.672448298865909,False,False,47656840.0,14600.0,12900.0,1.1317829457364341,22400.0,0.6517857142857143
4251,恵和,プライム（内国株式）,素材・化学,2026-10-07,400,True,1187.0,1199.0,1186.0,1198.0,1182.0,1194.0,1182.0,1190.0,1186.6,1178.0,1206.6666666666667,1177.28,0.7200000000000273,up,-7.499999999999996,46.48962148962149,68.86792452830188,1408.0,1206.0,1134.0,0.9607281307938642,1.6977928692699429,-14.91477272727273,-0.6633499170812573,False,False,64998780.0,57100.0,35300.0,1.6175637393767706,88400.0,0.6459276018099548
4272,日本化薬,プライム（内国株式）,素材・化学,2026-10-07,400,True,2139.0,2158.0,2133.0,2138.5,2121.5,2137.5,2105.5,2136.0,2119.3,2085.72,2046.1933333333334,2083.28,2.4399999999996,up,55.00000000000001,45.68070818070819,60.33254156769596,2192.5,2158.0,1991.0,0.9059595149341737,2.530541012216414,-2.46294184720639,-0.9036144578313254,False,False,1155419940.0,572500.0,572200.0,1.0005242922055226,495300.0,1.155865132243085
4275,カーリット,プライム（内国株式）,素材・化学,2026-10-07,400,True,1885.0,1898.0,1843.0,1864.0,1880.0,1895.0,1863.0,1889.0,1878.8,1964.52,2155.2266666666665,1976.04,-11.519999999999982,down,-75.0,-69.33760683760684,44.668008048289735,3095.0,2100.0,1843.0,-0.7877368533106166,-5.116771526886977,-39.77382875605816,-11.238095238095235,False,False,223075100.0,105000.0,72800.0,1.4423076923076923,202000.0,0.5198019801980198
4290,プレステージ・インターナショナル,プライム（内国株式）,情報通信・サービスその他,2026-10-07,400,True,666.0,668.0,661.0,661.0,666.0,671.0,665.0,666.0,669.2,690.56,685.4533333333334,693.16,-2.6000000000000227,down,-95.0,-57.95177045177044,32.98969072164948,762.0,729.0,661.0,-1.2253436939629436,-4.280583873957355,-13.254593175853014,-9.327846364883396,False,False,304263140.0,455600.0,412400.0,1.1047526673132881,539300.0,0.8447988132764696
4301,アミューズ,プライム（内国株式）,情報通信・サービスその他,2026-10-07,400,True,1810.0,1828.0,1802.0,1807.0,1807.0,1872.0,1806.0,1828.0,1825.6,1865.6,1884.68,1870.0,-4.400000000000091,down,-96.66666666666666,-72.63431013431014,37.93103448275862,2178.0,1904.0,1802.0,-1.018843120070112,-3.141080617495706,-17.03397612488522,-5.0945378151260545,False,False,40721500.0,21000.0,33300.0,0.6306306306306306,23300.0,0.9012875536480687
4307,野村総合研究所,プライム（内国株式）,情報通信・サービスその他,2026-10-07,400,True,5127.0,5197.0,5126.0,5189.0,5043.0,5119.0,4971.0,5090.0,5067.6,5076.48,4951.306666666666,5079.56,-3.0800000000008367,down,44.99999999999999,-27.28937728937728,49.07908992416034,6476.0,5310.0,4753.0,2.395611334754122,2.216496469994955,-19.8733786287832,-2.27871939736346,False,False,10186528520.0,2036600.0,2104100.0,0.967919775676061,1839500.0,1.1071486817069855
4310,ドリームインキュベータ,プライム（内国株式）,情報通信・サービスその他,2026-10-07,400,True,2496.0,2601.0,2482.0,2518.0,2491.0,2546.0,2490.0,2546.0,2521.2,2519.68,2547.0266666666666,2521.8,-2.1200000000003456,down,-73.75,2.9761904761904767,56.234096692111954,3090.0,2621.0,2423.0,-0.12692368713310698,-0.06667513335025799,-18.511326860841425,-3.929797787104161,True,False,56132940.0,51100.0,21900.0,2.3333333333333335,7400.0,6.905405405405405
4318,クイック,プライム（内国株式）,情報通信・サービスその他,2026-10-07,400,True,832.0,836.0,827.0,831.0,836.0,843.0,833.0,837.0,837.0,842.52,799.9333333333333,844.2,-1.6800000000000637,down,-86.66666666666667,-22.77167277167278,43.87755102040816,961.0,870.0,805.0,-0.7168458781361964,-1.367326591653606,-13.527575442247663,-4.482758620689653,False,False,69535780.0,75400.0,89900.0,0.8387096774193549,88300.0,0.853907134767837
4323,日本システム技術,プライム（内国株式）,情報通信・サービスその他,2026-10-07,400,True,1892.0,1928.0,1873.0,1875.0,1890.0,1929.0,1890.0,1909.0,1894.2,1894.52,1837.28,1898.52,-4.0,down,6.666666666666665,-27.777777777777768,45.83333333333333,2731.0,1939.0,1800.0,-1.0136205258156505,-1.0303401389270106,-31.34383009886489,-3.3006704486848837,True,False,77784460.0,29000.0,36400.0,0.7967032967032966,46200.0,0.6277056277056277
4324,電通グループ,プライム（内国株式）,情報通信・サービスその他,2026-10-07,400,True,3503.0,3555.0,3500.0,3526.0,3556.0,3578.0,3504.0,3511.0,3538.4,3606.6,3482.2533333333336,3612.04,-5.440000000000055,down,-85.00000000000001,-65.61355311355311,25.649350649350648,3874.0,3733.0,3482.0,-0.3504408772326495,-2.234791770642708,-8.982963345379458,-5.545137958746316,False,False,2775739100.0,785800.0,721900.0,1.08851641501593,852700.0,0.9215433329424182
4326,インテージホールディングス,プライム（内国株式）,情報通信・サービスその他,2026-10-07,400,True,1867.0,1884.0,1863.0,1875.0,1864.0,1893.0,1861.0,1880.0,1901.6,1975.76,1905.12,1982.04,-6.279999999999973,down,-88.33333333333333,-74.72527472527473,33.6996336996337,2156.0,2026.0,1856.0,-1.398822044594017,-5.099809693485035,-13.033395176252316,-7.4531095755182575,False,False,70045480.0,25600.0,37700.0,0.6790450928381963,18600.0,1.3763440860215055
4331,テイクアンドギヴ・ニーズ,プライム（内国株式）,情報通信・サービスその他,2026-10-07,400,True,851.0,851.0,844.0,846.0,856.0,860.0,842.0,849.0,856.6,772.52,715.16,768.08,4.439999999999941,up,37.916666666666664,71.7948717948718,74.28571428571429,880.0,880.0,728.0,-1.2374503852439878,9.511727851706109,-3.863636363636369,-3.863636363636369,False,False,173725880.0,89400.0,206200.0,0.4335596508244423,39900.0,2.2406015037593985
4337,ぴあ,プライム（内国株式）,情報通信・サービスその他,2026-10-07,400,True,2430.0,2453.0,2413.0,2413.0,2436.0,2474.0,2426.0,2437.0,2447.8,2598.12,2668.266666666667,2612.04,-13.920000000000073,down,-96.66666666666666,-94.5054945054945,20.520231213872833,3605.0,2709.0,2413.0,-1.421684778168153,-7.125152033008475,-33.06518723994453,-10.926541159099301,False,False,70579640.0,29100.0,32500.0,0.8953846153846153,19400.0,1.5
4343,イオンファンタジー,プライム（内国株式）,情報通信・サービスその他,2026-10-07,400,True,2630.0,2698.0,2629.0,2689.0,2638.0,2662.0,2621.0,2636.0,2665.2,2745.16,2709.7066666666665,2751.2,-6.039999999999964,down,-63.33333333333333,-84.92063492063492,40.503432494279174,3755.0,2884.0,2621.0,0.8929911451298178,-2.0457823951973597,-28.388814913448734,-6.761442441054088,False,False,159718480.0,59900.0,66400.0,0.9021084337349398,93900.0,0.6379126730564431
4344,ソースネクスト,プライム（内国株式）,情報通信・サービスその他,2026-10-07,400,True,102.0,103.0,100.0,101.0,100.0,102.0,100.0,101.0,101.4,107.6,108.25333333333333,108.28,-0.6800000000000068,down,-79.16666666666667,-93.43711843711844,20.0,190.0,115.0,99.0,-0.39447731755424265,-6.13382899628252,-46.8421052631579,-12.173913043478258,False,False,152852920.0,1633300.0,1689200.0,0.9669074117925646,744400.0,2.1941160666308437
4345,シーティーエス,プライム（内国株式）,情報通信・サービスその他,2026-10-07,400,True,816.0,820.0,813.0,818.0,816.0,821.0,814.0,819.0,819.2,834.28,841.6266666666667,835.44,-1.1600000000000819,down,-84.16666666666666,-37.16422466422466,32.83582089552239,1112.0,857.0,812.0,-0.146484375,-1.9513832286522481,-26.43884892086331,-4.550758459743287,False,False,46668680.0,42200.0,59700.0,0.7068676716917923,40000.0,1.055
4362,日本精化,プライム（内国株式）,素材・化学,2026-10-07,400,True,2759.0,2790.0,2723.0,2746.0,2630.0,2654.0,2623.0,2650.0,2663.2,2674.72,2632.1466666666665,2674.16,0.5599999999999454,up,5.000000000000004,-41.81929181929183,60.70726915520629,3115.0,2790.0,2561.0,3.1090417542805726,2.6649518454268106,-11.845906902086679,-1.5770609318996431,False,False,87293080.0,81000.0,14200.0,5.704225352112676,22600.0,3.584070796460177
4368,扶桑化学工業,プライム（内国株式）,素材・化学,2026-10-07,400,True,3530.0,3550.0,3415.0,3475.0,3465.0,3540.0,3390.0,3515.0,3422.0,3037.84,3599.693333333333,3017.68,20.16000000000031,up,97.91666666666666,66.33089133089133,92.60700389105058,4995.0,3550.0,2695.0,1.548801870251304,14.39048797830036,-30.430430430430434,-2.1126760563380254,False,False,2217658000.0,535600.0,624800.0,0.8572343149807938,821900.0,0.6516607859836964
4369,トリケミカル研究所,プライム（内国株式）,素材・化学,2026-10-07,400,True,3385.0,3485.0,3365.0,3460.0,3380.0,3460.0,3320.0,3420.0,3351.0,3077.64,3273.4933333333333,3064.64,13.0,up,96.66666666666667,17.261904761904766,83.9907192575406,4455.0,3485.0,2796.0,3.2527603700387875,12.423805253375964,-22.334455667789,-0.717360114777621,False,False,1622834700.0,460100.0,503200.0,0.9143481717011129,667100.0,0.6897016938989656
4373,シンプレクス・ホールディングス,プライム（内国株式）,情報通信・サービスその他,2026-10-07,400,True,1166.0,1186.0,1150.0,1161.0,1175.0,1188.0,1155.0,1162.0,1144.2,1156.6,1099.0,1160.52,-3.9200000000000728,down,46.666666666666664,-51.46520146520146,50.847457627118644,1280.0,1193.0,1085.0,1.4682747771368687,0.38042538474840626,-9.296875000000004,-2.6823134953897765,True,True,1306076220.0,813200.0,1249400.0,0.6508724187610053,1106600.0,0.7348635459967467
4385,メルカリ,プライム（内国株式）,情報通信・サービスその他,2026-10-07,400,True,3597.0,3621.0,3559.0,3600.0,3562.0,3577.0,3489.0,3551.0,3574.6,3883.84,4258.173333333333,3924.52,-40.679999999999836,down,-66.66666666666667,-94.85653235653236,33.056872037914694,5111.0,4473.0,3489.0,0.7105690147149346,-7.308231029084622,-29.563686167090587,-19.51710261569416,False,False,5519901640.0,1522800.0,1309600.0,1.1627978008552229,1621100.0,0.939362161495281
4390,ＩＰＳ,プライム（内国株式）,情報通信・サービスその他,2026-10-07,400,True,3535.0,3570.0,3420.0,3435.0,3635.0,3740.0,3540.0,3585.0,3794.0,4026.6,3760.133333333333,4056.6,-30.0,down,-85.00000000000001,-62.94261294261294,19.71153846153846,4320.0,4285.0,3420.0,-9.462308908803374,-14.692296230070035,-20.486111111111114,-19.836639439906655,False,False,738145400.0,385400.0,541100.0,0.7122528183330253,52800.0,7.299242424242424
4392,ＦＩＧ,プライム（内国株式）,情報通信・サービスその他,2026-10-07,400,True,909.0,912.0,880.0,897.0,914.0,928.0,909.0,913.0,910.6,987.24,1038.6533333333334,996.92,-9.67999999999995,down,-50.416666666666664,-94.7039072039072,37.558685446009385,3075.0,1083.0,880.0,-1.4935207555457963,-9.14063449617114,-70.82926829268293,-17.174515235457065,False,False,519715820.0,853800.0,405400.0,2.1060680809077454,2569200.0,0.33232134516581036
4396,システムサポートホールディングス,プライム（内国株式）,情報通信・サービスその他,2026-10-07,400,True,1355.0,1375.0,1349.0,1366.0,1320.0,1368.0,1320.0,1357.0,1338.6,1357.88,1213.2266666666667,1359.72,-1.8399999999999181,down,8.333333333333337,-38.2020757020757,53.93258426966292,1737.5,1407.0,1283.0,2.046914686986412,0.597990985948682,-21.381294964028775,-2.9140014214641075,True,True,79448540.0,37600.0,59900.0,0.6277128547579299,88400.0,0.4253393665158371
4401,ＡＤＥＫＡ,プライム（内国株式）,素材・化学,2026-10-07,400,True,4800.0,4853.0,4779.0,4807.0,4742.0,4831.0,4713.0,4804.0,4713.6,4582.4,4385.213333333333,4574.84,7.559999999999491,up,72.91666666666667,10.729548229548225,81.16385911179172,5104.0,4853.0,4272.0,1.9815003394433095,4.90136173184359,-5.818965517241381,-0.9478672985781977,False,False,1336337720.0,347600.0,258800.0,1.3431221020092736,343300.0,1.0125254879114478
4403,日油,プライム（内国株式）,素材・化学,2026-10-07,400,True,2574.5,2591.0,2561.5,2573.5,2552.0,2560.0,2529.0,2558.5,2546.0,2598.66,2693.3,2605.94,-7.2800000000002,down,11.66666666666667,-93.4065934065934,46.49122807017544,3400.0,2666.0,2484.0,1.0801256873527176,-0.9681912985923469,-24.30882352941176,-3.4696174043510886,False,False,1838677700.0,689500.0,468200.0,1.4726612558735583,923800.0,0.7463736739554016
4410,ハリマ化成グループ,プライム（内国株式）,素材・化学,2026-10-07,400,True,1136.0,1143.0,1127.0,1137.0,1125.0,1150.0,1121.0,1146.0,1136.6,1119.48,1092.96,1118.64,0.8399999999999181,up,-36.66666666666667,30.692918192918196,65.50218340611353,1208.0,1167.0,1049.0,0.035192679922579906,1.5650123271518934,-5.877483443708609,-2.570694087403602,False,False,59218160.0,59600.0,52200.0,1.1417624521072798,41600.0,1.4326923076923077
4413,ボードルア,プライム（内国株式）,情報通信・サービスその他,2026-10-07,400,True,2985.0,2985.0,2942.0,2970.0,2953.0,3005.0,2953.0,2985.0,2965.6,2964.92,2898.693333333333,2964.8,0.11999999999989086,up,36.66666666666667,18.757631257631257,51.24999999999999,3315.0,3005.0,2938.0,0.14836795252226587,0.17133683202243954,-10.407239819004522,-1.1647254575707144,True,True,341803980.0,126300.0,144200.0,0.875866851595007,305700.0,0.41315014720314036
4432,ウイングアーク１ｓｔ,プライム（内国株式）,情報通信・サービスその他,2026-10-07,400,True,3335.0,3380.0,3335.0,3380.0,3355.0,3375.0,3285.0,3320.0,3346.0,3304.4,3006.786666666667,3311.8,-7.400000000000091,down,47.916666666666664,-13.64468864468864,65.27777777777779,3810.0,3400.0,3070.0,1.0161386730424438,2.287858612758753,-11.286089238845143,-0.588235294117645,False,False,336102300.0,94200.0,109900.0,0.8571428571428571,114500.0,0.8227074235807861
4433,ヒト・コミュニケーションズ・ホールディングス,プライム（内国株式）,情報通信・サービスその他,2026-10-07,400,True,833.0,839.0,832.0,834.0,831.0,839.0,831.0,835.0,837.0,853.76,873.0933333333334,855.28,-1.5199999999999818,down,-93.33333333333333,-70.87912087912088,34.24657534246575,1125.0,876.0,831.0,-0.35842293906810374,-2.3144677661169455,-25.86666666666667,-4.794520547945202,False,False,22029640.0,16200.0,22900.0,0.7074235807860262,56200.0,0.28825622775800713
4443,Ｓａｎｓａｎ,プライム（内国株式）,情報通信・サービスその他,2026-10-07,400,True,2166.0,2189.0,2111.0,2134.0,2142.0,2187.0,2138.0,2162.0,2101.4,2091.76,1920.96,2099.0,-7.239999999999782,down,70.0,-33.22649572649572,52.926829268292686,2355.0,2189.0,1937.0,1.5513467212334486,2.0193521245267076,-9.38428874734607,-2.5125628140703515,False,False,2507235680.0,983300.0,1282300.0,0.7668252359042346,1372000.0,0.7166909620991254
4452,花王,プライム（内国株式）,素材・化学,2026-10-07,400,True,3490.0,3541.0,3480.0,3511.0,3490.0,3495.0,3462.0,3484.0,3477.2,3487.64,3394.0666666666666,3492.6,-4.960000000000036,down,-32.08333333333333,-31.62393162393162,59.210526315789465,3782.0,3548.0,3360.0,0.9720464741746371,0.6697939007466402,-7.165520888418831,-1.0428410372040564,True,True,9078471820.0,3186500.0,1917800.0,1.6615392637397017,2381100.0,1.3382470286842216
4461,第一工業製薬,プライム（内国株式）,素材・化学,2026-10-07,400,True,16300.0,16770.0,15990.0,16730.0,16140.0,16400.0,15550.0,16360.0,15790.0,13696.4,12802.533333333333,13569.2,127.19999999999891,up,98.33333333333333,58.65384615384615,98.99598393574297,16770.0,16770.0,11600.0,5.953134895503487,22.14888583861454,-0.23852116875372475,-0.23852116875372475,False,False,2862617800.0,183300.0,222000.0,0.8256756756756757,159100.0,1.1521055939660592
4462,石原ケミカル,プライム（内国株式）,素材・化学,2026-10-07,400,True,3130.0,3195.0,3080.0,3185.0,3085.0,3145.0,3045.0,3145.0,3072.8,2905.56,3066.04,2894.0,11.559999999999945,up,96.66666666666667,5.0061050061050105,83.85502471169687,3875.0,3195.0,2719.0,3.651392866441028,9.617423147345082,-17.806451612903228,-0.3129890453834161,False,False,152942460.0,38700.0,30400.0,1.2730263157894737,28200.0,1.372340425531915
4471,三洋化成工業,プライム（内国株式）,素材・化学,2026-10-07,400,True,1714.0,1725.0,1679.0,1700.0,1678.0,1719.0,1663.0,1707.0,1675.8,1586.1,1425.5833333333333,1581.8,4.2999999999999545,up,91.66666666666666,47.05433455433455,85.01628664495115,1725.0,1725.0,1447.5,1.4440864064924286,7.181136120042875,-1.449275362318836,-1.449275362318836,False,False,653541380.0,411900.0,315000.0,1.3076190476190477,550800.0,0.7478213507625272
4480,メドレー,プライム（内国株式）,情報通信・サービスその他,2026-10-07,400,True,2310.0,2411.0,2310.0,2404.0,2326.0,2360.0,2278.0,2294.0,2324.0,2418.6,2282.16,2431.0,-12.400000000000091,down,-30.000000000000004,-89.92673992673991,47.41379310344828,3040.0,2502.0,2274.0,3.442340791738374,-0.6036550070288582,-20.921052631578952,-3.9168665067945696,False,False,532043420.0,264500.0,167800.0,1.5762812872467222,164300.0,1.6098600121728546
4481,ベース,プライム（内国株式）,情報通信・サービスその他,2026-10-07,400,True,3145.0,3165.0,3145.0,3160.0,3170.0,3185.0,3145.0,3150.0,3171.0,3246.0,3157.9333333333334,3255.2,-9.199999999999818,down,-77.08333333333333,-88.94993894993894,28.26086956521739,3690.0,3355.0,3140.0,-0.34689372437717303,-2.649414664202099,-14.363143631436316,-5.812220566318926,False,False,172902000.0,39700.0,41100.0,0.9659367396593674,45500.0,0.8725274725274725
4483,ＪＭＤＣ,プライム（内国株式）,情報通信・サービスその他,2026-10-07,400,True,3715.0,3785.0,3675.0,3690.0,3690.0,3730.0,3650.0,3730.0,3679.0,3571.6,3308.8,3564.0,7.599999999999909,up,71.66666666666667,75.03052503052503,55.84415584415584,4950.0,3785.0,3430.0,0.298994291927146,3.315040878037867,-25.454545454545453,-2.509907529722588,False,False,865442000.0,210700.0,263200.0,0.800531914893617,517500.0,0.4071497584541063
4502,武田薬品工業,プライム（内国株式）,医薬品,2026-10-07,400,True,5715.0,5778.0,5708.0,5766.0,5686.0,5749.0,5650.0,5719.0,5699.6,5788.64,5569.44,5790.0,-1.3599999999996726,down,-66.66666666666667,-16.437728937728945,51.54749199573105,6033.0,6030.0,5557.0,1.164994034669098,-0.3911108654191753,-4.4256588761810045,-4.378109452736323,False,False,21059726340.0,3222600.0,3536400.0,0.9112656939260265,5384700.0,0.5984734525600311
4503,アステラス製薬,プライム（内国株式）,医薬品,2026-10-07,400,True,2254.5,2270.5,2242.5,2255.5,2243.0,2247.0,2216.0,2243.5,2257.9,2316.86,2259.54,2321.46,-4.599999999999909,down,-83.33333333333333,-47.74114774114775,45.32828282828283,2717.0,2413.0,2182.5,-0.10629345852340988,-2.6484120749635354,-16.98564593301436,-6.527144633236636,False,False,11687426870.0,5853100.0,5031100.0,1.1633837530559916,5484800.0,1.067149212368728
4506,住友ファーマ,プライム（内国株式）,医薬品,2026-10-07,400,True,1630.0,1642.0,1606.0,1610.0,1608.5,1624.5,1595.0,1621.0,1611.7,1593.42,1454.8866666666668,1588.42,5.0,up,26.66666666666667,24.2979242979243,55.176613885505475,3288.0,1667.0,1490.0,-0.10547868710057973,1.0405291762372704,-51.03406326034063,-3.4193161367726432,False,False,4015886960.0,1812600.0,2634600.0,0.687998178091551,4424700.0,0.40965489185707504
4507,塩野義製薬,プライム（内国株式）,医薬品,2026-10-07,400,True,2724.0,2778.5,2711.0,2762.5,2694.0,2763.0,2686.5,2763.0,2764.9,2879.3,2862.6266666666666,2885.3,-6.0,down,-89.99999999999999,-54.0903540903541,43.286867204695525,3758.0,3005.0,2649.0,-0.08680241600058647,-4.0565415205084605,-26.490154337413518,-8.069883527454246,False,False,11510254190.0,3910100.0,4590400.0,0.8517994074590449,3499800.0,1.1172352705868906
4516,日本新薬,プライム（内国株式）,医薬品,2026-10-07,400,True,3372.0,3393.0,3354.0,3367.0,3370.0,3388.0,3350.0,3366.0,3392.6,3439.56,3698.7466666666664,3448.56,-9.0,down,-85.00000000000001,-48.58058608058609,47.00193423597679,6529.0,3556.0,3337.0,-0.7545835052761851,-2.10957215457791,-48.43008117629039,-5.314960629921261,False,False,1669651440.0,398600.0,330700.0,1.2053220441487753,319200.0,1.2487468671679198
4519,中外製薬,プライム（内国株式）,医薬品,2026-10-07,400,True,6126.0,6192.0,6070.0,6101.0,6118.0,6148.0,6039.0,6120.0,6103.4,6480.8,6952.48,6518.08,-37.279999999999745,down,-61.66666666666667,-85.40903540903541,39.69716919025675,10700.0,6804.0,5974.0,-0.039322344922498864,-5.8603876064683424,-42.98130841121496,-10.332157554379773,False,False,21317498840.0,2228700.0,2432600.0,0.9161802186960454,1920500.0,1.1604790419161677
4521,科研製薬,プライム（内国株式）,医薬品,2026-10-07,400,True,3780.0,3790.0,3750.0,3755.0,3765.0,3780.0,3755.0,3770.0,3778.0,3891.2,3888.6,3900.6,-9.400000000000091,down,-91.25000000000001,-66.55982905982907,35.869565217391305,4445.0,4010.0,3750.0,-0.6087877183695078,-3.5002055921052544,-15.523059617547808,-6.3591022443890255,False,False,372980900.0,129700.0,59400.0,2.1835016835016834,96600.0,1.3426501035196687
4523,エーザイ,プライム（内国株式）,医薬品,2026-10-07,400,True,4677.0,4714.0,4640.0,4640.0,4679.0,4695.0,4645.0,4676.0,4701.6,4763.76,4596.2266666666665,4771.12,-7.359999999999673,down,-93.33333333333333,9.874847374847374,43.142476697736356,5276.0,5003.0,4584.0,-1.3101922749702344,-2.5979478395217304,-12.054586808188017,-7.255646612032784,False,False,4860698520.0,960300.0,1052800.0,0.9121390577507599,1312400.0,0.7317128924108504
4526,理研ビタミン,プライム（内国株式）,食品,2026-10-07,400,True,3075.0,3130.0,3070.0,3115.0,3110.0,3110.0,3065.0,3085.0,3093.0,3264.0,3203.9466666666667,3276.6,-12.599999999999909,down,-77.08333333333333,-70.63492063492063,27.27272727272727,3470.0,3395.0,3050.0,0.711283543485286,-4.564950980392157,-10.230547550432279,-8.247422680412376,False,False,179698700.0,47900.0,54500.0,0.8788990825688073,165700.0,0.28907664453832227
4527,ロート製薬,プライム（内国株式）,医薬品,2026-10-07,400,True,2702.0,2733.5,2695.5,2729.5,2725.5,2736.0,2693.0,2718.0,2756.3,2852.06,2650.12,2867.12,-15.059999999999945,down,-75.0,-88.62942612942612,31.00671140939597,3122.0,2938.0,2693.0,-0.9723179624859468,-4.297244798496525,-12.572069186418966,-7.0966643975493575,False,False,3365927170.0,961900.0,1137000.0,0.8459982409850484,1663000.0,0.5784125075165364
4528,小野薬品工業,プライム（内国株式）,医薬品,2026-10-07,400,True,2262.0,2285.5,2257.5,2257.5,2286.0,2290.0,2261.0,2274.0,2286.6,2375.06,2394.8733333333334,2383.04,-7.980000000000018,down,-98.33333333333334,-80.34188034188034,39.04109589041096,2674.5,2458.0,2257.5,-1.2726318551561255,-4.949769690028882,-15.591699383062252,-8.157038242473558,False,False,3371793600.0,1964600.0,1314800.0,1.4942196531791907,1559800.0,1.2595204513399154
4534,持田製薬,プライム（内国株式）,医薬品,2026-10-07,400,True,3115.0,3125.0,3100.0,3110.0,3090.0,3130.0,3090.0,3130.0,3120.0,3219.8,3195.4,3227.0,-7.199999999999818,down,-84.16666666666666,-55.12820512820513,37.07865168539326,3965.0,3340.0,3070.0,-0.3205128205128194,-3.4101496987390623,-21.56368221941992,-6.886227544910184,False,False,145703600.0,33600.0,34000.0,0.9882352941176471,42200.0,0.7962085308056872
4536,参天製薬,プライム（内国株式）,医薬品,2026-10-07,400,True,1689.5,1690.5,1672.5,1677.0,1683.5,1699.0,1661.0,1683.5,1672.1,1749.28,1916.9533333333334,1756.1,-6.819999999999936,down,-60.00000000000001,-92.64346764346764,40.85872576177285,2254.0,1826.0,1631.5,0.29304467436159776,-4.131985731272292,-25.59893522626442,-8.159912376779843,False,False,2147218620.0,944000.0,1226700.0,0.7695443058612538,1180100.0,0.7999322091348191
4538,扶桑薬品工業,プライム（内国株式）,医薬品,2026-10-07,400,True,2142.0,2151.0,2137.0,2143.0,2150.0,2171.0,2145.0,2154.0,2163.6,2228.8,2199.173333333333,2235.0,-6.199999999999818,down,-91.66666666666667,-76.66361416361416,41.2751677852349,2530.0,2285.0,2137.0,-0.952116842299866,-3.849605168700654,-15.296442687747035,-6.214442013129107,False,False,44460520.0,21500.0,15500.0,1.3870967741935485,8600.0,2.5
4540,ツムラ,プライム（内国株式）,医薬品,2026-10-07,400,True,3719.0,3749.0,3715.0,3749.0,3728.0,3742.0,3713.0,3725.0,3726.6,3766.92,3782.9466666666667,3768.32,-1.400000000000091,down,-79.58333333333334,1.4804639804639752,45.67099567099567,4403.0,3888.0,3642.0,0.6010840981055088,-0.47572021704734846,-14.853508971156026,-3.5751028806584317,False,False,1336089380.0,324700.0,375500.0,0.8647137150466045,549800.0,0.5905783921425973
4543,テルモ,プライム（内国株式）,電機・精密,2026-10-07,400,True,2323.0,2339.0,2312.0,2324.5,2315.0,2347.0,2285.0,2333.5,2307.3,2325.12,2337.806666666667,2333.7,-8.579999999999927,down,28.333333333333332,-49.02319902319903,56.44490644490644,2689.0,2428.0,2194.5,0.7454600615437901,-0.02666529039361265,-13.555224990702863,-4.26276771004942,True,False,12601578650.0,3201400.0,5402400.0,0.5925884791944321,3436100.0,0.9316958179331218
4544,Ｈ．Ｕ．グループホールディングス,プライム（内国株式）,情報通信・サービスその他,2026-10-07,400,True,3545.0,3580.0,3541.0,3552.0,3485.0,3578.0,3479.0,3574.0,3514.6,3516.44,3454.693333333333,3520.28,-3.8400000000001455,down,-23.33333333333334,-9.447496947496958,55.95408895265423,4093.0,3659.0,3351.0,1.0641324759574466,1.011250014218934,-13.217688736867828,-2.9242962558076013,False,False,665296840.0,191000.0,191600.0,0.9968684759916493,199800.0,0.955955955955956
4547,キッセイ薬品工業,プライム（内国株式）,医薬品,2026-10-07,400,True,3705.0,3725.0,3685.0,3695.0,3680.0,3715.0,3670.0,3705.0,3721.0,3935.6,4047.866666666667,3952.0,-16.40000000000009,down,-85.00000000000001,-89.95726495726495,23.577235772357724,5040.0,4070.0,3670.0,-0.6987368986831499,-6.113426161195246,-26.68650793650794,-9.213759213759209,False,False,313253600.0,71000.0,51300.0,1.3840155945419104,52000.0,1.3653846153846154
4548,生化学工業,プライム（内国株式）,医薬品,2026-10-07,400,True,570.0,578.0,570.0,575.0,574.0,575.0,568.0,574.0,575.2,654.6,699.2133333333334,660.24,-5.639999999999986,down,-82.08333333333333,-95.66544566544566,24.691358024691358,820.0,712.0,566.0,-0.03477051460362146,-12.160097769630307,-29.87804878048781,-19.24157303370787,False,False,283620720.0,164100.0,464900.0,0.3529791352979135,173400.0,0.9463667820069204
4549,栄研化学,プライム（内国株式）,医薬品,2026-10-07,400,True,2330.0,2377.0,2329.0,2367.0,2279.0,2344.0,2258.0,2336.0,2302.8,2305.92,2396.1866666666665,2303.16,2.7600000000002183,up,-14.999999999999991,6.852869352869351,60.9375,3500.0,2409.0,2196.0,2.787910369984359,2.6488343047460505,-32.371428571428574,-1.743462017434616,False,False,243033360.0,133200.0,100500.0,1.3253731343283581,142500.0,0.9347368421052632
4552,ＪＣＲファーマ,プライム（内国株式）,医薬品,2026-10-07,400,True,488.0,496.0,481.0,481.0,512.0,517.0,487.0,490.0,492.0,512.4,500.82666666666665,514.88,-2.480000000000018,down,-73.75,-92.35347985347985,35.15625,824.0,559.0,481.0,-2.2357723577235755,-6.128024980483993,-41.62621359223301,-13.953488372093027,False,False,773341140.0,1028800.0,2034400.0,0.5057019268580417,301100.0,3.4168050481567587
4553,東和薬品,プライム（内国株式）,医薬品,2026-10-07,400,True,3585.0,3605.0,3565.0,3585.0,3560.0,3635.0,3560.0,3620.0,3554.0,3621.2,3836.8,3635.2,-14.0,down,-63.33333333333333,-34.27960927960927,52.121212121212125,4490.0,3810.0,3440.0,0.8722566122678632,-0.999668618137628,-20.15590200445434,-5.905511811023622,False,False,299638200.0,66400.0,121200.0,0.5478547854785478,145300.0,0.4569855471438403
4554,富士製薬工業,プライム（内国株式）,医薬品,2026-10-07,400,True,1755.0,1787.0,1755.0,1779.0,1728.0,1768.0,1728.0,1760.0,1750.0,1777.16,1881.9733333333334,1779.2,-2.0399999999999636,down,-64.99999999999999,-10.760073260073266,53.2033426183844,2559.0,1868.0,1718.0,1.6571428571428681,0.10353597875261134,-30.480656506447833,-4.7644539614561054,True,True,141374660.0,75800.0,75800.0,1.0,87400.0,0.8672768878718535
4559,ゼリア新薬工業,プライム（内国株式）,医薬品,2026-10-07,400,True,1910.0,1928.0,1906.0,1923.0,1903.0,1919.0,1900.0,1914.0,1917.8,1983.8,2043.8,1988.48,-4.680000000000064,down,-83.33333333333333,-58.34859584859584,30.21276595744681,2434.0,2037.0,1895.0,0.2711440191886627,-3.0648250831737056,-20.994248151191453,-5.596465390279826,False,False,290993700.0,91500.0,137500.0,0.6654545454545454,232400.0,0.39371772805507743
4565,ネクセラファーマ,プライム（内国株式）,医薬品,2026-10-07,400,True,1238.0,1257.0,1226.0,1256.0,1241.0,1247.0,1207.0,1224.0,1239.6,1215.44,1052.52,1210.08,5.360000000000127,up,-5.000000000000004,72.2985347985348,54.066985645933016,1319.0,1319.0,1159.0,1.3230074217489562,3.337063121174211,-4.776345716451857,-4.776345716451857,False,False,876094360.0,927700.0,714600.0,1.2982087881332214,1449600.0,0.6399696467991169
4568,第一三共,プライム（内国株式）,医薬品,2026-10-07,400,True,2745.0,2759.5,2702.5,2702.5,2749.0,2757.0,2711.0,2752.0,2724.0,2806.36,2746.4133333333334,2815.5,-9.139999999999873,down,-86.66666666666667,-41.71245421245422,37.9222972972973,4178.0,2962.5,2679.0,-0.7892804698972133,-3.7008794310067206,-35.31594064145524,-8.776371308016873,False,False,12956939900.0,4424300.0,3925600.0,1.1270379050336254,5495600.0,0.8050622316034646
4569,杏林製薬,プライム（内国株式）,医薬品,2026-10-07,400,True,1055.0,1057.0,1046.0,1052.0,1060.0,1064.0,1052.0,1057.0,1065.4,1118.08,1139.8133333333333,1123.08,-5.0,down,-98.33333333333334,-72.1001221001221,26.797385620915033,1725.0,1149.0,1046.0,-1.2577435704899664,-5.91013165426445,-39.01449275362319,-8.442123585726724,False,False,211783540.0,203600.0,132300.0,1.5389266817838247,214600.0,0.9487418452935694
4574,大幸薬品,プライム（内国株式）,医薬品,2026-10-07,400,True,254.0,258.0,253.0,258.0,254.0,257.0,253.0,257.0,255.6,255.76,262.1066666666667,255.96,-0.20000000000001705,down,-27.916666666666657,-11.477411477411481,53.84615384615385,317.0,265.0,247.0,0.9389671361502261,0.8758210822646273,-18.611987381703464,-2.6415094339622636,True,True,21219220.0,49700.0,70300.0,0.7069701280227596,92400.0,0.5378787878787878
4577,ダイト,プライム（内国株式）,医薬品,2026-10-07,400,True,1312.0,1318.0,1307.0,1310.0,1307.0,1325.0,1307.0,1319.0,1309.0,1307.52,1287.64,1309.16,-1.6400000000001,down,-62.083333333333336,-5.70818070818071,60.43956043956044,1521.0,1360.0,1236.0,0.07639419404126269,0.18967205090554273,-13.872452333990793,-3.676470588235292,True,True,84936380.0,37000.0,54900.0,0.6739526411657559,105900.0,0.3493862134088763
4578,大塚ホールディングス,プライム（内国株式）,医薬品,2026-10-07,400,True,11560.0,11705.0,11475.0,11475.0,11500.0,11545.0,11435.0,11455.0,11428.0,11538.4,11500.666666666666,11566.2,-27.80000000000109,down,58.33333333333333,-64.28571428571428,54.506437768240346,12795.0,12025.0,10745.0,0.4112705635281655,-0.5494695971711816,-10.316529894490035,-4.5738045738045745,True,False,12587389000.0,1142400.0,867300.0,1.3171912832929782,1258300.0,0.9078915997774776
4587,ペプチドリーム,プライム（内国株式）,医薬品,2026-10-07,400,True,1060.0,1075.5,1052.0,1060.5,1073.5,1086.5,1047.5,1058.5,1076.9,1073.88,1031.4720011393229,1076.04,-2.1599999999998545,down,-21.666666666666657,-45.83333333333333,50.693069306930695,1793.0,1144.0,1028.0,-1.5228897762095017,-1.2459492680746531,-40.85331846068042,-7.298951048951052,True,False,783039890.0,589500.0,734400.0,0.8026960784313726,733500.0,0.803680981595092
4611,大日本塗料,プライム（内国株式）,素材・化学,2026-10-07,400,True,1593.0,1608.0,1586.0,1604.0,1583.0,1603.0,1572.0,1600.0,1581.4,1565.96,1463.0933333333332,1565.36,0.6000000000001364,up,43.333333333333336,16.16300366300366,65.41666666666667,1649.0,1608.0,1492.0,1.4291134437839803,2.4291808219877975,-2.7289266221952713,-0.24875621890547706,False,False,89965960.0,53400.0,62600.0,0.853035143769968,71100.0,0.7510548523206751
4612,日本ペイントホールディングス,プライム（内国株式）,素材・化学,2026-10-07,400,True,1191.5,1233.5,1183.0,1229.5,1207.0,1213.5,1189.5,1189.5,1191.2,1157.32,1149.24,1155.26,2.0599999999999454,up,57.91666666666666,26.57203907203908,71.42857142857143,1282.5,1233.5,1076.5,3.2152451309603647,6.2368230048733375,-4.1325536062378205,-0.32428050263477726,False,False,4380341260.0,5291300.0,3193300.0,1.6570005949957725,2844400.0,1.860251722683167
4613,関西ペイント,プライム（内国株式）,素材・化学,2026-10-07,400,True,2792.0,2836.0,2790.5,2830.0,2772.5,2798.5,2771.5,2792.0,2793.5,2827.12,2793.26,2828.28,-1.1600000000003092,down,-38.33333333333333,-34.08119658119657,45.334928229665074,3091.0,2920.0,2757.5,1.3066046178628943,0.10187045473839529,-8.443869297961825,-3.082191780821919,True,True,2362809780.0,1001100.0,747500.0,1.3392642140468227,615800.0,1.6256901591425788
4617,中国塗料,プライム（内国株式）,素材・化学,2026-10-07,400,True,3685.0,3720.0,3625.0,3655.0,3600.0,3650.0,3575.0,3630.0,3615.0,3544.4,3569.4,3544.6,-0.1999999999998181,down,42.08333333333333,20.37545787545788,65.49295774647888,4815.0,3720.0,3345.0,1.1065006915629283,3.120415303013191,-24.091381100726895,-1.7473118279569877,False,False,590763800.0,134600.0,104800.0,1.284351145038168,146500.0,0.9187713310580204
4626,太陽ホールディングス,プライム（内国株式）,素材・化学,2026-10-07,400,True,4799.0,4815.0,4787.0,4803.0,4763.0,4819.0,4763.0,4791.0,4798.8,4750.96,4830.48,4748.44,2.5200000000004366,up,36.66666666666667,63.7057387057387,70.24390243902438,6275.0,4859.0,4700.0,0.08752188047012055,1.0953575698385176,-23.45816733067729,-1.1525005145091582,False,False,2039956300.0,393200.0,287700.0,1.3667014250955858,425000.0,0.9251764705882353
4631,ＤＩＣ,プライム（内国株式）,素材・化学,2026-10-07,400,True,5023.0,5138.0,5010.0,5102.0,4977.0,5027.0,4951.0,5023.0,4992.0,4851.68,4868.173333333333,4845.72,5.960000000000036,up,88.75,-0.3510378510378498,75.83965330444204,5876.0,5138.0,4505.0,2.2035256410256387,5.159449922501058,-13.172226004084408,-0.7006617360840739,False,False,2146647640.0,538200.0,418400.0,1.2863288718929253,959600.0,0.5608586911213005
4633,サカタインクス,プライム（内国株式）,素材・化学,2026-10-07,400,True,2623.0,2646.0,2619.0,2623.0,2628.0,2648.0,2611.0,2648.0,2624.2,2617.08,2545.653333333333,2619.84,-2.7600000000002183,down,-60.00000000000001,-9.37118437118436,59.83379501385041,2740.0,2698.0,2473.0,-0.0457282219342936,0.22620630626499771,-4.270072992700735,-2.7798369162342462,False,False,321467520.0,119000.0,94200.0,1.2632696390658174,153300.0,0.776255707762557
4634,ａｒｔｉｅｎｃｅ,プライム（内国株式）,素材・化学,2026-10-07,400,True,5110.0,5160.0,5090.0,5110.0,5100.0,5140.0,5050.0,5110.0,5086.0,5081.4,4755.533333333334,5081.0,0.3999999999996362,up,14.583333333333337,-2.3199023199023117,56.60377358490566,5220.0,5190.0,4890.0,0.47188360204482027,0.5628370134215022,-2.1072796934865856,-1.5414258188824692,False,False,516153600.0,116500.0,74800.0,1.5574866310160427,111800.0,1.0420393559928445
4641,アルプス技研,プライム（内国株式）,情報通信・サービスその他,2026-10-07,400,True,861.0,861.0,853.0,860.0,856.0,867.0,855.0,866.0,864.2,867.12,830.6133333333333,867.8,-0.67999999999995,down,-71.24999999999999,0.9615384615384581,50.63291139240506,960.0,883.0,833.0,-0.48599861143254763,-0.8211089583909925,-10.416666666666663,-2.604756511891282,False,False,72706240.0,89100.0,83000.0,1.0734939759036144,88800.0,1.0033783783783783
4658,日本空調サービス,プライム（内国株式）,情報通信・サービスその他,2026-10-07,400,True,1588.0,1598.0,1561.0,1567.0,1561.0,1625.0,1559.0,1612.0,1565.4,1580.84,1580.08,1581.32,-0.4800000000000182,down,-41.66666666666667,8.730158730158733,52.51256281407035,1735.0,1685.0,1506.0,0.10221029768748835,-0.8754839199412889,-9.682997118155622,-7.00296735905045,True,False,193707960.0,114300.0,162900.0,0.7016574585635359,113600.0,1.006161971830986
4661,オリエンタルランド,プライム（内国株式）,情報通信・サービスその他,2026-10-07,400,True,2830.0,2913.0,2819.5,2888.5,2855.0,2876.0,2828.5,2840.0,2852.8,3005.2,2834.2933333333335,3011.22,-6.019999999999982,down,-71.66666666666666,-69.04761904761905,30.09795191451469,3689.0,3196.0,2796.0,1.2514021312394874,-3.883269000399303,-21.69964760097587,-9.62140175219024,False,False,10788654330.0,3961700.0,3141300.0,1.261165759398975,5433300.0,0.7291517125871938
4662,フォーカスシステムズ,プライム（内国株式）,情報通信・サービスその他,2026-10-07,400,True,1649.0,1672.0,1618.0,1623.0,1584.0,1623.0,1584.0,1620.0,1606.8,1626.64,1671.9066666666668,1629.2,-2.5599999999999454,down,-38.33333333333333,-58.134920634920626,52.94117647058824,2249.0,1672.0,1575.0,1.0082150858850003,-0.22377416023213748,-27.834593152512234,-2.9306220095693725,True,False,62815540.0,68800.0,34600.0,1.9884393063583814,24400.0,2.819672131147541
4665,ダスキン,プライム（内国株式）,情報通信・サービスその他,2026-10-07,400,True,4622.0,4669.0,4618.0,4639.0,4626.0,4675.0,4614.0,4652.0,4630.4,4662.76,4530.973333333333,4664.48,-1.7199999999993452,down,-64.99999999999999,-19.84126984126984,47.682119205298015,4800.0,4800.0,4556.0,0.18572909467864385,-0.5095694395594097,-3.354166666666669,-3.354166666666669,True,False,460435040.0,93000.0,89300.0,1.0414333706606942,86800.0,1.0714285714285714
4666,パーク２４,プライム（内国株式）,不動産,2026-10-07,400,True,1748.0,1795.5,1740.5,1779.5,1747.0,1770.0,1743.0,1744.0,1775.7,1942.1,1984.7933333333333,1950.28,-8.180000000000064,down,-86.66666666666667,-58.66910866910866,23.893805309734514,2331.0,2039.5,1730.0,0.21400011263164043,-8.37238041295505,-23.65937365937366,-12.748222603579308,False,False,5325121420.0,2461100.0,2758200.0,0.8922848234355739,844200.0,2.9153044302298032
4668,明光ネットワークジャパン,プライム（内国株式）,情報通信・サービスその他,2026-10-07,400,True,724.0,733.0,723.0,729.0,723.0,729.0,722.0,727.0,733.0,758.16,751.2133333333334,759.88,-1.7200000000000273,down,-88.75,-91.45299145299145,22.727272727272727,808.0,775.0,722.0,-0.545702592087316,-3.8461538461538436,-9.777227722772274,-5.935483870967739,False,False,46194480.0,46500.0,54000.0,0.8611111111111112,104500.0,0.4449760765550239
4674,クレスコ,プライム（内国株式）,情報通信・サービスその他,2026-10-07,400,True,1925.0,1953.0,1925.0,1928.0,1922.0,1948.0,1915.0,1943.0,1937.2,1878.36,1737.32,1883.24,-4.880000000000109,down,68.33333333333333,-15.46092796092795,69.6969696969697,2108.0,1955.0,1717.0,-0.4749122444765663,2.6427308929065862,-8.538899430740043,-1.3810741687979577,False,False,196027900.0,69000.0,65000.0,1.0615384615384615,232500.0,0.2967741935483871
4676,フジ・メディア・ホールディングス,プライム（内国株式）,情報通信・サービスその他,2026-10-07,400,True,3922.0,3935.0,3841.0,3868.0,3932.0,4070.0,3916.0,3966.0,3911.4,4051.96,4061.0,4062.44,-10.480000000000018,down,-60.00000000000001,-75.04578754578755,33.9142091152815,4466.0,4192.0,3841.0,-1.1095771335071891,-4.540025074285037,-13.39005821764443,-7.729007633587781,False,False,3135254260.0,990400.0,1005700.0,0.9847867157203938,600500.0,1.649292256452956
4680,ラウンドワン,プライム（内国株式）,情報通信・サービスその他,2026-10-07,400,True,1270.0,1294.0,1260.0,1288.0,1246.5,1278.0,1238.0,1277.5,1266.1,1234.56,1238.7613330078125,1236.94,-2.380000000000109,down,94.58333333333333,-32.61599511599511,66.53306613226452,1409.0,1325.0,1129.0,1.7297211910591637,4.32866770347331,-8.587650816181691,-2.792452830188674,False,False,2420531720.0,1870100.0,1947800.0,0.9601088407434029,4373700.0,0.4275784804627661
4681,リゾートトラスト,プライム（内国株式）,情報通信・サービスその他,2026-10-07,400,True,1718.5,1740.0,1714.5,1714.5,1750.0,1750.0,1730.0,1730.5,1733.6,1782.22,1778.5133333333333,1788.88,-6.660000000000082,down,-91.66666666666667,-87.25579975579976,24.0,2074.0,1816.5,1714.5,-1.1017535763728659,-3.7997553612909796,-17.333654773384765,-5.615194054500416,False,False,739438450.0,417700.0,378100.0,1.104734197302301,309900.0,1.3478541464988707
4684,オービック,プライム（内国株式）,情報通信・サービスその他,2026-10-07,400,True,5089.0,5144.0,5059.0,5110.0,5059.0,5124.0,5022.0,5098.0,5060.2,5016.32,4539.786666666667,5013.56,2.759999999999309,up,66.66666666666667,26.49572649572649,52.76595744680851,5352.0,5180.0,4761.0,0.9841508240781005,1.8675044654248518,-4.521674140508225,-1.3513513513513487,False,False,6588003840.0,1481300.0,1598700.0,0.9265653343341465,2030600.0,0.7294888210381169
4686,ジャストシステム,プライム（内国株式）,情報通信・サービスその他,2026-10-07,400,True,4515.0,4620.0,4510.0,4615.0,4500.0,4540.0,4470.0,4510.0,4498.0,4339.4,4047.4,4323.2,16.199999999999818,up,75.0,90.44566544566544,76.85950413223141,5350.0,4620.0,4090.0,2.6011560693641522,6.351108448172571,-13.738317757009344,-0.10822510822511289,False,False,514677200.0,130300.0,89500.0,1.4558659217877095,61500.0,2.11869918699187
4687,ＴＤＣソフト,プライム（内国株式）,情報通信・サービスその他,2026-10-07,400,True,1075.0,1088.0,1075.0,1081.0,1075.0,1084.0,1069.0,1077.0,1076.4,1056.12,1006.8933333333333,1053.92,2.199999999999818,up,50.0,69.94810744810745,63.02521008403361,1483.0,1094.0,1016.0,0.42735042735042583,2.3557929023217072,-27.107215104517866,-1.188299817184646,False,False,73681920.0,53700.0,68200.0,0.7873900293255132,172800.0,0.3107638888888889
4689,ＬＩＮＥヤフー,プライム（内国株式）,情報通信・サービスその他,2026-10-07,400,True,488.6000061035156,498.0,487.6000061035156,498.0,496.3999938964844,501.3999938964844,488.6000061035156,491.1000061035156,496.4599975585937,527.212001953125,483.69866739908855,529.452001953125,-2.240000000000009,down,-76.66666666666666,-72.34432234432235,19.8617000680915,570.9000244140625,570.9000244140625,484.5,0.31019668230660713,-5.540845398986615,-12.76931534358975,-12.76931534358975,False,False,8839192071.552734,16665400.0,21239900.0,0.7846270462666962,21949900.0,0.7592471947480398
4694,ビー・エム・エル,プライム（内国株式）,情報通信・サービスその他,2026-10-07,400,True,3600.0,3635.0,3575.0,3575.0,3565.0,3620.0,3565.0,3615.0,3593.0,3635.8,3616.2,3639.0,-3.199999999999818,down,-77.49999999999999,-16.452991452991462,45.348837209302324,4385.0,3745.0,3510.0,-0.5009741163373271,-1.6722592001760295,-18.472063854047892,-4.539385847797062,False,False,250727500.0,60700.0,46100.0,1.316702819956616,67700.0,0.896602658788774
4704,トレンドマイクロ,プライム（内国株式）,情報通信・サービスその他,2026-10-07,400,True,7178.0,7220.0,6931.0,6961.0,6800.0,6969.0,6762.0,6928.0,6820.0,6279.4,6185.7733333333335,6242.96,36.4399999999996,up,88.33333333333333,86.5079365079365,83.18452380952381,8470.0,7220.0,5527.0,2.067448680351913,10.854540242698363,-17.815820543093274,-3.5872576177285342,False,False,9203926080.0,1874600.0,1626000.0,1.152890528905289,1187300.0,1.578876442348185
4709,ＩＤホールディングス,プライム（内国株式）,情報通信・サービスその他,2026-10-07,400,True,1079.0,1082.0,1058.0,1064.0,1051.0,1069.0,1050.0,1061.0,1056.6,1073.04,1076.0,1074.28,-1.240000000000009,down,-83.33333333333333,-17.521367521367527,46.93877551020408,1197.5,1115.0,1030.0,0.7003596441415905,-0.8424662640721614,-11.148225469728601,-4.573991031390134,True,False,57152280.0,56000.0,62000.0,0.9032258064516129,45400.0,1.2334801762114538
4714,リソー教育グループ,プライム（内国株式）,情報通信・サービスその他,2026-10-07,400,True,205.0,207.0,203.0,206.0,206.0,207.0,205.0,205.0,206.4,209.6,204.12,209.8,-0.20000000000001705,down,-85.41666666666667,-17.15506715506716,29.411764705882355,229.0,215.0,203.0,-0.19379844961240345,-1.717557251908397,-10.043668122270743,-4.1860465116279055,False,False,164274760.0,907800.0,861700.0,1.053498897528142,1172000.0,0.7745733788395904
4718,早稲田アカデミー,プライム（内国株式）,情報通信・サービスその他,2026-10-07,400,True,2370.0,2405.0,2370.0,2391.0,2370.0,2422.0,2318.0,2415.0,2430.8,2515.84,2453.4266666666667,2521.64,-5.799999999999727,down,-80.0,-81.24236874236874,23.952095808383234,2955.0,2650.0,2318.0,-1.6373210465690402,-4.962159755787332,-19.086294416243653,-9.773584905660382,False,False,62736300.0,33900.0,23600.0,1.4364406779661016,41800.0,0.8110047846889952
4719,アルファシステムズ,プライム（内国株式）,情報通信・サービスその他,2026-10-07,400,True,3240.0,3265.0,3230.0,3230.0,3250.0,3290.0,3250.0,3275.0,3268.0,3316.0,3340.866666666667,3323.0,-7.0,down,-68.33333333333333,-63.9041514041514,45.65217391304348,4240.0,3435.0,3220.0,-1.1627906976744207,-2.593486127864897,-23.820754716981128,-5.9679767103347885,False,False,30494000.0,7500.0,7000.0,1.0714285714285714,4900.0,1.530612244897959
4722,フューチャー,プライム（内国株式）,情報通信・サービスその他,2026-10-07,400,True,2426.0,2427.0,2426.0,2427.0,2427.0,2427.0,2426.0,2426.0,2426.2,2431.04,2201.7733333333335,2432.0,-0.9600000000000364,down,71.66666666666667,-48.5958485958486,55.55555555555556,2472.0,2449.0,2410.0,0.032973374000500044,-0.1661840200078979,-1.8203883495145678,-0.898325847284609,False,False,436661660.0,150900.0,140400.0,1.0747863247863247,412400.0,0.36590688651794373
4725,ＣＡＣ　Ｈｏｌｄｉｎｇｓ,プライム（内国株式）,情報通信・サービスその他,2026-10-07,400,True,1919.0,1928.0,1912.0,1912.0,1901.0,1929.0,1901.0,1924.0,1918.6,1933.72,1872.1733333333334,1935.44,-1.7200000000000273,down,-64.99999999999999,-68.69658119658119,48.0,2233.0,1963.0,1898.0,-0.3440008339414158,-1.123223631135839,-14.375279892521275,-2.598064187468163,False,False,80175080.0,29000.0,25200.0,1.1507936507936507,37500.0,0.7733333333333333
4732,ユー・エス・エス,プライム（内国株式）,情報通信・サービスその他,2026-10-07,400,True,1809.0,1815.5,1800.0,1800.0,1814.0,1816.5,1798.0,1804.0,1811.2,1897.22,1943.5,1904.32,-7.099999999999909,down,-41.66666666666667,-92.91819291819291,24.329896907216494,2131.5,1975.0,1785.5,-0.6183745583038913,-5.124339823531276,-15.552427867698803,-8.860759493670889,False,False,2962504420.0,1608000.0,1303000.0,1.2340752110514197,1103800.0,1.4567856495741982
4733,オービックビジネスコンサルタント,プライム（内国株式）,情報通信・サービスその他,2026-10-07,400,True,8345.0,8445.0,8310.0,8402.0,8238.0,8418.0,8121.0,8418.0,8251.2,8290.36,7568.72,8304.48,-14.119999999998981,down,31.666666666666664,-54.33455433455434,53.490196078431374,9379.0,8550.0,7960.0,1.827612953267388,1.346624272046082,-10.41688879411451,-1.730994152046783,False,False,1277270960.0,214700.0,199900.0,1.0740370185092547,120300.0,1.7847049044056524
4743,アイティフォー,プライム（内国株式）,情報通信・サービスその他,2026-10-07,400,True,1603.0,1614.0,1603.0,1606.0,1601.0,1613.0,1601.0,1603.0,1610.2,1631.48,1655.8933333333334,1634.72,-3.240000000000009,down,-80.41666666666667,-33.745421245421234,42.19653179190752,1778.0,1683.0,1588.0,-0.2608371630853368,-1.5617721332777612,-9.67379077615298,-4.575163398692805,False,False,84161580.0,41800.0,33900.0,1.233038348082596,94000.0,0.44468085106382976
4751,サイバーエージェント,プライム（内国株式）,情報通信・サービスその他,2026-10-07,400,True,1233.0,1243.5,1228.0,1239.5,1231.0,1244.5,1229.5,1235.5,1234.3,1254.02,1349.64,1257.86,-3.839999999999918,down,0.0,-69.78021978021978,42.71523178807947,1787.0,1282.5,1203.5,0.4212914202381901,-1.1578762699159473,-30.637940682708454,-3.352826510721252,False,False,5014398370.0,5067000.0,3659800.0,1.3845018853489262,3192000.0,1.587406015037594
4755,楽天グループ,プライム（内国株式）,情報通信・サービスその他,2026-10-07,400,True,659.5,666.2000122070312,634.0999755859375,639.5999755859375,662.0999755859375,668.7000122070312,656.5999755859375,667.2999877929688,661.939990234375,709.007998046875,758.3986637369792,715.1039990234375,-6.09600097656255,down,-73.33333333333334,-95.97069597069596,19.534285286780285,1068.5,759.0,634.0999755859375,-3.374930503976281,-9.78945550009841,-40.140386000380204,-15.73122851305171,False,False,18125546114.104004,47304000.0,23985300.0,1.972207977386149,21566900.0,2.193361122831747
4763,クリーク・アンド・リバー社,プライム（内国株式）,情報通信・サービスその他,2026-10-07,400,True,1506.0,1520.0,1506.0,1510.0,1504.0,1520.0,1501.0,1517.0,1503.2,1495.04,1446.4,1495.8,-0.7599999999999909,down,8.750000000000002,3.5409035409035394,56.372549019607845,1619.0,1543.0,1442.0,0.45236828100052584,1.000642123287676,-6.7325509573811,-2.1386908619572265,False,False,70619900.0,24900.0,33800.0,0.7366863905325444,27600.0,0.9021739130434783
4765,ＳＢＩグローバルアセットマネジメント,プライム（内国株式）,情報通信・サービスその他,2026-10-07,400,True,595.0,614.0,593.0,601.0,595.0,601.0,593.0,597.0,604.6,623.44,602.2666666666667,625.4,-1.9599999999999227,down,-85.41666666666667,-78.86141636141637,29.310344827586203,657.0,638.0,593.0,-0.5954349983460228,-3.5993840626203033,-8.52359208523592,-5.799373040752354,False,False,212066020.0,645700.0,235500.0,2.7418259023354565,179900.0,3.5892162312395777
4768,大塚商会,プライム（内国株式）,情報通信・サービスその他,2026-10-07,400,True,3671.0,3770.0,3671.0,3743.0,3681.0,3693.0,3650.0,3675.0,3684.4,3617.84,3300.0666666666666,3614.2,3.6400000000003274,up,72.08333333333333,55.18925518925519,70.39473684210526,3770.0,3770.0,3449.0,1.5904896319617778,3.4595228091900188,-0.7161803713527815,-0.7161803713527815,False,False,3696356500.0,1697200.0,800100.0,2.1212348456442944,1016200.0,1.6701436725054124
4776,サイボウズ,プライム（内国株式）,情報通信・サービスその他,2026-10-07,400,True,2950.0,3025.0,2944.0,2996.0,2985.0,3020.0,2952.0,2960.0,2972.6,3026.32,2775.28,3040.28,-13.960000000000036,down,-57.91666666666666,-54.82295482295483,40.75,3620.0,3150.0,2859.0,0.7871896656125976,-1.0018768669539324,-17.237569060773485,-4.8888888888888875,False,False,502292380.0,183400.0,181500.0,1.0104683195592286,201000.0,0.9124378109452737
4784,ＧＭＯインターネット,プライム（内国株式）,情報通信・サービスその他,2026-10-07,400,True,504.0,517.0,503.0,508.0,513.0,520.0,506.0,508.0,513.6,535.6,527.0933333333334,538.56,-2.9599999999999227,down,-95.41666666666666,-63.98046398046397,40.476190476190474,1194.0,563.0,503.0,-1.0903426791277315,-5.153099327856614,-57.45393634840872,-9.769094138543522,False,False,671776880.0,1210600.0,1107700.0,1.0928951882278595,2023600.0,0.5982407590432892
4792,山田コンサルティンググループ,プライム（内国株式）,情報通信・サービスその他,2026-10-07,400,True,1702.0,1708.0,1701.0,1705.0,1696.0,1716.0,1696.0,1705.0,1703.0,1756.8,1712.5066666666667,1761.04,-4.240000000000009,down,-79.16666666666667,-62.866300366300365,29.629629629629626,1901.0,1796.0,1693.0,0.11743981209630938,-2.948542805100185,-10.310362966859543,-5.066815144766146,False,False,38747140.0,13800.0,14900.0,0.9261744966442953,14400.0,0.9583333333333334
4801,セントラルスポーツ,プライム（内国株式）,情報通信・サービスその他,2026-10-07,400,True,2308.0,2321.0,2300.0,2313.0,2300.0,2334.0,2300.0,2322.0,2317.4,2398.72,2404.2533333333336,2404.96,-6.2400000000002365,down,-91.66666666666667,-93.72710622710623,24.22680412371134,2577.0,2454.0,2297.0,-0.1898679554673377,-3.573572572038408,-10.244470314318976,-5.745721271393645,False,False,46995420.0,17500.0,16300.0,1.0736196319018405,9500.0,1.8421052631578947
4809,パラカ,プライム（内国株式）,不動産,2026-10-07,400,True,1963.0,1974.0,1961.0,1971.0,1964.0,1980.0,1964.0,1967.0,1974.0,2012.64,2038.92,2015.84,-3.199999999999818,down,-82.08333333333333,-67.2008547008547,40.56603773584906,2133.0,2059.0,1957.0,-0.1519756838905817,-2.0689243978058713,-7.594936708860756,-4.273919378338997,False,False,26899060.0,9500.0,11300.0,0.8407079646017699,14400.0,0.6597222222222222
4812,電通総研,プライム（内国株式）,情報通信・サービスその他,2026-10-07,400,True,2864.0,2868.0,2863.0,2867.0,2862.0,2863.0,2862.0,2863.0,2863.6,2859.56,2663.12,2861.2,-1.6399999999998727,down,65.41666666666667,61.15689865689866,54.285714285714285,2930.0,2871.0,2851.0,0.1187316664338578,0.2601798878149042,-2.150170648464167,-0.13932427725531493,False,False,1597897200.0,505000.0,281400.0,1.7945984363894811,2666300.0,0.18940104264336347
4813,ＡＣＣＥＳＳ,プライム（内国株式）,情報通信・サービスその他,2026-10-07,400,True,411.0,417.0,359.0,367.0,429.0,431.0,407.0,414.0,412.8,412.76,387.3466666666667,415.6,-2.840000000000032,down,1.2499999999999956,-42.44505494505495,42.10526315789473,691.0,442.0,359.0,-11.094961240310075,-11.086345576121715,-46.888567293777136,-16.9683257918552,True,False,248855620.0,1695200.0,413600.0,4.098646034816247,384500.0,4.408842652795839
4819,デジタルガレージ,プライム（内国株式）,情報通信・サービスその他,2026-10-07,400,True,2402.0,2425.0,2343.0,2365.0,2450.0,2468.0,2389.0,2424.0,2416.6,2320.64,2219.88,2318.52,2.119999999999891,up,-5.000000000000004,81.6086691086691,53.23741007194245,3820.0,2494.0,2141.0,-2.1352313167259718,1.9115416436845,-38.089005235602095,-5.1724137931034475,False,False,687159180.0,237300.0,274000.0,0.8660583941605839,180200.0,1.3168701442841289
4820,イーエムシステムズ,プライム（内国株式）,情報通信・サービスその他,2026-10-07,400,True,561.0,564.0,558.0,559.0,558.0,566.0,558.0,564.0,564.4,586.32,553.04,588.04,-1.7199999999999136,down,-92.5,-72.32905982905984,30.76923076923077,847.0,601.0,558.0,-0.9567682494684537,-4.659571565015696,-34.002361275088546,-6.988352745424297,False,False,30500460.0,50500.0,48300.0,1.0455486542443064,88000.0,0.5738636363636364
4825,ウェザーニューズ,プライム（内国株式）,情報通信・サービスその他,2026-10-07,400,True,1960.0,1979.0,1956.0,1960.0,1948.0,1972.0,1948.0,1964.0,1959.2,2004.72,2010.2266666666667,2012.08,-7.3599999999999,down,-83.33333333333333,-81.76129426129425,40.54054054054054,2395.0,2062.0,1943.0,0.04083299305839283,-2.2307354643042454,-18.16283924843424,-4.946653734238604,False,False,342326200.0,176700.0,234100.0,0.754805638615976,222200.0,0.7952295229522952
4826,ＣＩＪ,プライム（内国株式）,情報通信・サービスその他,2026-10-07,400,True,523.0,532.0,521.0,529.0,521.0,529.0,520.0,525.0,528.8,536.72,520.0533333333333,537.36,-0.6399999999999864,down,-83.33333333333333,-44.841269841269835,36.58536585365854,605.0,549.0,516.0,0.03782148260211837,-1.4383663735280994,-12.561983471074377,-3.642987249544627,False,False,104378320.0,228500.0,181100.0,1.2617338487023744,198700.0,1.1499748364368394
4828,ビジネスエンジニアリング,プライム（内国株式）,情報通信・サービスその他,2026-10-07,400,True,1278.0,1326.0,1271.0,1326.0,1294.0,1318.0,1284.0,1287.0,1307.6,1370.8,1248.8933333333334,1375.88,-5.080000000000155,down,-83.33333333333333,-77.8083028083028,43.35664335664335,1758.0,1427.0,1256.0,1.4071581523401822,-3.268164575430399,-24.573378839590443,-7.077785564120531,False,False,180143480.0,187900.0,105700.0,1.7776726584673606,119100.0,1.5776658270361041
4839,ＷＯＷＯＷ,プライム（内国株式）,情報通信・サービスその他,2026-10-07,400,True,926.0,929.0,921.0,923.0,929.0,937.0,925.0,931.0,937.2,988.88,998.3733333333333,992.16,-3.2799999999999727,down,-98.33333333333334,-89.3925518925519,11.428571428571429,1590.0,1017.0,921.0,-1.515151515151525,-6.6620823557964615,-41.9496855345912,-9.24287118977385,False,False,169721060.0,149000.0,123600.0,1.2055016181229774,123300.0,1.208434712084347
4847,インテリジェント　ウェイブ,プライム（内国株式）,情報通信・サービスその他,2026-10-07,400,True,1509.0,1530.0,1496.0,1501.0,1518.0,1520.0,1483.0,1497.0,1488.4,1437.6,1193.6,1433.48,4.119999999999891,up,-18.75,80.63186813186813,68.37944664031622,1557.0,1557.0,1342.0,0.8465466272507438,4.41012799109628,-3.596660244059091,-3.596660244059091,False,False,73290700.0,50300.0,42000.0,1.1976190476190476,67900.0,0.7407952871870398
4848,フルキャストホールディングス,プライム（内国株式）,情報通信・サービスその他,2026-10-07,400,True,1775.0,1779.0,1758.0,1772.0,1775.0,1787.0,1769.0,1787.0,1788.2,1840.08,1732.0266666666666,1844.24,-4.160000000000082,down,-93.33333333333333,-42.18559218559219,34.72222222222222,1938.0,1938.0,1757.0,-0.905938933005257,-3.6998391374288064,-8.56553147574819,-8.56553147574819,False,False,102776780.0,61500.0,53800.0,1.1431226765799256,47100.0,1.305732484076433
4849,エン,プライム（内国株式）,情報通信・サービスその他,2026-10-07,400,True,1741.0,1752.0,1709.0,1723.0,1740.0,1752.0,1718.0,1749.0,1738.4,1681.68,1435.12,1679.48,2.2000000000000455,up,-36.66666666666667,72.34432234432234,63.44086021505376,1770.0,1770.0,1524.0,-0.8858720662678343,2.4570667427810333,-2.655367231638417,-2.655367231638417,False,False,445118040.0,171900.0,190000.0,0.9047368421052632,267500.0,0.6426168224299066
4886,あすか製薬ホールディングス,プライム（内国株式）,医薬品,2026-10-07,400,True,2006.0,2023.0,2006.0,2014.0,2022.0,2031.0,2002.0,2021.0,2025.2,2080.96,2165.866666666667,2085.08,-4.119999999999891,down,-89.99999999999999,-40.47619047619047,39.50617283950617,3045.0,2174.0,2002.0,-0.5530317993284628,-3.2177456558511452,-33.858784893267654,-7.359705611775524,False,False,102735300.0,20200.0,35900.0,0.5626740947075209,52100.0,0.3877159309021113
4887,サワイグループホールディングス,プライム（内国株式）,医薬品,2026-10-07,400,True,1625.0,1635.0,1616.5,1619.5,1630.0,1640.5,1624.5,1634.5,1609.5,1614.68,1641.8666666666666,1614.44,0.2400000000000091,up,-70.41666666666666,48.611111111111114,50.0,2447.0,1685.0,1562.5,0.6213109661385552,0.29851116010601864,-33.816918675929706,-3.887240356083088,False,False,830631440.0,253400.0,527600.0,0.48028809704321457,643700.0,0.39366164362280565
4901,富士フイルムホールディングス,プライム（内国株式）,素材・化学,2026-10-07,400,True,3426.0,3460.0,3414.0,3429.0,3381.0,3441.0,3378.0,3424.0,3392.8,3327.28,3441.08,3322.88,4.400000000000091,up,18.333333333333336,39.28571428571429,62.40822320117474,3908.0,3463.0,3162.0,1.0669653383635902,3.0571517876463616,-12.256908904810649,-0.9818076812012744,False,False,13921174360.0,3549400.0,3631100.0,0.9774999311503401,3293400.0,1.0777312200157891
4902,コニカミノルタ,プライム（内国株式）,電機・精密,2026-10-07,400,True,643.2999877929688,649.7000122070312,635.7000122070312,638.9000244140625,658.0,658.0,641.7999877929688,652.0,650.8800048828125,642.7760034179687,625.7960017903646,643.6480029296876,-0.8719995117188546,down,-60.00000000000001,-5.982905982905984,55.858310626703,735.9000244140625,682.5,571.9000244140625,-1.840582039527694,-0.6030061768478645,-13.181138304382213,-6.3882748111263705,True,False,3408768909.925537,5995200.0,5066800.0,1.1832320202099944,2288000.0,2.6202797202797203
4911,資生堂,プライム（内国株式）,素材・化学,2026-10-07,400,True,3200.0,3284.0,3190.0,3263.0,3275.0,3293.0,3196.0,3219.0,3285.0,3434.48,3224.4266666666667,3454.6,-20.11999999999989,down,-88.33333333333333,-49.38949938949939,36.94181326116374,3821.0,3607.0,3190.0,-0.6697108066971103,-4.992895576622958,-14.603506935357235,-9.537011366786807,False,False,9112962560.0,2862600.0,2846200.0,1.0057620687232098,2634500.0,1.0865818940975518
4912,ライオン,プライム（内国株式）,素材・化学,2026-10-07,400,True,1748.0,1765.5,1741.0,1754.5,1735.0,1742.5,1726.0,1739.0,1737.5,1771.5,1757.6866666666667,1776.9,-5.400000000000091,down,27.083333333333336,-77.64041514041513,46.646341463414636,1946.0,1819.5,1702.5,0.9784172661870594,-0.9596387242449933,-9.840698869475851,-3.5724100027480055,False,False,1610519210.0,1133100.0,801900.0,1.4130190796857462,1578500.0,0.7178333861260691
4914,高砂香料工業,プライム（内国株式）,素材・化学,2026-10-07,400,True,1269.0,1282.0,1267.0,1275.0,1285.0,1285.0,1270.0,1276.0,1272.0,1302.6,1236.3333333333333,1305.04,-2.4400000000000546,down,-80.0,-61.00427350427351,46.07843137254902,1649.0,1340.0,1249.0,0.2358490566037652,-2.1188392445877446,-22.680412371134018,-4.850746268656714,False,False,175244480.0,90900.0,122800.0,0.740228013029316,190300.0,0.4776668418286915
4919,ミルボン,プライム（内国株式）,素材・化学,2026-10-07,400,True,3220.0,3320.0,3215.0,3320.0,3250.0,3260.0,3220.0,3235.0,3262.0,3211.6,2998.266666666667,3209.6,2.0,up,-14.16666666666666,23.855311355311358,69.41176470588235,3360.0,3320.0,3050.0,1.7780502759043637,3.375264665587241,-1.1904761904761862,0.0,False,False,434544500.0,99200.0,134700.0,0.7364513734224202,126500.0,0.7841897233201581
4922,コーセーホールディングス,プライム（内国株式）,素材・化学,2026-10-07,400,True,5279.0,5454.0,5279.0,5433.0,5380.0,5390.0,5281.0,5341.0,5400.2,5620.96,5557.04,5638.24,-17.279999999999745,down,-89.99999999999999,-80.03663003663004,33.084947839046194,6500.0,5829.0,5279.0,0.6073849116699392,-3.3439127835814486,-16.41538461538462,-6.793618116314981,False,False,1844959080.0,400500.0,289100.0,1.385333794534763,338700.0,1.1824623560673162
4923,コタ,プライム（内国株式）,素材・化学,2026-10-07,400,True,1125.0,1134.0,1118.0,1125.0,1140.0,1150.0,1129.0,1130.0,1149.8,1209.32,1201.9066666666668,1214.52,-5.2000000000000455,down,-91.66666666666667,-77.1062271062271,20.710059171597635,1380.0,1243.0,1118.0,-2.1568968516263665,-6.972513478649156,-18.478260869565222,-9.49316170555109,False,False,45398860.0,38900.0,45000.0,0.8644444444444445,23000.0,1.691304347826087
4927,ポーラ・オルビスホールディングス,プライム（内国株式）,素材・化学,2026-10-07,400,True,1344.5,1373.0,1341.0,1370.5,1337.5,1344.0,1334.0,1341.5,1350.5,1363.86,1346.1333333333334,1365.02,-1.1600000000000819,down,-53.33333333333334,-36.492673992674,51.29533678756477,1434.5,1399.0,1326.5,1.480932987782313,0.4868534893610832,-4.461484837922624,-2.037169406719086,True,True,488271520.0,505200.0,316800.0,1.5946969696969697,563000.0,0.897335701598579
4928,ノエビアホールディングス,プライム（内国株式）,素材・化学,2026-10-07,400,True,4400.0,4460.0,4400.0,4460.0,4410.0,4435.0,4385.0,4405.0,4441.0,4713.4,4667.6,4732.4,-19.0,down,-83.74999999999999,-80.26556776556777,18.181818181818183,5070.0,4855.0,4385.0,0.4278315694663304,-5.376161581872951,-12.031558185404334,-8.135942327497425,False,False,341113600.0,65900.0,79200.0,0.8320707070707071,78700.0,0.8373570520965693
4931,新日本製薬,プライム（内国株式）,素材・化学,2026-10-07,400,True,1945.0,1971.0,1945.0,1967.0,1936.0,1969.0,1936.0,1962.0,1966.8,2024.68,2019.8133333333333,2030.28,-5.599999999999909,down,-73.33333333333334,-67.44505494505495,38.907849829351534,2386.0,2078.0,1925.0,0.010168802115106956,-2.8488452496196914,-17.56077116512993,-5.341674687199227,False,False,75714660.0,27400.0,36200.0,0.7569060773480663,32700.0,0.8379204892966361
4933,Ｉ－ｎｅ,プライム（内国株式）,素材・化学,2026-10-07,400,True,2176.0,2217.0,2176.0,2202.0,2133.0,2219.0,2133.0,2190.0,2173.2,1853.52,1480.2133333333334,1824.52,29.0,up,-18.333333333333336,66.36141636141636,75.5735492577598,2435.0,2435.0,1386.0,1.325234676974052,18.800984073546555,-9.568788501026692,-9.568788501026692,False,False,210065540.0,50600.0,60900.0,0.8308702791461412,41000.0,1.2341463414634146
4951,エステー,プライム（内国株式）,素材・化学,2026-10-07,400,True,1491.0,1504.0,1491.0,1500.0,1492.0,1496.0,1488.0,1496.0,1497.0,1516.24,1514.0666666666666,1517.48,-1.240000000000009,down,-55.00000000000001,-52.36568986568986,43.04635761589404,1633.0,1542.0,1483.0,0.2004008016031955,-1.0710705429219702,-8.144519289650953,-2.7237354085603127,False,False,37475460.0,26000.0,14700.0,1.7687074829931972,32800.0,0.7926829268292683
4956,コニシ,プライム（内国株式）,素材・化学,2026-10-07,400,True,1450.0,1466.0,1448.0,1458.0,1446.0,1464.0,1441.0,1457.0,1455.8,1478.2,1461.6533333333334,1478.96,-0.7599999999999909,down,-83.74999999999999,-8.821733821733812,44.52054794520548,1536.0,1536.0,1426.0,0.1511196592938635,-1.3665268569882372,-5.078125,-5.078125,False,False,94836360.0,46700.0,47600.0,0.9810924369747899,51400.0,0.9085603112840467
4958,長谷川香料,プライム（内国株式）,素材・化学,2026-10-07,400,True,3300.0,3350.0,3290.0,3325.0,3300.0,3325.0,3285.0,3315.0,3307.0,3343.8,3296.733333333333,3343.6,0.20000000000027285,up,-78.33333333333334,19.84126984126984,54.385964912280706,3530.0,3530.0,3180.0,0.5442999697611084,-0.5622345834081055,-5.8073654390934815,-5.8073654390934815,True,False,219516500.0,62800.0,48500.0,1.2948453608247423,43100.0,1.45707656612529
4967,小林製薬,プライム（内国株式）,素材・化学,2026-10-07,400,True,7040.0,7162.0,7008.0,7153.0,7080.0,7092.0,6961.0,7029.0,7067.4,6210.24,5773.64,6151.72,58.51999999999953,up,88.33333333333333,93.33028083028083,90.11183048852266,7222.0,7222.0,5643.0,1.2111950646630953,15.180733755861286,-0.9554140127388533,-0.9554140127388533,False,False,2567915700.0,310200.0,213600.0,1.452247191011236,199600.0,1.5541082164328657
4968,荒川化学工業,プライム（内国株式）,素材・化学,2026-10-07,400,True,2520.0,2568.0,2471.0,2505.0,2529.0,2559.0,2464.0,2538.0,2448.0,2239.36,2190.6,2226.6,12.760000000000218,up,60.0,71.24542124542124,76.82648401826484,2673.0,2568.0,1982.0,2.3284313725490113,11.862317805087152,-6.2850729517396235,-2.453271028037385,False,False,448478380.0,168200.0,228500.0,0.7361050328227571,210300.0,0.7998097955301949
4971,メック,プライム（内国株式）,素材・化学,2026-10-07,400,True,7630.0,7630.0,7420.0,7510.0,7370.0,7630.0,7280.0,7620.0,7398.0,6587.6,8077.6,6553.2,34.400000000000546,up,89.58333333333334,49.496336996337,87.30964467005076,12230.0,7630.0,5750.0,1.5139226818059015,14.0020644847896,-38.59362224039248,-1.5727391874180818,False,False,3070006800.0,239600.0,418000.0,0.5732057416267943,258200.0,0.9279628195197521
4973,日本高純度化学,プライム（内国株式）,素材・化学,2026-10-07,400,True,5060.0,5130.0,5010.0,5050.0,5100.0,5150.0,5020.0,5120.0,4982.0,4835.8,4943.866666666667,4826.4,9.400000000000546,up,43.333333333333336,57.26495726495726,69.5906432748538,6850.0,5150.0,4610.0,1.3649136892814218,4.4294635841019,-26.277372262773724,-1.9417475728155331,False,False,480375300.0,67400.0,88700.0,0.7598647125140925,74000.0,0.9108108108108108
4975,ＪＣＵ,プライム（内国株式）,素材・化学,2026-10-07,400,True,6340.0,6360.0,6150.0,6230.0,6250.0,6400.0,6190.0,6370.0,6158.0,5796.0,6221.466666666666,5761.2,34.80000000000018,up,86.66666666666667,94.94810744810745,68.59504132231406,8090.0,6400.0,5520.0,1.1692107827216525,7.487922705314021,-22.99134734239803,-2.6562500000000044,False,False,550028600.0,68300.0,112200.0,0.6087344028520499,145500.0,0.46941580756013745
4980,デクセリアルズ,プライム（内国株式）,素材・化学,2026-10-07,400,True,3679.0,3702.0,3556.0,3614.0,3474.0,3641.0,3426.0,3639.0,3491.2,3068.88,3479.98,3046.52,22.360000000000127,up,96.66666666666667,57.75335775335775,91.59482758620689,5228.0,3702.0,2762.0,3.5174152153987226,17.762832042960298,-30.87222647283856,-2.377093462992974,False,False,9067002480.0,2584100.0,2449900.0,1.0547777460304502,832500.0,3.104024024024024
4985,アース製薬,プライム（内国株式）,素材・化学,2026-10-07,400,True,4600.0,4690.0,4595.0,4680.0,4575.0,4605.0,4575.0,4600.0,4610.0,4718.2,4737.666666666667,4727.6,-9.400000000000546,down,-57.08333333333333,-74.60317460317461,46.666666666666664,5350.0,4790.0,4555.0,1.5184381778741818,-0.8096307914034928,-12.523364485981304,-2.2964509394572064,False,False,258012800.0,63700.0,38600.0,1.650259067357513,63100.0,1.0095087163232963
4996,クミアイ化学工業,プライム（内国株式）,素材・化学,2026-10-07,400,True,655.0,661.0,653.0,657.0,655.0,662.0,654.0,658.0,660.2,706.72,729.9466666666667,711.56,-4.839999999999918,down,-88.33333333333333,-86.78266178266179,48.888888888888886,834.0,781.0,644.0,-0.48470160557407826,-7.035318089200815,-21.223021582733814,-15.87708066581306,False,False,389820440.0,665800.0,377400.0,1.764175940646529,363200.0,1.8331497797356828
4997,日本農薬,プライム（内国株式）,素材・化学,2026-10-07,400,True,1080.0,1093.0,1073.0,1081.0,1090.0,1094.0,1082.0,1084.0,1084.6,1177.72,1113.16,1183.92,-6.2000000000000455,down,-85.41666666666667,-86.23321123321124,35.8974358974359,1326.0,1284.0,1064.0,-0.33191960169647317,-8.212478347994434,-18.47662141779789,-15.80996884735203,False,False,281104580.0,209800.0,217200.0,0.9659300184162063,423300.0,0.49562957713205763
5011,ニチレキグループ,プライム（内国株式）,エネルギー資源,2026-10-07,400,True,2242.0,2266.0,2185.0,2185.0,2240.0,2267.0,2231.0,2256.0,2235.8,2286.04,2223.1066666666666,2288.68,-2.6399999999998727,down,-89.99999999999999,-7.326007326007322,32.298136645962735,2755.0,2383.0,2185.0,-2.272117362912607,-4.419870168500983,-20.68965517241379,-8.308854385228702,False,False,147649840.0,80400.0,50600.0,1.5889328063241106,51800.0,1.5521235521235521
5016,ＪＸ金属,プライム（内国株式）,鉄鋼・非鉄,2026-10-07,379,True,3834.0,3971.0,3777.0,3797.0,3710.0,3856.0,3657.0,3826.0,3710.4,3661.6,3876.733333333333,3662.12,-0.5199999999999818,down,91.66666666666666,-33.028083028083024,62.46537396121884,5828.0,3971.0,3456.0,2.3339801638637248,3.6978370111426795,-34.84900480439259,-4.381767816670868,False,False,76041158500.0,23612800.0,19709300.0,1.1980537106848037,12260400.0,1.9259404260872401
5019,出光興産,プライム（内国株式）,エネルギー資源,2026-10-07,400,True,1525.5,1567.5,1512.0,1538.0,1520.5,1532.0,1498.0,1531.5,1536.7,1575.96,1380.8333333333333,1569.62,6.3400000000001455,up,-76.66666666666666,46.93223443223443,36.702127659574465,1708.5,1708.5,1480.0,0.08459686340860362,-2.4086905759029387,-9.979514193737193,-9.979514193737193,False,False,8011500940.0,5130800.0,5485200.0,0.9353897761248451,5203300.0,0.9860665346991332
5020,ＥＮＥＯＳホールディングス,プライム（内国株式）,エネルギー資源,2026-10-07,400,True,1383.0,1394.0,1371.5,1371.5,1372.0,1381.0,1350.0,1380.0,1365.0,1400.1,1318.2066666666667,1398.2,1.8999999999998636,up,-60.00000000000001,22.283272283272282,39.84732824427481,1552.5,1496.0,1347.0,0.4761904761904745,-2.042711234911787,-11.658615136876005,-8.322192513368986,False,False,12429881870.0,9758800.0,7470200.0,1.3063639527723487,9312400.0,1.047936085219707
5021,コスモエネルギーホールディングス,プライム（内国株式）,エネルギー資源,2026-10-07,400,True,4116.0,4161.0,4112.0,4132.0,4170.0,4171.0,4082.0,4130.0,4141.6,4384.32,4091.6,4386.72,-2.4000000000005457,down,-91.66666666666667,-22.603785103785114,25.612472160356347,5034.0,4691.0,4082.0,-0.23179447556500588,-5.755054375593016,-17.918156535558204,-11.916435727989771,False,False,2939934240.0,550100.0,614400.0,0.8953450520833334,626700.0,0.87777245891176
5032,ＡＮＹＣＯＬＯＲ,プライム（内国株式）,情報通信・サービスその他,2026-10-07,400,True,3030.0,3070.0,3005.0,3040.0,3075.0,3125.0,3010.0,3055.0,3061.0,3058.88,2713.9333333333334,3058.48,0.40000000000009095,up,45.41666666666667,37.637362637362635,37.37373737373738,6790.0,3335.0,2855.0,-0.68605031035609,-0.6172193744115484,-55.22827687776142,-8.845577211394307,True,False,1143776200.0,298800.0,349400.0,0.8551803091013166,448400.0,0.6663693131132917
5036,日本ビジネスシステムズ,プライム（内国株式）,情報通信・サービスその他,2026-10-07,400,True,1564.0,1595.0,1563.0,1591.0,1546.0,1580.0,1546.0,1572.0,1560.6,1560.4,1554.9733333333334,1562.36,-1.959999999999809,down,-25.416666666666664,-20.299145299145295,59.55882352941176,1924.0,1622.0,1456.0,1.9479687299756465,1.961035631889252,-17.307692307692314,-1.9112207151664617,False,False,103552280.0,53700.0,57400.0,0.9355400696864111,89000.0,0.6033707865168539
5074,テスホールディングス,プライム（内国株式）,建設・資材,2026-10-07,400,True,535.0,538.0,526.0,527.0,546.0,549.0,536.0,542.0,538.2,580.04,715.2666666666667,584.32,-4.280000000000086,down,-86.66666666666667,-96.1080586080586,24.390243902439025,1440.0,620.0,526.0,-2.0810107766629615,-9.144196951934347,-63.402777777777786,-15.000000000000002,False,False,453412540.0,680700.0,974500.0,0.6985120574653668,1765300.0,0.385600181272305
5076,インフロニア・ホールディングス,プライム（内国株式）,建設・資材,2026-10-07,400,True,2320.0,2367.0,2303.5,2333.5,2325.0,2375.5,2307.0,2318.5,2486.3,2755.24,2743.16,2776.22,-20.980000000000018,down,-89.99999999999999,-38.18681318681318,18.10877626699629,2963.0,2935.0,2285.0,-6.145678317178138,-15.306833524484254,-21.24535943300708,-20.494037478705284,False,False,10010471400.0,2836800.0,4742500.0,0.598165524512388,1285700.0,2.206424515827954
5101,横浜ゴム,プライム（内国株式）,自動車・輸送機,2026-10-07,400,True,7308.0,7479.0,7307.0,7348.0,7250.0,7280.0,7168.0,7270.0,7204.0,6995.44,7391.373333333333,6993.56,1.8799999999991996,up,88.33333333333333,-10.866910866910873,75.35687453042826,8291.0,7479.0,6558.0,1.9988895058300926,5.039854533810595,-11.373778796285128,-1.7515710656504924,False,False,6917178160.0,853700.0,1152100.0,0.7409947053207186,1215400.0,0.7024025012341616
5105,ＴＯＹＯ　ＴＩＲＥ,プライム（内国株式）,自動車・輸送機,2026-10-07,400,True,3969.0,4057.0,3965.0,4027.0,3954.0,3978.0,3915.0,3969.0,3949.4,3782.76,3872.5866666666666,3771.08,11.680000000000291,up,85.0,68.4981684981685,75.98684210526315,4855.0,4057.0,3505.0,1.9648554210766278,6.45666127377893,-17.05458290422245,-0.7394626571358143,False,False,3640980480.0,975100.0,781800.0,1.2472499360450242,1322900.0,0.737092750774813
5108,ブリヂストン,プライム（内国株式）,自動車・輸送機,2026-10-07,400,True,3799.0,3871.0,3798.0,3831.0,3826.0,3845.0,3806.0,3820.0,3820.4,3857.44,3821.8,3868.72,-11.279999999999745,down,-35.00000000000001,-42.24664224664225,58.88030888030889,4393.0,4002.0,3698.0,0.2774578578159437,-0.6854286780870189,-12.793079899840654,-4.2728635682158895,True,False,13876461960.0,3367400.0,2576000.0,1.30722049689441,3639300.0,0.9252878300772126
5110,住友ゴム工業,プライム（内国株式）,自動車・輸送機,2026-10-07,400,True,2019.0,2052.5,2014.0,2043.5,2000.0,2015.0,1995.0,2013.0,2011.4,2049.3,2186.0333333333333,2056.5,-7.199999999999818,down,-5.000000000000004,-54.33455433455434,56.25,2798.5,2125.0,1957.5,1.5959033508998743,-0.28302347142927786,-26.97873860996962,-3.835294117647059,True,False,3257676840.0,1690300.0,1140700.0,1.4818094152713246,3298000.0,0.5125227410551849
5121,藤倉コンポジット,プライム（内国株式）,自動車・輸送機,2026-10-07,400,True,3165.0,3165.0,3050.0,3050.0,3095.0,3180.0,3070.0,3165.0,3056.0,2832.6,2681.5866666666666,2818.32,14.279999999999745,up,62.083333333333336,85.95848595848597,70.97532314923619,3180.0,3180.0,2620.0,-0.19633507853402676,7.674927628327333,-4.0880503144654075,-4.0880503144654075,False,False,317111200.0,112300.0,102000.0,1.1009803921568628,64000.0,1.7546875
5122,オカモト,プライム（内国株式）,自動車・輸送機,2026-10-07,400,True,6120.0,6160.0,6010.0,6130.0,6210.0,6230.0,6120.0,6120.0,6170.0,6228.4,5951.733333333334,6239.6,-11.200000000000728,down,-80.0,-44.38339438339438,48.45360824742268,6730.0,6410.0,5990.0,-0.648298217179899,-1.579859996146682,-8.915304606240715,-4.368174726989082,False,False,108147800.0,11500.0,14500.0,0.7931034482758621,34000.0,0.3382352941176471
5142,アキレス,プライム（内国株式）,素材・化学,2026-10-07,400,True,1918.0,1948.0,1908.0,1925.0,1912.0,1953.0,1910.0,1935.0,1937.8,1848.08,1572.0933333333332,1848.28,-0.20000000000004547,down,61.66666666666667,31.684981684981683,81.78807947019867,2032.0,1997.0,1707.0,-0.6605428836825245,4.162157482360085,-5.265748031496065,-3.6054081121682513,False,False,130918180.0,66100.0,53600.0,1.2332089552238805,63200.0,1.0458860759493671
5185,フコク,プライム（内国株式）,自動車・輸送機,2026-10-07,400,True,1931.0,1948.0,1931.0,1931.0,1920.0,1946.0,1920.0,1946.0,1937.6,1987.88,1928.64,1993.32,-5.439999999999827,down,-83.33333333333333,-64.25518925518925,44.01294498381877,2118.0,2067.0,1906.0,-0.3406275805119652,-2.8613397186952994,-8.82908404154863,-6.5795839380745065,False,False,70479100.0,25500.0,32700.0,0.7798165137614679,46200.0,0.551948051948052
5186,ニッタ,プライム（内国株式）,自動車・輸送機,2026-10-07,400,True,7030.0,7190.0,7000.0,7070.0,6900.0,7140.0,6850.0,7080.0,6856.0,6740.4,6559.066666666667,6726.8,13.599999999999454,up,28.333333333333332,28.144078144078144,68.25396825396825,7270.0,7190.0,6370.0,3.1213535589264874,4.889917512313824,-2.751031636863821,-1.6689847009735748,False,False,341274800.0,43100.0,72100.0,0.5977808599167822,57000.0,0.756140350877193
5192,三ツ星ベルト,プライム（内国株式）,自動車・輸送機,2026-10-07,400,True,4130.0,4155.0,4110.0,4155.0,4125.0,4145.0,4095.0,4135.0,4137.0,4272.0,4183.066666666667,4282.0,-10.0,down,-81.66666666666667,-80.81501831501832,38.38383838383838,4645.0,4400.0,4090.0,0.435097897026826,-2.73876404494382,-10.548977395048443,-5.568181818181817,False,False,282572200.0,59400.0,59100.0,1.0050761421319796,102400.0,0.580078125
5195,バンドー化学,プライム（内国株式）,自動車・輸送機,2026-10-07,400,True,2496.0,2509.0,2474.0,2474.0,2500.0,2509.0,2477.0,2496.0,2482.8,2465.0,2379.3866666666668,2465.76,-0.7600000000002183,down,-66.66666666666667,13.568376068376065,56.92307692307692,2560.0,2560.0,2327.0,-0.3544385371355041,0.36511156186611604,-3.359374999999998,-3.359374999999998,False,False,142852560.0,53800.0,50100.0,1.0738522954091816,61800.0,0.8705501618122977
5201,ＡＧＣ,プライム（内国株式）,建設・資材,2026-10-07,400,True,5930.0,5984.0,5919.0,5946.0,5872.0,5928.0,5821.0,5912.0,5840.8,5679.12,6115.946666666667,5670.44,8.680000000000291,up,91.66666666666666,30.23504273504274,72.28070175438597,8315.0,5984.0,5390.0,1.801123133817284,4.699319612897779,-28.49067949488876,-0.6350267379679142,False,False,6949280400.0,1165600.0,1413300.0,0.8247364324630297,1533400.0,0.76014086344072
5208,有沢製作所,プライム（内国株式）,素材・化学,2026-10-07,400,True,2907.0,2996.0,2904.0,2938.0,2907.0,2950.0,2882.0,2950.0,2889.8,2685.0,2623.0133333333333,2673.36,11.639999999999873,up,85.0,68.22344322344323,79.21896792189679,2996.0,2996.0,2483.0,1.6679354972662486,9.422718808193675,-1.9359145527369837,-1.9359145527369837,False,False,649965400.0,219600.0,187800.0,1.1693290734824282,252900.0,0.8683274021352313
5214,日本電気硝子,プライム（内国株式）,建設・資材,2026-10-07,400,True,5269.0,5361.0,5224.0,5328.0,5154.0,5304.0,5091.0,5267.0,5177.4,4882.36,5355.826666666667,4861.08,21.279999999999745,up,96.66666666666667,78.3119658119658,80.21739130434783,8377.0,5361.0,4640.0,2.908795920732432,9.127553068597983,-36.39727826190761,-0.615556799104644,False,False,3016878080.0,532800.0,657600.0,0.8102189781021898,788100.0,0.676056338028169
5232,住友大阪セメント,プライム（内国株式）,建設・資材,2026-10-07,400,True,1913.0,1925.0,1882.5,1913.5,1902.0,1937.5,1874.5,1908.0,1886.4,1873.3,1900.8333317057293,1871.7866650390624,1.5133349609375273,up,1.6666666666666718,20.451770451770457,59.104846379966745,2172.333251953125,1948.3333740234375,1786.0,1.4365988125530027,2.145945657396031,-11.914988260682858,-1.7878549168156121,False,False,1178545350.0,569800.0,576600.0,0.9882067291016302,566400.0,1.0060028248587571
5233,太平洋セメント,プライム（内国株式）,建設・資材,2026-10-07,400,True,4188.0,4248.0,4156.0,4205.0,4135.0,4214.0,4068.0,4193.0,4141.2,4150.0,4127.106666666667,4149.88,0.11999999999989086,up,36.66666666666667,-28.6935286935287,58.78084179970973,4968.0,4307.0,3979.0,1.540616246498594,1.3253012048192847,-15.358293075684381,-2.3682377524959386,False,False,2041176300.0,400100.0,473200.0,0.845519864750634,371400.0,1.0772751750134626
5261,リソルホールディングス,プライム（内国株式）,情報通信・サービスその他,2026-10-07,400,True,7530.0,7560.0,7520.0,7550.0,7550.0,7580.0,7530.0,7530.0,7568.0,7614.0,7639.866666666667,7624.8,-10.800000000000182,down,-15.833333333333343,-59.096459096459085,41.53846153846154,8930.0,7750.0,7500.0,-0.23784355179704564,-0.8405568689256682,-15.453527435610305,-2.580645161290318,False,False,13906400.0,2200.0,2400.0,0.9166666666666666,1600.0,1.375
5262,日本ヒューム,プライム（内国株式）,建設・資材,2026-10-07,400,True,1063.0,1072.0,1047.0,1048.0,1064.0,1070.0,1048.0,1063.0,1070.2,1122.72,1085.1866666666667,1127.0,-4.279999999999973,down,-95.0,-80.0976800976801,24.46808510638298,2020.0,1171.0,1047.0,-2.07437862081854,-6.655265783098196,-48.118811881188115,-10.503842869342439,False,False,256417460.0,200300.0,278100.0,0.7202445163610213,125300.0,1.5985634477254589
5269,日本コンクリート工業,プライム（内国株式）,建設・資材,2026-10-07,400,True,350.0,357.0,350.0,355.0,348.0,353.0,348.0,353.0,351.8,361.88,351.84,362.96,-1.079999999999984,down,-57.08333333333333,-81.33394383394383,42.857142857142854,395.0,371.0,346.0,0.909607731665707,-1.9011827125013814,-10.126582278481012,-4.312668463611857,False,False,45478260.0,116400.0,77400.0,1.503875968992248,125200.0,0.9297124600638977
5288,アジアパイルホールディングス,プライム（内国株式）,建設・資材,2026-10-07,400,True,1435.0,1441.0,1413.0,1414.0,1441.0,1450.0,1435.0,1438.0,1428.4,1475.4,1502.0133333333333,1481.44,-6.039999999999964,down,-85.00000000000001,-78.17460317460319,44.047619047619044,1760.0,1524.0,1411.0,-1.0081209745169462,-4.161583299444227,-19.659090909090903,-7.217847769028873,False,False,233406920.0,123300.0,96000.0,1.284375,215100.0,0.5732217573221757
5301,東海カーボン,プライム（内国株式）,建設・資材,2026-10-07,400,True,2374.0,2423.0,2351.0,2376.0,2405.0,2408.0,2339.5,2380.0,2353.3,2089.98,1821.0466666666666,2062.2,27.7800000000002,up,77.91666666666667,96.64224664224665,85.667215815486,2423.0,2423.0,1803.0,0.9646028980580423,13.685298423908353,-1.93974411886092,-1.93974411886092,False,False,4055406860.0,1305500.0,1438000.0,0.9078581363004172,1082000.0,1.206561922365989
5302,日本カーボン,プライム（内国株式）,建設・資材,2026-10-07,400,True,5280.0,5410.0,5240.0,5370.0,5230.0,5310.0,5220.0,5300.0,5248.0,5106.6,4910.933333333333,5099.4,7.200000000000728,up,92.91666666666667,42.27716727716728,81.35593220338984,5440.0,5410.0,4910.0,2.3246951219512146,5.1580307836916806,-1.2867647058823484,-0.7393715341959317,False,False,219374600.0,57900.0,27300.0,2.120879120879121,46100.0,1.2559652928416485
5310,東洋炭素,プライム（内国株式）,建設・資材,2026-10-07,400,True,8000.0,8120.0,7850.0,8050.0,7890.0,7990.0,7790.0,7990.0,7898.0,7274.8,7193.333333333333,7230.8,44.0,up,91.25,89.25518925518925,88.60759493670885,8990.0,8120.0,6600.0,1.9245378576854932,10.655963050530604,-10.45606229143493,-0.8620689655172376,False,False,607189600.0,99200.0,67900.0,1.4609720176730485,91100.0,1.088913282107574
5331,ノリタケ,プライム（内国株式）,建設・資材,2026-10-07,400,True,3785.0,3820.0,3750.0,3770.0,3780.0,3815.0,3750.0,3810.0,3749.0,3610.4,3695.4,3606.0,4.400000000000091,up,65.0,48.840048840048844,75.67567567567568,4635.0,3820.0,3350.0,0.5601493731661744,4.420562818524254,-18.662351672060407,-1.308900523560208,False,False,786881400.0,127500.0,177800.0,0.7170978627671541,203400.0,0.6268436578171092
5332,ＴＯＴＯ,プライム（内国株式）,建設・資材,2026-10-07,400,True,6387.0,6388.0,6209.0,6251.0,6235.0,6308.0,6166.0,6241.0,6174.4,5928.68,6924.106666666667,5932.44,-3.759999999999309,down,88.33333333333333,-9.783272283272293,80.82039911308205,9500.0,6388.0,5582.0,1.2406063747084861,5.436623329307699,-34.199999999999996,-2.144646211646839,False,False,7794890720.0,690800.0,1173200.0,0.588816911012615,827600.0,0.8347027549540841
5333,ＮＧＫ,プライム（内国株式）,建設・資材,2026-10-07,400,True,5967.0,6013.0,5862.0,5901.0,5841.0,5969.0,5780.0,5919.0,5771.6,5331.0,6011.946666666667,5306.36,24.640000000000327,up,91.66666666666666,57.38705738705738,89.21658986175115,7894.0,6013.0,4824.0,2.2420126134867324,10.692177827799654,-25.247023055485172,-1.8626309662398088,False,False,8061785620.0,1382400.0,1311100.0,1.0543818167950576,1854100.0,0.7455908527048164
5334,日本特殊陶業,プライム（内国株式）,建設・資材,2026-10-07,400,True,3973.0,4021.0,3909.0,4008.0,3968.0,4034.0,3917.0,3980.0,3905.6,3815.54,4559.266666666666,3820.46,-4.920000000000073,down,66.66666666666667,-30.051892551892557,76.40518838789376,5632.5,4044.0,3489.0,2.62187628021302,5.044109090718485,-28.841544607190418,-0.8902077151335286,False,False,8976286780.0,2359500.0,2375900.0,0.9930973525821793,2532200.0,0.9317984361424848
5344,ＭＡＲＵＷＡ,プライム（内国株式）,建設・資材,2026-10-07,400,True,61560.0,61860.0,59000.0,59560.0,59750.0,61590.0,58750.0,61350.0,59530.0,55538.4,58888.666666666664,55276.8,261.59999999999854,up,86.66666666666667,69.35286935286935,73.08503162333099,85650.0,61860.0,51700.0,0.0503947589450604,7.241116056638286,-30.461179217746647,-3.7180730682185525,False,False,6727601000.0,101000.0,98400.0,1.0264227642276422,141500.0,0.7137809187279152
5351,品川リフラ,プライム（内国株式）,建設・資材,2026-10-07,400,True,1967.0,1970.0,1947.0,1950.0,1973.0,1977.0,1956.0,1970.0,1964.2,2031.28,2020.2133333333334,2036.8,-5.519999999999982,down,-86.66666666666667,-56.53235653235653,35.26011560693642,2507.0,2106.0,1945.0,-0.7229406374096303,-4.00141782521366,-22.217790187475075,-7.4074074074074066,False,False,186190040.0,68600.0,63900.0,1.0735524256651017,84300.0,0.8137603795966786
5357,ヨータイ,プライム（内国株式）,建設・資材,2026-10-07,400,True,1695.0,1700.0,1688.0,1696.0,1690.0,1703.0,1688.0,1701.0,1702.2,1740.04,1751.7866666666666,1744.04,-4.0,down,-85.00000000000001,-82.86019536019535,41.76470588235294,2016.0,1771.0,1688.0,-0.36423452003290224,-2.5309762993954155,-15.873015873015872,-4.234895539243366,False,False,84266020.0,32200.0,46700.0,0.6895074946466809,32100.0,1.0031152647975077
5384,フジミインコーポレーテッド,プライム（内国株式）,建設・資材,2026-10-07,400,True,3700.0,3745.0,3645.0,3705.0,3700.0,3810.0,3665.0,3745.0,3663.0,3415.2,3880.4,3407.4,7.799999999999727,up,88.33333333333333,34.31013431013431,79.76878612716763,5090.0,3810.0,3050.0,1.146601146601145,8.485593815881941,-27.210216110019648,-2.7559055118110187,False,False,1017744800.0,323000.0,274800.0,1.1754002911208152,353200.0,0.9144960362400906
5393,ニチアス,プライム（内国株式）,建設・資材,2026-10-07,400,True,3750.0,3777.0,3677.0,3718.0,3678.0,3717.0,3628.0,3702.0,3630.0,3412.48,3521.68,3400.32,12.159999999999854,up,100.0,52.48778998778999,91.5129151291513,4146.0,3777.0,3192.0,2.4242424242424176,8.953019504876213,-10.323203087313072,-1.5620863118877448,False,False,1704096640.0,546600.0,477800.0,1.1439933026370865,400500.0,1.3647940074906366
5401,日本製鉄,プライム（内国株式）,鉄鋼・非鉄,2026-10-07,400,True,645.0999755859375,649.2999877929688,640.2000122070312,641.2000122070312,650.9000244140625,653.0999755859375,644.7999877929688,650.5,644.6400024414063,676.3280004882813,635.1986661783855,677.76,-1.4319995117186863,down,-85.00000000000001,-52.86935286935286,34.05205098638756,718.5,716.0,637.5999755859375,-0.5336296570716992,-5.193927836181422,-10.758523005284449,-10.446925669409046,False,False,18248135717.62451,26879800.0,25926900.0,1.0367533334104733,47309000.0,0.5681751886533217
5406,神戸製鋼所,プライム（内国株式）,鉄鋼・非鉄,2026-10-07,400,True,2016.5,2030.0,2007.0,2007.0,2010.0,2028.5,1995.5,2024.0,2004.6,2036.5,1990.76,2037.32,-0.8199999999999363,down,-63.33333333333333,-14.468864468864462,45.04643962848297,2379.5,2095.0,1977.0,0.11972463334330996,-1.4485637122514161,-15.654549275057782,-4.200477326968977,False,False,3027390870.0,1204200.0,1309900.0,0.9193068173142988,1983000.0,0.6072617246596067
5408,中山製鋼所,プライム（内国株式）,鉄鋼・非鉄,2026-10-07,400,True,612.0,615.0,606.0,606.0,617.0,617.0,611.0,615.0,615.6,637.2,634.0,638.6,-1.3999999999999773,down,-92.08333333333334,-54.54822954822956,30.58823529411765,680.0,667.0,606.0,-1.5594541910331383,-4.896421845574395,-10.882352941176466,-9.145427286356822,False,False,115784540.0,202000.0,232300.0,0.8695652173913043,301400.0,0.670205706702057
5410,合同製鐵,プライム（内国株式）,鉄鋼・非鉄,2026-10-07,400,True,2856.0,2871.0,2818.0,2818.0,2855.0,2880.0,2830.0,2875.0,2856.8,3017.64,2864.9866666666667,3026.92,-9.2800000000002,down,-89.99999999999999,-79.7008547008547,33.23485967503693,4280.0,3165.0,2814.0,-1.3581629795575534,-6.615765962805364,-34.1588785046729,-10.963665086887831,False,False,217343020.0,56500.0,79700.0,0.7089084065244667,55400.0,1.01985559566787
5411,ＪＦＥホールディングス,プライム（内国株式）,鉄鋼・非鉄,2026-10-07,400,True,1713.5,1720.0,1705.0,1705.0,1728.5,1731.0,1704.5,1722.5,1716.7,1817.02,1756.0933333333332,1823.18,-6.160000000000082,down,-86.66666666666667,-68.25396825396825,32.285714285714285,2359.0,1896.0,1699.0,-0.6815401642686569,-6.1650394602150715,-27.72361169987283,-10.07383966244726,False,False,7283082470.0,3602500.0,3948300.0,0.9124180026846997,8248800.0,0.4367301910580933
5423,東京製鐵,プライム（内国株式）,鉄鋼・非鉄,2026-10-07,400,True,1686.0,1693.0,1669.0,1673.0,1676.0,1698.0,1672.0,1690.0,1670.8,1716.12,1725.8533333333332,1717.96,-1.8400000000001455,down,-65.41666666666666,-57.95177045177044,33.33333333333333,1973.0,1800.0,1656.0,0.13167344984439389,-2.5126448033936932,-15.205271160669032,-7.055555555555559,False,False,529634040.0,297700.0,349400.0,0.8520320549513452,322000.0,0.9245341614906832
5440,共英製鋼,プライム（内国株式）,鉄鋼・非鉄,2026-10-07,400,True,1868.0,1868.0,1842.0,1849.0,1864.0,1891.0,1848.0,1884.0,1870.8,1983.04,1910.1466666666668,1990.36,-7.319999999999936,down,-91.66666666666667,-79.27350427350429,32.03342618384401,2696.0,2065.0,1842.0,-1.1652768868933072,-6.759319025334842,-31.41691394658753,-10.460048426150125,False,False,249317400.0,154100.0,112000.0,1.3758928571428573,131100.0,1.1754385964912282
5444,大和工業,プライム（内国株式）,鉄鋼・非鉄,2026-10-07,400,True,12500.0,12640.0,12435.0,12590.0,12390.0,12645.0,12140.0,12560.0,12311.0,12348.6,12604.266666666666,12334.0,14.600000000000364,up,13.33333333333333,0.045787545787545625,57.73195876288659,14290.0,12670.0,11895.0,2.2662659410283448,1.9548774759891696,-11.896431070678792,-0.6314127861089203,False,False,2016283900.0,178300.0,202800.0,0.8791913214990138,162700.0,1.0958819913952058
5445,東京鐵鋼,プライム（内国株式）,鉄鋼・非鉄,2026-10-07,400,True,1950.0,1964.0,1949.0,1956.0,1940.0,1966.0,1928.0,1966.0,1959.8,2030.76,1963.6666666666667,2034.2,-3.4400000000000546,down,-82.91666666666666,-55.35714285714286,34.45692883895131,2233.333251953125,2078.0,1921.0,-0.19389733646290042,-3.6813803699107694,-12.417907256366146,-5.871029836381137,False,False,208888260.0,65000.0,68400.0,0.9502923976608187,117800.0,0.5517826825127334
5451,ヨドコウ,プライム（内国株式）,鉄鋼・非鉄,2026-10-07,400,True,1386.0,1394.0,1376.0,1376.0,1383.0,1389.0,1370.0,1382.0,1382.2,1415.56,1377.7866666666666,1417.76,-2.2000000000000455,down,-91.66666666666667,-54.7924297924298,32.78688524590164,1660.0,1459.0,1367.0,-0.4485602662422261,-2.79465370595382,-17.108433734939755,-5.688827964359156,False,False,343436240.0,217000.0,183200.0,1.1844978165938864,260900.0,0.8317362974319663
5461,中部鋼鈑,プライム（内国株式）,鉄鋼・非鉄,2026-10-07,400,True,2174.0,2179.0,2126.0,2130.0,2139.0,2183.0,2121.0,2174.0,2130.4,2141.32,2086.5066666666667,2141.32,0.0,flat,56.666666666666664,-35.836385836385844,44.9748743718593,2605.0,2233.0,2040.0,-0.018775816748028973,-0.5286458819793505,-18.2341650671785,-4.6126287505597885,True,False,265548280.0,124000.0,177800.0,0.6974128233970753,62500.0,1.984
5463,丸一鋼管,プライム（内国株式）,鉄鋼・非鉄,2026-10-07,400,True,1704.0,1713.5,1676.0,1678.0,1710.0,1715.0,1693.0,1714.5,1685.2,1723.62,1764.28,1726.54,-2.9200000000000728,down,-36.66666666666667,-79.7924297924298,41.478439425051334,1987.0,1774.5,1648.0,-0.4272489912176658,-2.6467550852275923,-15.551082033215902,-5.438151591997742,False,False,1098757160.0,504300.0,501300.0,1.0059844404548175,890700.0,0.5661839003031324
5471,大同特殊鋼,プライム（内国株式）,鉄鋼・非鉄,2026-10-07,400,True,2659.5,2660.0,2560.5,2560.5,2596.0,2661.5,2569.0,2650.5,2544.3,2408.32,2448.1666666666665,2395.5,12.820000000000164,up,73.33333333333334,91.94139194139194,74.50980392156863,3005.0,2661.5,2239.0,0.6367173682348737,6.318927717246869,-14.79201331114809,-3.79485252677062,False,False,2693002150.0,917400.0,1493900.0,0.6140973291384966,702400.0,1.3060933940774488
5480,日本冶金工業,プライム（内国株式）,鉄鋼・非鉄,2026-10-07,400,True,5310.0,5320.0,5240.0,5260.0,5300.0,5380.0,5260.0,5340.0,5290.0,5385.6,5182.733333333334,5398.4,-12.799999999999272,down,-46.66666666666666,-62.927350427350426,44.5945945945946,5790.0,5570.0,5220.0,-0.5671077504725952,-2.3321449792038096,-9.153713298791022,-5.565529622980248,False,False,256414200.0,71000.0,43400.0,1.6359447004608294,59500.0,1.1932773109243697
5482,愛知製鋼,プライム（内国株式）,鉄鋼・非鉄,2026-10-07,400,True,2990.0,3000.0,2944.0,2944.0,2994.0,3020.0,2971.0,3010.0,2986.6,3157.92,3126.693333333333,3169.36,-11.440000000000055,down,-95.0,-71.6117216117216,33.92539964476021,3515.0,3310.0,2944.0,-1.4263711243554522,-6.774079140700207,-16.24466571834993,-11.057401812688816,False,False,532549420.0,163400.0,115800.0,1.4110535405872193,91900.0,1.778019586507073
5535,ミガロホールディングス,プライム（内国株式）,不動産,2026-10-07,400,True,281.0,297.0,280.0,283.0,279.0,283.0,279.0,280.0,281.8,287.84,277.53333333333336,288.24,-0.4000000000000341,down,-41.25000000000001,-52.503052503052494,50.0,903.0,302.0,277.0,0.42583392476933657,-1.6814897165091658,-68.66002214839423,-6.29139072847682,True,False,46950840.0,285600.0,67800.0,4.212389380530974,155000.0,1.8425806451612903
5541,大平洋金属,プライム（内国株式）,鉄鋼・非鉄,2026-10-07,400,True,2494.0,2529.0,2460.0,2482.0,2491.0,2512.0,2470.0,2499.0,2532.0,2619.68,2481.306666666667,2628.08,-8.400000000000091,down,-93.33333333333333,-30.112942612942618,33.45323741007194,3865.0,2845.0,2460.0,-1.9747235387045814,-5.255603737861103,-35.78266494178525,-12.759226713532513,False,False,582594900.0,169600.0,196700.0,0.8622267412303,177900.0,0.9533445756042721
5563,新日本電工,プライム（内国株式）,鉄鋼・非鉄,2026-10-07,400,True,436.0,439.0,427.0,431.0,439.0,441.0,436.0,438.0,436.6,436.08,437.1066666666667,436.68,-0.6000000000000227,down,-83.33333333333333,-15.506715506715496,62.5,559.0,455.0,410.0,-1.2826385707741639,-1.1649238671803341,-22.898032200357775,-5.274725274725278,True,False,189629820.0,452100.0,349600.0,1.293192219679634,581500.0,0.7774720550300945
5602,栗本鐵工所,プライム（内国株式）,鉄鋼・非鉄,2026-10-07,400,True,1606.0,1622.0,1593.0,1593.0,1610.0,1615.0,1601.0,1615.0,1608.2,1654.72,1580.2533333333333,1662.08,-7.3599999999999,down,-81.66666666666667,-80.41819291819291,46.666666666666664,2044.0,1714.0,1584.0,-0.945156075115039,-3.7299361825565702,-22.064579256360073,-7.059509918319717,False,False,341453900.0,189900.0,218600.0,0.8687099725526075,259200.0,0.7326388888888888
5631,日本製鋼所,プライム（内国株式）,機械,2026-10-07,400,True,7479.0,7550.0,7238.0,7274.0,7255.0,7334.0,7151.0,7294.0,7249.6,7248.52,7602.306666666666,7270.32,-21.799999999999272,down,-36.66666666666667,-26.007326007326004,51.25324114088159,10620.0,7578.0,6695.0,0.3365702935334225,0.3515200344346159,-31.50659133709981,-4.011612562681444,True,True,5687747280.0,654800.0,1005700.0,0.651088793874913,488400.0,1.3407043407043406
5632,三菱製鋼,プライム（内国株式）,鉄鋼・非鉄,2026-10-07,400,True,2491.0,2507.0,2420.0,2426.0,2410.0,2526.0,2410.0,2515.0,2439.0,2431.88,2313.5333333333333,2432.76,-0.8800000000001091,down,-63.33333333333333,37.28632478632478,54.53216374269005,2619.0,2619.0,2235.0,-0.5330053300533044,-0.24178824613056982,-7.369224894998094,-7.369224894998094,True,False,217367380.0,99300.0,122600.0,0.8099510603588908,139700.0,0.7108088761632069
5659,日本精線,プライム（内国株式）,鉄鋼・非鉄,2026-10-07,400,True,1399.0,1406.0,1378.0,1382.0,1390.0,1402.0,1387.0,1394.0,1389.8,1400.16,1418.8666666666666,1402.8,-2.6399999999998727,down,-91.66666666666667,-24.313186813186817,55.88235294117647,1605.0,1473.0,1339.0,-0.561231831918263,-1.296994629185244,-13.894080996884739,-6.177868295994571,True,False,61902980.0,47400.0,36600.0,1.2950819672131149,31700.0,1.4952681388012619
5702,大紀アルミニウム工業所,プライム（内国株式）,鉄鋼・非鉄,2026-10-07,400,True,1720.0,1760.0,1714.0,1714.0,1740.0,1744.0,1712.0,1726.0,1733.4,1799.28,1685.4933333333333,1807.76,-8.480000000000018,down,-93.33333333333333,-73.38217338217339,50.14577259475219,2074.0,1876.0,1693.0,-1.1191877235490977,-4.739673647236675,-17.357762777242048,-8.63539445628998,False,False,417156600.0,247400.0,228400.0,1.0831873905429072,241600.0,1.0240066225165563
5703,日本軽金属ホールディングス,プライム（内国株式）,鉄鋼・非鉄,2026-10-07,400,True,2851.0,2891.0,2808.0,2808.0,2840.0,2865.0,2814.0,2864.0,2846.2,2953.84,2873.6,2963.32,-9.480000000000018,down,-89.99999999999999,-83.27228327228326,40.461215932914044,3330.0,3070.0,2808.0,-1.3421403977232793,-4.937301952712403,-15.67567567567567,-8.53420195439739,False,False,521708080.0,198500.0,126300.0,1.571654790182106,195900.0,1.0132720775906074
5706,三井金属,プライム（内国株式）,鉄鋼・非鉄,2026-10-07,400,True,2847.0,2868.5,2725.5,2777.5,2657.0,2773.0,2624.0,2750.5,2638.7,2478.28,3122.82,2483.18,-4.899999999999636,down,86.66666666666667,-38.4004884004884,77.6536312849162,5770.0,2868.5,2121.0,5.260165990828813,12.073696273221746,-51.863084922010394,-3.1723897507408005,False,False,54883148230.0,21904100.0,23668600.0,0.9254497519920908,14591000.0,1.501206223014187
5707,東邦亜鉛,プライム（内国株式）,鉄鋼・非鉄,2026-10-07,400,True,911.0,928.0,883.0,888.0,932.0,933.0,914.0,915.0,915.8,976.68,936.6666666666666,988.44,-11.760000000000105,down,-77.08333333333333,-95.14652014652015,35.546875,2510.0,1056.0,883.0,-3.035597291985148,-9.07973952574026,-64.62151394422311,-15.909090909090907,False,False,255705880.0,334500.0,225800.0,1.4813994685562444,702700.0,0.4760210616194678
5711,三菱マテリアル,プライム（内国株式）,鉄鋼・非鉄,2026-10-07,400,True,5066.0,5203.0,5021.0,5028.0,5065.0,5128.0,5018.0,5100.0,5038.6,5182.44,4830.053333333333,5223.64,-41.20000000000073,down,-60.00000000000001,-71.001221001221,50.37919826652221,6139.0,5421.0,4892.0,-0.2103758980669279,-2.9800634450181662,-18.097410001628933,-7.24958494742668,True,False,6197713020.0,1127800.0,1047700.0,1.0764531831631192,3263300.0,0.3456010786627034
5713,住友金属鉱山,プライム（内国株式）,鉄鋼・非鉄,2026-10-07,400,True,9855.0,10120.0,9643.0,9643.0,9800.0,9865.0,9639.0,9815.0,9724.8,9870.12,8986.413333333334,9945.4,-75.27999999999884,down,46.666666666666664,-61.2942612942613,52.2633744855967,13300.0,10425.0,9223.0,-0.841148404080283,-2.3010865116128376,-27.496240601503764,-7.501199040767381,True,False,22446509580.0,2028300.0,2392600.0,0.8477388614895929,2628800.0,0.7715687766281193
5714,ＤＯＷＡホールディングス,プライム（内国株式）,鉄鋼・非鉄,2026-10-07,400,True,8760.0,8914.0,8672.0,8673.0,8790.0,8818.0,8694.0,8766.0,8750.4,9096.16,8998.253333333334,9165.04,-68.88000000000102,down,-80.0,-89.62148962148962,41.55744024672321,12380.0,9500.0,8672.0,-0.8845309928688927,-4.6520729626567725,-29.943457189014545,-8.705263157894738,False,False,3708670440.0,388500.0,279900.0,1.3879957127545552,480900.0,0.8078602620087336
5715,古河機械金属,プライム（内国株式）,鉄鋼・非鉄,2026-10-07,400,True,4055.0,4165.0,4005.0,4005.0,4105.0,4115.0,4040.0,4055.0,4051.0,4161.0,3938.4,4179.2,-18.199999999999818,down,-50.416666666666664,-75.48840048840049,49.73262032085562,7140.0,4390.0,3910.0,-1.1355220933102927,-3.749098774333093,-43.90756302521008,-8.769931662870157,True,False,748100700.0,241500.0,179500.0,1.3454038997214484,194900.0,1.2390969728065675
5726,大阪チタニウムテクノロジーズ,プライム（内国株式）,鉄鋼・非鉄,2026-10-07,400,True,2412.0,2470.0,2389.0,2390.0,2395.0,2425.0,2370.0,2412.0,2407.2,2520.8,2684.5866666666666,2532.36,-11.559999999999945,down,-78.33333333333334,-79.71611721611723,41.83445190156599,3435.0,2760.0,2330.0,-0.7145230973745309,-5.188828943192647,-30.42212518195051,-13.405797101449279,False,False,1162233600.0,452400.0,395200.0,1.144736842105263,380200.0,1.1899000526038928
5741,ＵＡＣＪ,プライム（内国株式）,鉄鋼・非鉄,2026-10-07,400,True,2283.0,2297.0,2211.0,2231.0,2152.0,2185.0,2114.0,2183.0,2164.4,2216.88,2368.0133333333333,2220.72,-3.8399999999996908,down,6.666666666666665,-76.0989010989011,52.68817204301075,3585.0,2299.0,2093.0,3.077065237479215,0.6369311825628721,-37.768479776847975,-2.957807742496743,True,True,2107202180.0,1459900.0,864200.0,1.6893080305484842,519300.0,2.8112844213364143
5757,ＣＫサンエツ,プライム（内国株式）,鉄鋼・非鉄,2026-10-07,400,True,4990.0,4995.0,4940.0,4940.0,4900.0,4990.0,4900.0,4990.0,4961.0,4991.0,5193.666666666667,5008.2,-17.199999999999818,down,-67.08333333333334,-42.811355311355314,62.5,5830.0,5190.0,4720.0,-0.4233017536786954,-1.0218393107593648,-15.265866209262436,-4.816955684007707,True,False,35822800.0,4900.0,6000.0,0.8166666666666667,2700.0,1.8148148148148149
5801,古河電気工業,プライム（内国株式）,鉄鋼・非鉄,2026-10-07,400,True,4600.0,4881.0,4401.0,4444.0,4368.0,4506.0,4306.0,4490.0,4370.8,3943.16,3923.8533333333335,3921.52,21.639999999999873,up,90.0,27.472527472527474,68.54489164086688,6241.0,4881.0,3642.0,1.6747506177358762,12.701488146562667,-28.79346258612402,-8.95308338455234,False,False,125134425800.0,29691400.0,23718700.0,1.2518139695683153,20437200.0,1.4528115397412562
5802,住友電気工業,プライム（内国株式）,鉄鋼・非鉄,2026-10-07,400,True,2570.0,2587.0,2472.0,2482.0,2445.0,2549.5,2430.5,2535.5,2460.9,2202.48,2384.3533333333335,2190.4,12.079999999999927,up,91.66666666666666,39.01098901098901,84.81291269258988,3712.5,2587.0,1961.0,0.857409890690386,12.691148160255716,-33.14478114478114,-4.058755315036722,False,False,53505178490.0,16655200.0,20060300.0,0.8302567758209,10920500.0,1.5251316331669795
5803,フジクラ,プライム（内国株式）,鉄鋼・非鉄,2026-10-07,400,True,5871.0,6012.0,5700.0,5700.0,5600.0,5855.0,5560.0,5855.0,5617.4,5169.44,5177.8133333333335,5155.04,14.399999999999636,up,90.0,9.706959706959706,76.86104218362283,7933.0,6012.0,4665.0,1.4704311603232822,10.263394100714972,-28.14824152275306,-5.189620758483038,False,False,237065145300.0,41805100.0,42929100.0,0.9738172940965453,34565900.0,1.2094318388932446
5805,ＳＷＣＣ,プライム（内国株式）,鉄鋼・非鉄,2026-10-07,400,True,2932.0,2989.0,2903.0,2946.0,2823.0,2944.0,2775.0,2935.0,2862.4,2743.6,2612.9866666666667,2743.12,0.4800000000000182,up,88.33333333333333,-13.782051282051277,80.1223241590214,3914.0,2989.0,2520.0,2.9206260480715507,7.37716868348155,-24.73173224322943,-1.4386082301773184,False,False,4561595860.0,1445700.0,2261600.0,0.6392377078174744,1396500.0,1.0352309344790547
5821,平河ヒューテック,プライム（内国株式）,鉄鋼・非鉄,2026-10-07,400,True,3310.0,3490.0,3300.0,3385.0,3240.0,3325.0,3220.0,3300.0,3292.0,3157.2,3304.5466666666666,3152.4,4.799999999999727,up,90.41666666666667,47.45115995115995,75.53956834532374,4710.0,3490.0,2960.0,2.825030376670723,7.2152540225516315,-28.131634819532913,-3.008595988538687,False,False,178018900.0,115200.0,34900.0,3.3008595988538683,46200.0,2.4935064935064934
5830,いよぎんホールディングス,プライム（内国株式）,銀行,2026-10-07,400,True,3899.0,3938.0,3821.0,3821.0,3886.0,3965.0,3882.0,3940.0,3880.2,3888.4,3644.2,3894.96,-6.559999999999945,down,-53.33333333333334,-31.303418803418804,46.85598377281947,4117.0,4045.0,3688.0,-1.525694551827217,-1.7333607653533645,-7.189701238766089,-5.53770086526576,True,False,4237497440.0,1093800.0,971200.0,1.1262355848434926,1136500.0,0.9624285085789706
5831,しずおかフィナンシャルグループ,プライム（内国株式）,銀行,2026-10-07,400,True,3620.0,3653.0,3540.0,3540.0,3600.0,3650.0,3577.0,3645.0,3586.4,3579.52,3386.9733333333334,3583.92,-4.400000000000091,down,-28.333333333333343,-37.68315018315018,47.6882430647292,3712.0,3699.0,3410.0,-1.293776488958287,-1.1040586447344847,-4.633620689655171,-4.298459042984593,True,False,6406536500.0,1629100.0,1403200.0,1.1609891676168758,2459400.0,0.6623973326827681
5832,ちゅうぎんフィナンシャルグループ,プライム（内国株式）,銀行,2026-10-07,400,True,3815.0,3873.0,3782.0,3803.0,3783.0,3868.0,3771.0,3857.0,3772.8,3635.16,3412.8933333333334,3625.04,10.11999999999989,up,16.666666666666664,83.44017094017094,59.72222222222222,3873.0,3873.0,3396.0,0.8004664970313824,4.617128269457194,-1.807384456493677,-1.807384456493677,False,False,1417696980.0,403300.0,369700.0,1.0908845009467136,393200.0,1.0256866734486267
5838,楽天銀行,プライム（内国株式）,銀行,2026-10-07,400,True,6500.0,6550.0,6349.0,6450.0,6400.0,6579.0,6381.0,6551.0,6393.8,6374.6,5872.026666666667,6374.24,0.3600000000005821,up,41.666666666666664,-37.698412698412696,48.00713860797144,9317.0,6657.0,6048.0,0.8789765084926016,1.1828193141530496,-30.771707631211765,-3.109508787742221,True,True,6647133940.0,1340700.0,962500.0,1.392935064935065,1685600.0,0.7953844328429046
5844,京都フィナンシャルグループ,プライム（内国株式）,銀行,2026-10-07,400,True,4755.0,4829.0,4678.0,4678.0,4740.0,4824.0,4722.0,4775.0,4727.6,4843.2,4744.72,4853.52,-10.320000000000618,down,-88.33333333333333,-74.32844932844932,38.50931677018634,5164.0,5023.0,4648.0,-1.0491581352060297,-3.4109679550710204,-9.411309062742056,-6.868405335456895,False,False,4962517500.0,903900.0,940300.0,0.9612889503349995,910200.0,0.9930784442979564
5851,リョービ,プライム（内国株式）,鉄鋼・非鉄,2026-10-07,400,True,2727.0,2751.0,2709.0,2709.0,2729.0,2738.0,2712.0,2735.0,2719.6,2729.92,2678.4133333333334,2732.6,-2.6799999999998363,down,-31.666666666666664,-40.903540903540915,54.78841870824054,3065.0,2807.0,2576.0,-0.3897632004706497,-0.7663228226468255,-11.615008156606855,-3.4912718204488824,True,False,344486260.0,102800.0,107800.0,0.9536178107606679,166800.0,0.6163069544364509
5852,アーレスティ,プライム（内国株式）,鉄鋼・非鉄,2026-10-07,400,True,632.0,636.0,628.0,632.0,626.0,633.0,626.0,632.0,633.8,666.16,686.7866666666666,668.4,-2.240000000000009,down,-86.66666666666667,-90.36935286935287,23.4375,960.0,695.0,617.0,-0.28400126222782873,-5.127897201873422,-34.166666666666664,-9.064748201438844,False,False,98022200.0,41200.0,68500.0,0.6014598540145986,98000.0,0.4204081632653061
5857,ＡＲＥホールディングス,プライム（内国株式）,鉄鋼・非鉄,2026-10-07,400,True,3590.0,3615.0,3520.0,3525.0,3555.0,3615.0,3525.0,3590.0,3525.0,3671.8,3405.5866666666666,3697.4,-25.59999999999991,down,-61.25000000000001,-87.21001221001221,46.42857142857143,4720.0,3860.0,3455.0,0.0,-3.998039108883933,-25.317796610169495,-8.678756476683935,False,False,1680544600.0,435000.0,454900.0,0.9562541217850077,519400.0,0.8375048132460532
5889,Ｊａｐａｎ　Ｅｙｅｗｅａｒ　Ｈｏｌｄｉｎｇｓ,プライム（内国株式）,小売,2026-10-07,400,True,2142.0,2177.0,2136.0,2163.0,2171.0,2187.0,2145.0,2156.0,2182.0,2391.24,2426.8133333333335,2411.36,-20.120000000000346,down,-95.0,-94.2002442002442,33.61344537815126,2733.0,2692.0,2136.0,-0.8707607699358411,-9.544838661113053,-20.85620197585072,-19.65081723625557,False,False,284032380.0,79100.0,141000.0,0.5609929078014184,108500.0,0.7290322580645161
5901,東洋製罐グループホールディングス,プライム（内国株式）,建設・資材,2026-10-07,400,True,4478.0,4489.0,4421.0,4437.0,4430.0,4480.0,4418.0,4456.0,4443.0,4508.48,4296.093333333333,4511.52,-3.040000000000873,down,-31.666666666666664,-48.0921855921856,44.94238156209987,4661.0,4660.0,4251.0,-0.13504388926400823,-1.5854567393001506,-4.805835657584212,-4.785407725321889,False,False,1854641440.0,449600.0,331900.0,1.3546248870141608,310200.0,1.4493874919406835
5902,ホッカンホールディングス,プライム（内国株式）,建設・資材,2026-10-07,400,True,2584.0,2606.0,2551.0,2551.0,2564.0,2620.0,2564.0,2603.0,2588.2,2687.88,2532.2,2697.8,-9.920000000000073,down,-95.0,-63.827838827838825,30.026109660574413,2883.0,2780.0,2551.0,-1.4372923267135351,-5.092489248031907,-11.515782171349287,-8.237410071942442,False,False,54477140.0,16400.0,16000.0,1.025,18600.0,0.8817204301075269
5911,横河ブリッジホールディングス,プライム（内国株式）,建設・資材,2026-10-07,400,True,2884.0,2896.0,2860.0,2860.0,2894.0,2899.0,2875.0,2884.0,2892.8,2963.64,2927.8,2968.84,-5.200000000000273,down,-97.08333333333334,-47.95482295482296,33.021806853582554,3265.0,3050.0,2860.0,-1.1338495575221264,-3.497050923863898,-12.404287901990807,-6.229508196721312,False,False,317529660.0,123900.0,91100.0,1.3600439077936333,94300.0,1.3138918345705197
5929,三和ホールディングス,プライム（内国株式）,建設・資材,2026-10-07,400,True,3489.0,3500.0,3449.0,3464.0,3479.0,3508.0,3448.0,3468.0,3460.2,3496.6,3634.306666666667,3501.48,-4.880000000000109,down,-51.66666666666666,-60.103785103785114,52.589641434262944,4461.0,3618.0,3305.0,0.10982024160453019,-0.9323342675742086,-22.349249047298812,-4.256495301271423,True,False,2101171060.0,511200.0,519900.0,0.983266012694749,704700.0,0.7254150702426565
5930,文化シヤッター,プライム（内国株式）,建設・資材,2026-10-07,400,True,1805.0,1826.0,1805.0,1808.0,1807.0,1819.0,1799.0,1813.0,1811.2,1880.0,1888.2533333333333,1883.2,-3.2000000000000455,down,-87.08333333333333,-50.18315018315018,33.9622641509434,2371.0,1941.0,1791.0,-0.17667844522968323,-3.8297872340425587,-23.74525516659637,-6.852138073158165,False,False,195554760.0,87500.0,116000.0,0.7543103448275862,91300.0,0.9583789704271632
5932,三協立山,プライム（内国株式）,建設・資材,2026-10-07,400,True,642.0,643.0,628.0,629.0,632.0,637.0,631.0,636.0,637.8,651.4,647.9733333333334,653.0,-1.6000000000000227,down,-98.33333333333334,-46.474358974358964,29.310344827586203,736.0,669.0,615.0,-1.3797428661022182,-3.438747313478663,-14.538043478260864,-5.979073243647237,False,False,122613640.0,301200.0,90600.0,3.3245033112582782,99300.0,3.0332326283987916
5933,アルインコ,プライム（内国株式）,建設・資材,2026-10-07,400,True,1076.0,1081.0,1074.0,1074.0,1070.0,1087.0,1070.0,1081.0,1078.6,1107.76,1098.4533333333334,1110.48,-2.7200000000000273,down,-86.66666666666667,-89.57570207570207,38.059701492537314,1204.0,1134.0,1067.0,-0.4264787687743299,-3.047591536072791,-10.797342192691028,-5.291005291005291,False,False,33395040.0,23700.0,23500.0,1.0085106382978724,28200.0,0.8404255319148937
5938,ＬＩＸＩＬ,プライム（内国株式）,建設・資材,2026-10-07,400,True,1666.0,1678.5,1665.0,1678.0,1663.0,1676.0,1663.0,1663.0,1674.8,1725.82,1776.7533333333333,1729.04,-3.2200000000000273,down,-72.50000000000001,-90.62881562881564,34.26183844011142,1943.0,1763.5,1663.0,0.19106759016003227,-2.770856752152595,-13.638703036541433,-4.848313013892824,False,False,3471578320.0,2262100.0,1772900.0,1.2759320886682837,1761300.0,1.2843354340543915
5943,ノーリツ,プライム（内国株式）,建設・資材,2026-10-07,400,True,2173.0,2186.0,2160.0,2160.0,2150.0,2190.0,2150.0,2173.0,2164.0,2250.52,2316.9466666666667,2261.64,-11.11999999999989,down,-83.33333333333333,-96.27594627594627,27.142857142857142,2600.0,2315.0,2131.0,-0.1848428835489857,-4.022181540266246,-16.92307692307692,-6.6954643628509665,False,False,187626020.0,64500.0,65500.0,0.9847328244274809,109100.0,0.5912007332722273
5946,長府製作所,プライム（内国株式）,建設・資材,2026-10-07,400,True,1983.0,1989.0,1966.0,1974.0,1980.0,1995.0,1980.0,1986.0,1979.4,2026.04,2031.9066666666668,2031.52,-5.480000000000018,down,-21.249999999999993,-90.07936507936508,35.35353535353536,2222.0,2150.0,1965.0,-0.2728099424067931,-2.5685573828749697,-11.161116111611157,-8.186046511627909,False,False,96188300.0,56800.0,28200.0,2.0141843971631204,34000.0,1.6705882352941177
5947,リンナイ,プライム（内国株式）,建設・資材,2026-10-07,400,True,3355.0,3396.0,3355.0,3371.0,3356.0,3382.0,3354.0,3362.0,3369.0,3470.48,3547.7466666666664,3480.6,-10.11999999999989,down,-78.33333333333334,-91.62087912087912,35.348837209302324,4456.0,3569.0,3337.0,0.059364796675565046,-2.8664622761116587,-24.3491921005386,-5.547772485289992,False,False,1075118960.0,324500.0,281200.0,1.1539829302987197,219700.0,1.4770141101502048
5949,ユニプレス,プライム（内国株式）,自動車・輸送機,2026-10-07,400,True,1288.0,1297.0,1284.0,1286.0,1289.0,1302.0,1280.0,1297.0,1288.8,1317.28,1294.6266666666668,1319.24,-1.9600000000000364,down,-66.25000000000001,-59.95115995115996,47.465437788018434,1505.0,1364.0,1245.0,-0.21725636250775615,-2.3745900643750706,-14.551495016611293,-5.718475073313778,False,False,152597940.0,101500.0,87700.0,1.1573546180159635,118600.0,0.8558178752107926
5957,日東精工,プライム（内国株式）,建設・資材,2026-10-07,400,True,756.0,764.0,754.0,759.0,754.0,761.0,754.0,756.0,758.4,766.04,774.6133333333333,766.8,-0.7599999999999909,down,-80.0,-45.77228327228327,57.89473684210527,816.0,790.0,740.0,0.07911392405064444,-0.9190120620333087,-6.985294117647056,-3.924050632911391,False,False,52999480.0,70800.0,39400.0,1.7969543147208122,70100.0,1.0099857346647647
5959,岡部,プライム（内国株式）,建設・資材,2026-10-07,400,True,915.0,917.0,910.0,913.0,915.0,919.0,914.0,917.0,918.2,939.32,923.7866666666666,940.52,-1.1999999999999318,down,-89.58333333333333,-71.91697191697193,35.36585365853659,1068.0,958.0,910.0,-0.56632541929863,-2.802026998254059,-14.513108614232205,-4.697286012526092,False,False,68665140.0,71000.0,36100.0,1.9667590027700832,64500.0,1.1007751937984496
5970,ジーテクト,プライム（内国株式）,建設・資材,2026-10-07,400,True,2204.0,2216.0,2186.0,2186.0,2193.0,2212.0,2185.0,2208.0,2200.4,2245.48,2192.3333333333335,2251.12,-5.639999999999873,down,-83.33333333333333,-48.85531135531136,47.48010610079575,2392.0,2328.0,2133.0,-0.6544264679149259,-2.6488768548372787,-8.612040133779264,-6.099656357388317,False,False,187547520.0,59600.0,66900.0,0.890881913303438,142600.0,0.4179523141654979
5975,東プレ,プライム（内国株式）,建設・資材,2026-10-07,400,True,3360.0,3410.0,3360.0,3380.0,3350.0,3365.0,3305.0,3355.0,3339.0,3349.6,3005.4266666666667,3342.8,6.799999999999727,up,-32.91666666666666,13.61416361416361,58.64661654135338,3610.0,3500.0,3155.0,1.227912548667276,0.9075710532600922,-6.371191135734067,-3.4285714285714253,False,False,265008400.0,88100.0,52100.0,1.690978886756238,178600.0,0.4932810750279955
5976,高周波熱錬,プライム（内国株式）,建設・資材,2026-10-07,400,True,1449.0,1457.0,1435.0,1441.0,1438.0,1452.0,1438.0,1449.0,1443.6,1471.04,1414.2266666666667,1474.8,-3.759999999999991,down,-26.66666666666666,-79.67032967032968,44.516129032258064,1578.0,1507.0,1417.0,-0.18010529232473926,-2.042092669132045,-8.681875792141946,-4.379562043795615,False,False,94863600.0,70100.0,50700.0,1.3826429980276134,65100.0,1.076804915514593
5981,東京製綱,プライム（内国株式）,建設・資材,2026-10-07,400,True,1846.0,1855.0,1833.0,1838.0,1836.0,1865.0,1833.0,1860.0,1856.8,1876.44,1938.6,1880.92,-4.480000000000018,down,-84.16666666666666,-30.570818070818074,51.902173913043484,2162.0,1953.0,1773.0,-1.0124946143903468,-2.048560039223213,-14.986123959296949,-5.888376856118793,False,False,86359520.0,40100.0,48500.0,0.8268041237113402,113200.0,0.3542402826855124
5988,パイオラックス,プライム（内国株式）,建設・資材,2026-10-07,400,True,1611.0,1633.0,1610.0,1627.0,1623.0,1623.0,1602.0,1617.0,1638.8,1681.04,1672.6,1685.04,-4.0,down,-89.99999999999999,-58.1043956043956,35.483870967741936,1885.0,1728.0,1602.0,-0.720039052965582,-3.214676628753632,-13.687002652519897,-5.8449074074074066,False,False,145688060.0,86600.0,99600.0,0.8694779116465864,122500.0,0.7069387755102041
5989,エイチワン,プライム（内国株式）,建設・資材,2026-10-07,400,True,1413.0,1416.0,1399.0,1399.0,1414.0,1422.0,1403.0,1419.0,1408.6,1464.0,1511.4533333333334,1468.76,-4.759999999999991,down,-86.66666666666667,-66.80402930402931,41.21863799283154,1825.0,1511.0,1386.0,-0.6815277580576429,-4.43989071038251,-23.34246575342466,-7.412309728656519,False,False,240324580.0,66200.0,134200.0,0.4932935916542474,116700.0,0.5672664952870609
5991,日本発條,プライム（内国株式）,建設・資材,2026-10-07,400,True,3942.0,3971.0,3855.0,3942.0,3709.0,3958.0,3661.0,3899.0,3691.6,3418.68,3615.1866666666665,3394.48,24.199999999999818,up,86.66666666666667,55.7997557997558,88.02660753880266,4340.0,3971.0,3202.0,6.7829667352909295,15.30766260662011,-9.1705069124424,-0.7302946361118057,False,False,3565288040.0,844100.0,1597500.0,0.5283881064162754,539500.0,1.5645968489341984
6005,三浦工業,プライム（内国株式）,機械,2026-10-07,400,True,3045.0,3060.0,3031.0,3031.0,3045.0,3056.0,3022.0,3045.0,3022.4,3115.36,3156.213333333333,3123.12,-7.7599999999997635,down,-44.99999999999999,-71.38278388278387,44.54545454545455,3573.0,3246.0,2962.0,0.2845420857596537,-2.7078732473935663,-15.169325496781417,-6.623536660505236,False,False,1355242560.0,268700.0,305300.0,0.8801179168031444,271400.0,0.9900515843773029
6013,タクマ,プライム（内国株式）,機械,2026-10-07,400,True,3010.0,3035.0,3000.0,3005.0,3030.0,3030.0,2988.0,3005.0,2998.2,2997.24,3268.7466666666664,2999.24,-2.0,down,3.3333333333333326,-19.474969474969473,55.072463768115945,3770.0,3075.0,2872.0,0.2268027483156576,0.25890485913708794,-20.291777188328908,-2.276422764227637,False,False,458287840.0,104500.0,111200.0,0.939748201438849,182200.0,0.5735455543358946
6027,弁護士ドットコム,プライム（内国株式）,情報通信・サービスその他,2026-10-07,400,True,5070.0,5190.0,4980.0,5100.0,4990.0,5260.0,4990.0,5090.0,5076.0,5249.2,3607.8533333333335,5249.6,-0.4000000000005457,down,-11.66666666666667,-12.46947496947497,27.300613496932513,6070.0,6070.0,4860.0,0.47281323877068626,-2.84233788005791,-15.980230642504123,-15.980230642504123,False,False,836136000.0,108300.0,201600.0,0.5372023809523809,350800.0,0.3087229190421893
6036,ＫｅｅＰｅｒ技研,プライム（内国株式）,情報通信・サービスその他,2026-10-07,400,True,3725.0,3800.0,3695.0,3735.0,3540.0,3790.0,3485.0,3790.0,3543.0,3522.6,3115.76,3504.8,17.799999999999727,up,8.750000000000002,39.239926739926744,57.80346820809249,3860.0,3800.0,3335.0,5.419136325148188,6.029637199795612,-3.2383419689119175,-1.7105263157894735,False,False,718412000.0,258800.0,438000.0,0.5908675799086758,327100.0,0.7911953531030266
6050,イー・ガーディアン,プライム（内国株式）,情報通信・サービスその他,2026-10-07,400,True,1670.0,1673.0,1620.0,1625.0,1620.0,1651.0,1620.0,1642.0,1638.4,1759.84,1740.4266666666667,1766.6,-6.759999999999991,down,-89.99999999999999,-51.67887667887668,23.588039867109632,2130.0,1820.0,1612.0,-0.81787109375,-7.662060187289754,-23.708920187793424,-10.71428571428571,False,False,59190800.0,51500.0,26800.0,1.921641791044776,13200.0,3.9015151515151514
6055,ジャパンマテリアル,プライム（内国株式）,情報通信・サービスその他,2026-10-07,400,True,2382.0,2425.0,2374.0,2402.0,2410.0,2413.0,2374.0,2406.0,2388.0,2224.8,2310.173333333333,2214.44,10.360000000000127,up,80.0,68.58974358974359,74.86111111111111,2770.0,2427.0,1982.0,0.5862646566164198,7.9647608773822265,-13.28519855595668,-1.0300782859497315,False,False,1163565000.0,543500.0,397300.0,1.3679838912660458,524500.0,1.0362249761677789
6058,ベクトル,プライム（内国株式）,情報通信・サービスその他,2026-10-07,400,True,1975.0,2029.0,1970.0,1982.0,2019.0,2042.0,1962.0,1973.0,1996.6,1975.84,1865.3466666666666,1978.44,-2.6000000000001364,down,65.41666666666667,-20.55860805860805,54.23728813559322,2226.0,2075.0,1825.0,-0.7312431132925901,0.31176613490970784,-10.961365678346812,-4.48192771084337,True,True,1057968900.0,416100.0,447500.0,0.9298324022346369,285300.0,1.4584647739221872
6062,チャーム・ケア・コーポレーション,プライム（内国株式）,情報通信・サービスその他,2026-10-07,400,True,1396.0,1417.0,1396.0,1405.0,1402.0,1408.0,1390.0,1404.0,1393.8,1411.28,1381.44,1411.24,0.03999999999996362,up,-81.66666666666667,9.98168498168498,45.59585492227979,1495.0,1475.0,1354.0,0.8035586167312481,-0.4449861118984155,-6.020066889632103,-4.74576271186441,True,False,124892360.0,85600.0,77300.0,1.107373868046572,61100.0,1.4009819967266777
6070,キャリアリンク,プライム（内国株式）,情報通信・サービスその他,2026-10-07,400,True,2500.0,2520.0,2490.0,2490.0,2489.0,2518.0,2489.0,2514.0,2510.0,2542.16,2428.6666666666665,2546.08,-3.9200000000000728,down,-73.33333333333334,-53.41880341880343,47.840531561461795,2815.0,2621.0,2454.0,-0.7968127490039834,-2.0517984705919368,-11.545293072824158,-4.998092331171311,False,False,78228240.0,35500.0,23900.0,1.4853556485355648,23600.0,1.5042372881355932
6071,ＩＢＪ,プライム（内国株式）,情報通信・サービスその他,2026-10-07,400,True,908.0,912.0,901.0,908.0,888.0,905.0,887.0,901.0,897.8,896.96,859.84,897.4,-0.4399999999999409,down,66.66666666666667,-44.32234432234432,56.547619047619044,976.0,936.0,837.0,1.136110492314546,1.2308241170174705,-6.9672131147541005,-2.991452991452992,False,False,159771620.0,178900.0,191300.0,0.9351803450078411,273100.0,0.6550714024166971
6073,アサンテ,プライム（内国株式）,情報通信・サービスその他,2026-10-07,400,True,1324.0,1330.0,1303.0,1303.0,1328.0,1340.0,1322.0,1338.0,1345.4,1476.32,1481.36,1484.88,-8.560000000000173,down,-95.0,-67.5976800976801,14.792899408284024,1728.0,1549.0,1303.0,-3.151479114018141,-11.740002167551744,-24.59490740740741,-15.881213686249197,False,False,57282660.0,76800.0,38300.0,2.0052219321148823,10200.0,7.529411764705882
6078,バリューＨＲ,プライム（内国株式）,情報通信・サービスその他,2026-10-07,400,True,1501.0,1515.0,1499.0,1510.0,1506.0,1524.0,1501.0,1502.0,1516.2,1553.08,1523.8133333333333,1557.96,-4.880000000000109,down,-94.58333333333333,-66.92612942612944,39.58333333333333,1899.0,1587.0,1499.0,-0.40891702941564523,-2.7738429443428525,-20.484465508162188,-4.851921865154374,False,False,35390740.0,15200.0,19300.0,0.7875647668393783,54500.0,0.27889908256880735
6080,Ｍ＆Ａキャピタルパートナーズ,プライム（内国株式）,情報通信・サービスその他,2026-10-07,400,True,4385.0,4430.0,4375.0,4410.0,4300.0,4410.0,4295.0,4385.0,4327.0,4209.2,3934.266666666667,4202.8,6.399999999999636,up,84.16666666666667,47.19169719169719,74.10071942446042,4430.0,4430.0,3970.0,1.9181881211000729,4.77050270835313,-0.4514672686230292,-0.4514672686230292,False,False,379262100.0,69500.0,78100.0,0.8898847631241997,36200.0,1.919889502762431
6088,シグマクシス・ホールディングス,プライム（内国株式）,情報通信・サービスその他,2026-10-07,400,True,593.0,594.0,584.0,586.0,584.0,594.0,584.0,591.0,582.6,569.24,561.7466666666667,568.68,0.5600000000000591,up,9.583333333333332,77.5946275946276,65.07936507936508,940.0,594.0,536.0,0.5835907998626766,2.9442765792987213,-37.65957446808511,-1.3468013468013518,False,False,201199820.0,311900.0,351400.0,0.8875924871940808,361100.0,0.8637496538355026
6089,ウィルグループ,プライム（内国株式）,情報通信・サービスその他,2026-10-07,400,True,1116.0,1126.0,1116.0,1122.0,1122.0,1129.0,1112.0,1129.0,1133.4,1155.32,1113.6933333333334,1157.96,-2.6400000000001,down,-91.25000000000001,-53.09829059829059,39.66942148760331,1319.0,1182.0,1112.0,-1.0058231868713685,-2.884049440847547,-14.935557240333585,-5.076142131979699,False,False,38233660.0,23100.0,44600.0,0.5179372197309418,34400.0,0.6715116279069767
6098,リクルートホールディングス,プライム（内国株式）,情報通信・サービスその他,2026-10-07,400,True,16975.0,17125.0,16840.0,17000.0,16920.0,17135.0,16815.0,16975.0,16810.0,16593.0,14433.466666666667,16625.0,-32.0,down,71.66666666666667,2.8693528693528703,56.91275167785235,18215.0,17585.0,15225.0,1.1302795954788891,2.4528415596938524,-6.670326653856707,-3.326698891100366,False,False,54723664600.0,3087500.0,3364700.0,0.9176152405860849,6130000.0,0.5036704730831973
6099,エラン,プライム（内国株式）,情報通信・サービスその他,2026-10-07,400,True,697.0,707.0,697.0,701.0,696.0,702.0,695.0,701.0,702.8,722.32,746.0533333333333,724.44,-2.1200000000000045,down,-85.41666666666667,-69.04761904761905,40.50632911392405,816.0,744.0,695.0,-0.2561183836084169,-2.9516003987152595,-14.093137254901967,-5.779569892473113,False,False,50225140.0,51400.0,106100.0,0.48444863336475025,142800.0,0.3599439775910364
6101,ツガミ,プライム（内国株式）,機械,2026-10-07,400,True,5810.0,5870.0,5690.0,5800.0,5790.0,5870.0,5630.0,5860.0,5682.0,5189.8,6188.866666666667,5167.4,22.400000000000546,up,91.25,36.462148962148966,88.30188679245283,8630.0,5870.0,4625.0,2.0767335445265767,11.757678523257153,-32.79258400926999,-1.1925042589437829,False,False,1733090600.0,368600.0,268600.0,1.372300819061802,320900.0,1.1486444375194764
6103,オークマ,プライム（内国株式）,機械,2026-10-07,400,True,4925.0,4970.0,4840.0,4925.0,4950.0,4975.0,4880.0,4935.0,4896.0,4613.4,4825.933333333333,4608.6,4.799999999999272,up,90.0,31.196581196581196,85.53459119496856,5710.0,4975.0,4155.0,0.5923202614379175,6.754237655525208,-13.747810858143605,-1.005025125628145,False,False,1810403600.0,295400.0,342500.0,0.8624817518248176,342800.0,0.8617269544924154
6104,芝浦機械,プライム（内国株式）,機械,2026-10-07,400,True,5060.0,5090.0,4970.0,5010.0,5000.0,5100.0,4930.0,5060.0,4967.0,4573.4,4479.8,4551.4,22.0,up,95.41666666666667,72.52747252747253,92.81767955801105,5170.0,5100.0,4085.0,0.8657137104892243,9.546508068395521,-3.0947775628626717,-1.764705882352946,False,False,1054106600.0,167500.0,173100.0,0.9676487579433853,83800.0,1.9988066825775657
6113,アマダ,プライム（内国株式）,機械,2026-10-07,400,True,2693.0,2708.5,2621.5,2648.5,2679.0,2689.0,2640.0,2675.5,2650.3,2495.68,2732.5533333333333,2492.86,2.819999999999709,up,86.66666666666667,26.923076923076927,85.85209003215434,3224.0,2708.5,2254.0,-0.06791683960306605,6.123381202718314,-17.850496277915628,-2.2152482924127748,False,False,5554128010.0,2211400.0,1393600.0,1.5868254879448909,2197900.0,1.0061422266709132
6118,アイダエンジニアリング,プライム（内国株式）,機械,2026-10-07,400,True,1232.0,1237.0,1220.0,1228.0,1227.0,1240.0,1212.0,1237.0,1226.8,1227.08,1213.36,1230.68,-3.6000000000001364,down,76.66666666666666,-27.518315018315008,46.93877551020408,1362.0,1295.0,1181.0,0.09781545484186527,0.07497473677349209,-9.838472834067547,-5.17374517374517,True,True,265928660.0,191800.0,160800.0,1.1927860696517414,236900.0,0.809624314056564
6134,ＦＵＪＩ,プライム（内国株式）,機械,2026-10-07,400,True,8520.0,8619.0,8389.0,8525.0,8425.0,8574.0,8254.0,8488.0,8298.2,7298.4,7644.2266666666665,7239.16,59.23999999999978,up,98.33333333333333,66.04090354090354,96.07448414695521,8943.0,8619.0,6402.0,2.7331228459183787,16.806423325660425,-4.674046740467408,-1.0906137602970212,False,False,6075335460.0,790600.0,732400.0,1.0794647733478973,563200.0,1.4037642045454546
6135,牧野フライス製作所,プライム（内国株式）,機械,2026-10-07,400,True,3380.0,3420.0,3325.0,3385.0,3260.0,3320.0,3210.0,3310.0,3269.0,3090.76,3016.36,3077.28,13.480000000000018,up,83.33333333333334,45.52808302808303,76.29733520336606,3420.0,3420.0,2816.0,3.5484857754665144,9.519988611215346,-1.0233918128654929,-1.0233918128654929,False,False,2791395600.0,1286100.0,708200.0,1.8160124258683987,310000.0,4.148709677419355
6136,オーエスジー,プライム（内国株式）,機械,2026-10-07,400,True,3790.0,3828.0,3749.0,3773.0,3770.0,3799.0,3721.0,3785.0,3721.2,3568.72,3711.52,3566.04,2.6799999999998363,up,92.91666666666667,9.935897435897434,87.67676767676768,4223.0,3828.0,3282.0,1.3920240782543392,5.724181219036528,-10.655931802036466,-1.4367816091954033,False,False,1176719560.0,308300.0,265700.0,1.1603312006021829,241700.0,1.2755482002482417
6140,旭ダイヤモンド工業,プライム（内国株式）,機械,2026-10-07,400,True,1156.0,1160.0,1138.0,1155.0,1144.0,1163.0,1131.0,1161.0,1140.8,1137.68,1180.0666666666666,1140.04,-2.3599999999999,down,65.0,-45.970695970695964,72.6027397260274,1735.0,1200.0,1068.0,1.244740532959332,1.5223964559454295,-33.429394812680115,-3.749999999999998,False,False,351332660.0,250600.0,308300.0,0.8128446318520921,646200.0,0.38780563293098114
6141,ＤＭＧ森精機,プライム（内国株式）,機械,2026-10-07,400,True,2892.5,2911.0,2857.5,2886.5,2892.0,2917.5,2849.0,2900.0,2888.5,2860.78,3288.213333333333,2867.12,-6.339999999999691,down,-68.33333333333333,-10.256410256410264,66.006600660066,3980.0,2966.5,2668.0,-0.06924009001211262,0.8990555023455027,-27.474874371859293,-2.696780718017866,True,True,3939957100.0,1128600.0,1114400.0,1.0127422828427854,1617700.0,0.6976571675836064
6143,ソディック,プライム（内国株式）,機械,2026-10-07,400,True,1754.0,1823.0,1752.0,1788.0,1734.0,1767.0,1700.0,1752.0,1778.2,1703.4,1776.8933333333334,1700.12,3.2800000000002,up,87.91666666666667,18.58974358974359,73.25301204819277,2136.0,1853.0,1559.0,0.5511191092115508,4.96653751320888,-16.292134831460668,-3.5078251484079837,False,False,1242037820.0,862700.0,1646200.0,0.5240554003158789,351100.0,2.457134719453147
6146,ディスコ,プライム（内国株式）,機械,2026-10-07,400,True,64200.0,64240.0,60320.0,61380.0,63080.0,65500.0,62730.0,65500.0,62268.0,55712.8,64128.4,55631.6,81.20000000000437,up,93.33333333333333,22.527472527472526,74.66534457114527,91680.0,65500.0,49620.0,-1.4260936596646734,10.172168693729255,-33.04973821989529,-6.290076335877859,False,False,133365601600.0,3290900.0,1796000.0,1.8323496659242762,1291800.0,2.5475305774887755
6151,日東工器,プライム（内国株式）,機械,2026-10-07,400,True,1710.0,1733.0,1706.0,1716.0,1693.0,1733.0,1693.0,1725.0,1703.6,1723.28,1721.3066666666666,1725.0,-1.7200000000000273,down,-50.0,-41.529304029304036,51.90476190476191,1940.0,1770.0,1668.0,0.7278703921108187,-0.4224502112251005,-11.546391752577323,-3.050847457627115,True,False,31896800.0,12200.0,10800.0,1.1296296296296295,9400.0,1.297872340425532
6167,冨士ダイス,プライム（内国株式）,機械,2026-10-07,400,True,1001.0,1011.0,995.0,1009.0,998.0,1010.0,997.0,1010.0,1008.2,999.84,1000.76,1001.0,-1.1599999999999682,down,-28.750000000000007,-14.575702075702068,73.52941176470588,1615.0,1019.0,942.0,0.079349335449308,0.9161465834533589,-37.52321981424148,-0.9813542688910659,True,True,35571580.0,33500.0,30500.0,1.098360655737705,43800.0,0.7648401826484018
6178,日本郵政,プライム（内国株式）,情報通信・サービスその他,2026-10-07,400,True,2476.0,2491.5,2429.5,2429.5,2479.0,2503.5,2471.0,2503.5,2474.5,2499.26,2394.8,2499.38,-0.11999999999989086,down,-78.33333333333334,8.16544566544567,42.998204667863554,2603.0,2594.5,2382.0,-1.8185492018589655,-2.7912262029560875,-6.66538609296965,-6.3596068606667995,False,False,11196509240.0,4910800.0,4496500.0,1.0921383298120761,7210100.0,0.6811001234379551
6183,ベルシステム２４ホールディングス,プライム（内国株式）,情報通信・サービスその他,2026-10-07,400,True,1284.0,1284.0,1271.0,1271.0,1290.0,1299.0,1284.0,1285.0,1286.8,1348.68,1365.1733333333334,1353.28,-4.599999999999909,down,-91.66666666666667,-86.5079365079365,18.30985915492958,1555.0,1387.0,1269.0,-1.227852036058441,-5.759705786398561,-18.263665594855304,-8.363374188896898,False,False,420971340.0,270200.0,272500.0,0.9915596330275229,217500.0,1.2422988505747126
6184,鎌倉新書,プライム（内国株式）,情報通信・サービスその他,2026-10-07,400,True,606.0,610.0,602.0,603.0,607.0,617.0,607.0,610.0,608.0,595.4,551.7466666666667,595.24,0.15999999999996817,up,37.916666666666664,49.00793650793651,46.601941747572816,648.0,625.0,558.0,-0.8223684210526327,1.2764528048370805,-6.944444444444442,-3.520000000000001,False,False,71420600.0,115700.0,102100.0,1.1332027424094024,166700.0,0.6940611877624475
6191,エアトリ,プライム（内国株式）,情報通信・サービスその他,2026-10-07,400,True,1450.0,1469.0,1416.0,1416.0,1488.0,1495.0,1454.0,1460.0,1455.2,1241.24,977.8133333333334,1217.72,23.519999999999982,up,-8.333333333333325,61.05006105006105,26.90166975881262,1768.0,1768.0,762.0,-2.693787795492031,14.079468918178595,-19.909502262443436,-19.909502262443436,False,False,772949540.0,356400.0,431600.0,0.8257645968489342,122600.0,2.9070146818923326
6194,アトラエ,プライム（内国株式）,情報通信・サービスその他,2026-10-07,400,True,937.0,944.0,932.0,940.0,929.0,947.0,926.0,941.0,932.4,885.88,836.6933333333334,884.2,1.67999999999995,up,59.583333333333336,63.04945054945055,74.52229299363057,958.0,958.0,828.0,0.815100815100811,6.1091795728541065,-1.8789144050104345,-1.8789144050104345,False,False,282154000.0,185000.0,273800.0,0.6756756756756757,108700.0,1.7019319227230911
6196,ストライクグループ,プライム（内国株式）,情報通信・サービスその他,2026-10-07,400,True,1373.0,1403.0,1373.0,1403.0,1382.0,1397.0,1371.0,1382.0,1398.2,1407.72,1350.8,1405.6,2.1200000000001182,up,-33.74999999999999,9.21855921855922,47.08520179372198,1550.0,1470.0,1346.0,0.34329852667716043,-0.3352939505015251,-9.483870967741936,-4.5578231292517035,False,False,440896620.0,352500.0,266200.0,1.324192336589031,328500.0,1.0730593607305936
6200,インソース,プライム（内国株式）,情報通信・サービスその他,2026-10-07,400,True,675.0,677.0,667.0,673.0,665.0,677.0,665.0,675.0,669.8,703.4,683.8133333333334,706.12,-2.7200000000000273,down,-19.166666666666664,-80.11294261294262,37.28813559322034,999.0,734.0,648.0,0.4777545535980865,-4.321865226044919,-32.63263263263263,-8.31062670299727,False,False,284455920.0,254600.0,388900.0,0.6546670095140139,368800.0,0.690347071583514
6209,リケンＮＰＲ,プライム（内国株式）,機械,2026-10-07,400,True,3860.0,3895.0,3855.0,3880.0,3850.0,3880.0,3835.0,3870.0,3867.0,3899.4,3937.6,3902.8,-3.400000000000091,down,-78.75000000000001,-23.580586080586087,55.46218487394958,4570.0,4045.0,3730.0,0.33617791569693356,-0.497512437810943,-15.098468271334797,-4.0791100123609425,False,False,216079000.0,48000.0,37000.0,1.2972972972972974,76500.0,0.6274509803921569
6222,島精機製作所,プライム（内国株式）,機械,2026-10-07,400,True,886.0,889.0,877.0,885.0,885.0,892.0,876.0,891.0,890.6,925.6,919.6666666666666,929.64,-4.039999999999964,down,-88.33333333333333,-78.44932844932846,28.18181818181818,1109.0,966.0,876.0,-0.6287895800583865,-4.386343993085573,-20.19837691614067,-8.385093167701863,False,False,151065360.0,120900.0,148700.0,0.8130464021519839,148200.0,0.8157894736842105
6235,オプトラン,プライム（内国株式）,機械,2026-10-07,400,True,2880.0,2908.0,2836.0,2852.0,2821.0,2950.0,2768.0,2911.0,2817.2,2567.08,3072.133333333333,2559.36,7.7199999999998,up,91.66666666666666,32.31074481074481,77.64830508474576,4910.0,2950.0,2276.0,1.2352690614794826,11.098991850663008,-41.914460285132385,-3.322033898305088,False,False,1119552320.0,299400.0,445900.0,0.6714509979816102,266900.0,1.1217684526039715
6237,イワキポンプ,プライム（内国株式）,機械,2026-10-07,400,True,4165.0,4175.0,4055.0,4120.0,4145.0,4165.0,4110.0,4165.0,4127.0,4003.2,4301.2,4000.2,3.0,up,64.58333333333333,30.723443223443226,76.76767676767676,6030.0,4210.0,3720.0,-0.1696147322510333,2.9176658673061517,-31.674958540630183,-2.137767220902609,False,False,173324900.0,36600.0,27200.0,1.3455882352941178,49500.0,0.7393939393939394
6238,フリュー,プライム（内国株式）,機械,2026-10-07,400,True,1422.0,1439.0,1405.0,1418.0,1389.0,1433.0,1389.0,1425.0,1414.2,1430.16,1396.4266666666667,1429.44,0.7200000000000273,up,-29.58333333333334,-3.067765567765557,39.79057591623037,1484.0,1484.0,1359.0,0.26870315372649056,-0.8502545169771225,-4.447439353099735,-4.447439353099735,True,False,148687020.0,87200.0,95700.0,0.9111807732497388,75500.0,1.1549668874172185
6240,ヤマシンフィルタ,プライム（内国株式）,機械,2026-10-07,400,True,504.0,509.0,500.0,506.0,511.0,516.0,504.0,505.0,508.6,522.88,525.6933333333334,524.12,-1.240000000000009,down,-87.08333333333333,-86.82844932844932,39.75903614457831,849.0,546.0,500.0,-0.511207235548572,-3.228274173806611,-40.40047114252061,-7.326007326007322,False,False,151936960.0,411100.0,218300.0,1.8831882730187814,195200.0,2.106045081967213
6247,日阪製作所,プライム（内国株式）,機械,2026-10-07,400,True,1612.0,1640.0,1612.0,1619.0,1618.0,1635.0,1610.0,1632.0,1633.4,1699.68,1712.92,1706.64,-6.960000000000036,down,-89.58333333333333,-76.17521367521367,47.266881028938904,1872.0,1759.0,1610.0,-0.8815966695236988,-4.746775863691988,-13.51495726495726,-7.959067652075047,False,False,76652160.0,31400.0,44300.0,0.708803611738149,66700.0,0.4707646176911544
6250,やまびこ,プライム（内国株式）,機械,2026-10-07,400,True,4415.0,4475.0,4395.0,4445.0,4370.0,4410.0,4335.0,4400.0,4370.0,4389.2,4103.333333333333,4382.8,6.399999999999636,up,3.3333333333333326,3.0219780219780223,55.10204081632652,4610.0,4610.0,4070.0,1.7162471395880896,1.2713022874327962,-3.579175704989157,-3.579175704989157,False,False,395874600.0,102000.0,84300.0,1.209964412811388,157000.0,0.6496815286624203
6254,野村マイクロ・サイエンス,プライム（内国株式）,機械,2026-10-07,400,True,3780.0,3840.0,3685.0,3800.0,3660.0,3790.0,3605.0,3775.0,3658.0,3426.8,3966.0666666666666,3417.6,9.200000000000273,up,96.66666666666667,17.994505494505496,87.58169934640523,5500.0,3840.0,3130.0,3.88190267905959,10.890626823858994,-30.909090909090907,-1.041666666666663,False,False,2136619400.0,488700.0,577300.0,0.8465269357353196,405400.0,1.2054760730143068
6258,平田機工,プライム（内国株式）,機械,2026-10-07,400,True,4225.0,4230.0,4065.0,4070.0,4100.0,4235.0,4035.0,4225.0,4018.0,3682.8,3335.5466666666666,3660.0,22.800000000000182,up,93.33333333333333,83.54700854700855,82.90155440414507,4235.0,4235.0,3365.0,1.2941762070681984,10.513739545997613,-3.8961038961038974,-3.8961038961038974,False,False,1196822700.0,275800.0,381000.0,0.7238845144356956,194900.0,1.4150846587993844
6264,マルマエ,プライム（内国株式）,機械,2026-10-07,400,True,2235.0,2236.0,2152.0,2178.0,2248.0,2249.0,2196.0,2234.0,2176.8,1957.24,2163.3733333333334,1952.2,5.039999999999964,up,91.66666666666666,30.70818070818071,81.25,3220.0,2263.0,1738.0,0.05512679162071876,11.279148188265097,-32.36024844720497,-3.7560760053027,False,False,1151174040.0,430500.0,412600.0,1.0433834222006786,582300.0,0.7393096342091705
6266,タツモ,プライム（内国株式）,機械,2026-10-07,400,True,4350.0,4525.0,4340.0,4470.0,4370.0,4420.0,4320.0,4370.0,4319.0,3692.0,4108.866666666667,3656.2,35.80000000000018,up,95.0,69.76495726495726,94.02985074626866,5490.0,4525.0,3145.0,3.496179671220201,21.072589382448538,-18.579234972677593,-1.2154696132596676,False,False,1145231800.0,297100.0,144400.0,2.0574792243767313,279900.0,1.0614505180421578
6268,ナブテスコ,プライム（内国株式）,機械,2026-10-07,400,True,4987.0,5015.0,4881.0,5010.0,5026.0,5026.0,4938.0,4987.0,4975.4,4653.16,4878.333333333333,4641.0,12.159999999999854,up,96.66666666666667,71.96275946275946,91.5954415954416,6113.0,5062.0,4261.0,0.6954214736503594,7.668767031436707,-18.04351382300017,-1.0272619517977088,False,False,4179017820.0,682800.0,873500.0,0.7816828849456211,970200.0,0.7037724180581324
6269,三井海洋開発,プライム（内国株式）,機械,2026-10-07,400,True,8735.0,8849.0,8707.0,8794.0,8817.0,8879.0,8711.0,8834.0,8759.6,9166.12,9683.68,9208.08,-41.95999999999913,down,-64.99999999999999,-90.78144078144079,36.99472759226713,16720.0,9850.0,8611.0,0.3927119959815428,-4.059733016805378,-47.40430622009569,-10.720812182741113,False,False,6650674520.0,670500.0,778700.0,0.8610504687299345,643000.0,1.0427682737169517
6272,レオン自動機,プライム（内国株式）,機械,2026-10-07,400,True,1470.0,1479.0,1462.0,1463.0,1470.0,1482.0,1464.0,1475.0,1473.2,1515.44,1513.2133333333334,1519.52,-4.079999999999927,down,-83.74999999999999,-79.31929181929182,39.30348258706468,1660.0,1561.0,1461.0,-0.6923703502579426,-3.460381143430291,-11.867469879518078,-6.278026905829592,False,False,87668100.0,48600.0,55700.0,0.8725314183123878,67300.0,0.7221396731054978
6273,ＳＭＣ,プライム（内国株式）,機械,2026-10-07,400,True,75730.0,76150.0,73120.0,73860.0,75950.0,76000.0,75050.0,76000.0,74384.0,69470.8,71531.2,69328.4,142.40000000000873,up,95.0,46.336996336996336,71.89189189189189,86800.0,76150.0,64650.0,-0.7044525704452576,6.318050173598122,-14.90783410138249,-3.0072225869993474,False,False,22828633000.0,281500.0,184900.0,1.5224445646295295,182700.0,1.5407772304324028
6277,ホソカワミクロン,プライム（内国株式）,機械,2026-10-07,400,True,6590.0,6680.0,6430.0,6480.0,6570.0,6680.0,6520.0,6640.0,6598.0,5975.2,5370.533333333334,5940.0,35.19999999999982,up,3.749999999999998,88.33943833943833,70.55555555555556,6950.0,6920.0,5420.0,-1.788420733555618,8.44825277814969,-6.762589928057549,-6.358381502890175,False,False,345786600.0,52300.0,36000.0,1.4527777777777777,26200.0,1.9961832061068703
6278,ユニオンツール,プライム（内国株式）,機械,2026-10-07,400,True,17180.0,17180.0,16550.0,16820.0,16840.0,17070.0,16460.0,17070.0,16596.0,14182.8,17078.266666666666,14084.8,98.0,up,98.33333333333333,49.694749694749696,91.91919191919192,27150.0,17180.0,11930.0,1.3497228247770554,18.59435372422935,-38.04788213627993,-2.0954598370197863,False,False,4467199400.0,294700.0,210600.0,1.399335232668566,117700.0,2.503823279524214
6279,瑞光,プライム（内国株式）,機械,2026-10-07,400,True,921.0,921.0,902.0,902.0,915.0,928.0,915.0,921.0,922.6,925.28,918.3333333333334,926.36,-1.080000000000041,down,-77.91666666666666,18.26923076923077,46.774193548387096,1039.0,954.0,900.0,-2.232820290483417,-2.5159951582223727,-13.185755534167464,-5.45073375262054,False,False,32498880.0,26000.0,19000.0,1.368421052631579,11700.0,2.2222222222222223
6282,オイレス工業,プライム（内国株式）,機械,2026-10-07,400,True,2800.0,2816.0,2767.0,2790.0,2796.0,2817.0,2782.0,2811.0,2800.4,2884.12,2866.4533333333334,2889.96,-5.8400000000001455,down,-88.33333333333333,-47.57326007326008,37.782805429864254,3005.0,3005.0,2764.0,-0.371375517783179,-3.263387099011128,-7.154742096505828,-7.154742096505828,False,False,215958960.0,76900.0,52300.0,1.4703632887189293,96900.0,0.7936016511867905
6284,日精エー・エス・ビー機械,プライム（内国株式）,機械,2026-10-07,400,True,8410.0,8530.0,8380.0,8480.0,8370.0,8460.0,8320.0,8410.0,8412.0,8501.2,9019.333333333334,8520.0,-18.799999999999272,down,-58.33333333333333,-45.87912087912087,53.2608695652174,10280.0,8770.0,8050.0,0.8083689966714269,-0.24937655860349794,-17.50972762645915,-3.3067274800456126,True,False,228639200.0,22500.0,24800.0,0.907258064516129,43300.0,0.5196304849884527
6287,サトー,プライム（内国株式）,機械,2026-10-07,400,True,2645.0,2662.0,2630.0,2631.0,2649.0,2655.0,2616.0,2638.0,2646.8,2704.36,2579.32,2713.52,-9.159999999999854,down,-80.0,-68.55921855921856,48.257372654155496,2950.0,2781.0,2586.0,-0.5969472570651391,-2.7126565989735174,-10.813559322033894,-5.393743257820926,False,False,319887640.0,98400.0,107300.0,0.9170549860205033,76800.0,1.28125
6289,技研製作所,プライム（内国株式）,機械,2026-10-07,400,True,1969.0,1982.0,1951.0,1968.0,1986.0,1993.0,1975.0,1981.0,1997.6,1927.0,1884.9066666666668,1926.4,0.599999999999909,up,-11.66666666666667,60.943223443223445,67.81609195402298,2570.0,2047.0,1834.0,-1.481778133760503,2.127659574468077,-23.424124513618672,-3.85930630190523,False,False,149975520.0,55900.0,51800.0,1.079150579150579,64400.0,0.8680124223602484
6294,オカダアイヨン,プライム（内国株式）,機械,2026-10-07,400,True,1920.0,1925.0,1912.0,1917.0,1892.0,1917.0,1892.0,1917.0,1911.2,1949.92,1974.3733333333332,1952.0,-2.0799999999999272,down,-78.75000000000001,-75.0915750915751,36.36363636363637,2551.0,1976.0,1886.0,0.3034742570112936,-1.6882743907442377,-24.85299882399059,-2.9858299595141746,False,False,51705220.0,10000.0,12500.0,0.8,16900.0,0.591715976331361
6298,ワイエイシイホールディングス,プライム（内国株式）,機械,2026-10-07,400,True,1271.0,1272.0,1245.0,1260.0,1275.0,1290.0,1258.0,1283.0,1271.4,1270.04,1280.7333333333333,1272.4,-2.3600000000001273,down,23.33333333333333,-41.54456654456655,57.009345794392516,1592.0,1379.0,1200.0,-0.8966493629070427,-0.790526282636761,-20.854271356783915,-8.629441624365485,True,False,140500280.0,134800.0,115300.0,1.1691240242844754,147700.0,0.9126607989167231
6301,小松製作所,プライム（内国株式）,機械,2026-10-07,400,True,7850.0,7898.0,7799.0,7829.0,7848.0,7848.0,7692.0,7777.0,7695.4,7414.64,7014.0,7403.0,11.640000000000327,up,66.25,23.489010989010993,70.03484320557492,7980.0,7980.0,6955.0,1.7361020869610444,5.588403482839355,-1.8922305764411007,-1.8922305764411007,False,False,23599701800.0,2941800.0,2562700.0,1.1479299176649627,2528300.0,1.1635486295139026
6302,住友重機械工業,プライム（内国株式）,機械,2026-10-07,400,True,6286.0,6390.0,6219.0,6224.0,6314.0,6321.0,6212.0,6265.0,6224.2,5864.52,5601.12,5842.48,22.040000000000873,up,87.08333333333333,72.13064713064713,80.21978021978022,6390.0,6390.0,5290.0,-0.003213264355250711,6.129742928662529,-2.5978090766823114,-2.5978090766823114,False,False,5754241860.0,923300.0,768700.0,1.2011187719526473,944700.0,0.9773473060230761
6305,日立建機,プライム（内国株式）,機械,2026-10-07,400,True,5800.0,5884.0,5790.0,5793.0,5784.0,5793.0,5643.0,5736.0,5676.6,5732.04,5539.413333333333,5733.28,-1.2399999999997817,down,31.666666666666664,-61.72161172161172,58.142201834862384,7225.0,6153.0,5481.0,2.050523200507337,1.063495718801688,-19.820069204152247,-5.850804485616767,False,False,5936506880.0,1204400.0,865700.0,1.3912440799353125,1174800.0,1.0251957780047667
6306,日工,プライム（内国株式）,機械,2026-10-07,400,True,1000.0,1014.0,998.0,998.0,1006.0,1013.0,1003.0,1010.0,1008.6,1003.8,979.4666666666667,1005.24,-1.4400000000000546,down,-55.41666666666667,-1.2210012210012167,50.83333333333333,1053.0,1029.0,964.0,-1.0509617291294848,-0.5778043434947144,-5.223171889838552,-3.0126336248785246,True,False,89866880.0,61200.0,82600.0,0.7409200968523002,72700.0,0.8418156808803301
6309,巴工業,プライム（内国株式）,機械,2026-10-07,400,True,1935.0,1951.0,1926.0,1947.0,1938.0,1950.0,1931.0,1935.0,1938.0,1995.68,1934.1866666666667,2000.6,-4.919999999999845,down,-83.33333333333333,-93.22344322344323,38.013698630136986,2239.0,2068.0,1911.0,0.4643962848297267,-2.439268820652618,-13.041536400178655,-5.851063829787229,False,False,310141180.0,134500.0,127400.0,1.055729984301413,77400.0,1.7377260981912144
6310,井関農機,プライム（内国株式）,機械,2026-10-07,400,True,1916.0,1936.0,1890.0,1904.0,1900.0,1917.0,1884.0,1916.0,1901.8,1928.72,1860.9733333333334,1925.24,3.480000000000018,up,-68.75,10.576923076923073,59.07335907335908,2449.0,2132.0,1793.0,0.11567988221685699,-1.2816790410220213,-22.253981216823192,-10.694183864915574,True,False,156880880.0,61300.0,69800.0,0.8782234957020058,273300.0,0.22429564581046468
6315,ＴＯＷＡ,プライム（内国株式）,機械,2026-10-07,400,True,2579.0,2620.0,2506.0,2585.0,2503.0,2578.0,2498.0,2573.0,2490.2,2257.52,2654.5466666666666,2246.8,10.7199999999998,up,98.33333333333333,22.420634920634917,88.96103896103897,3735.0,2620.0,2011.0,3.8069231387037217,14.506183776887905,-30.78982597054887,-1.3358778625954248,False,False,9763946960.0,4842000.0,3980900.0,1.2163078700796301,2936600.0,1.6488456037594497
6323,ローツェ,プライム（内国株式）,機械,2026-10-07,400,True,4450.0,4536.0,4411.0,4480.0,4505.0,4523.0,4426.0,4506.0,4384.8,3834.16,4189.373333333333,3818.16,16.0,up,91.66666666666666,23.88583638583639,85.35483870967741,5199.0,4544.0,3262.0,2.171136653895278,16.844367475535705,-13.829582612040781,-1.4084507042253502,False,False,7571318560.0,1668300.0,1692500.0,0.9857016248153619,1118500.0,1.491551184622262
6324,ハーモニック・ドライブ・システムズ,プライム（内国株式）,機械,2026-10-07,400,True,6600.0,6670.0,6520.0,6630.0,6680.0,6700.0,6480.0,6600.0,6614.0,6078.8,6639.6,6043.6,35.19999999999982,up,86.66666666666667,92.41452991452992,84.48275862068965,9150.0,6770.0,5540.0,0.2419110976715988,9.067579127459368,-27.54098360655738,-2.0679468242245203,False,False,4629307400.0,580400.0,682600.0,0.8502783474948725,1197700.0,0.48459547465976455
6326,クボタ,プライム（内国株式）,機械,2026-10-07,400,True,2802.5,2806.5,2771.0,2775.0,2750.0,2751.5,2704.0,2721.0,2725.8,2813.24,2765.0933333333332,2815.3,-2.0600000000004,down,-18.75,-85.42429792429793,50.199203187250994,3268.0,3060.0,2633.0,1.804974686330607,-1.3592868009839165,-15.085679314565482,-9.313725490196079,False,False,12206293100.0,5558400.0,2988800.0,1.859743040685225,5908600.0,0.9407304606844261
6328,荏原実業,プライム（内国株式）,機械,2026-10-07,400,True,2483.0,2522.0,2477.0,2505.0,2510.0,2521.0,2495.0,2495.0,2496.8,2400.2,2402.92,2395.52,4.679999999999836,up,88.33333333333333,46.794871794871796,75.40983606557377,2985.0,2522.0,2258.0,0.32842037808393787,4.366302808099332,-16.080402010050253,-0.6740681998413933,False,False,182269640.0,45300.0,59700.0,0.7587939698492462,43900.0,1.031890660592255
6330,東洋エンジニアリング,プライム（内国株式）,建設・資材,2026-10-07,400,True,2610.0,2695.0,2548.0,2561.0,2613.0,2653.0,2553.0,2609.0,2632.6,2676.4,2303.5866666666666,2685.2,-8.799999999999727,down,-58.33333333333333,-7.097069597069594,44.827586206896555,8760.0,2944.0,2466.0,-2.719744739041252,-4.3117620684501645,-70.7648401826484,-13.009510869565222,True,False,11670278460.0,4238800.0,3140700.0,1.3496354315916834,8791900.0,0.4821255928752602
6331,三菱化工機,プライム（内国株式）,機械,2026-10-07,400,True,3060.0,3105.0,3005.0,3015.0,3050.0,3065.0,2992.0,3050.0,3046.0,3239.4,3377.3333333333335,3249.4,-10.0,down,-92.91666666666667,-21.474358974358964,31.944444444444443,4180.0,3425.0,2992.0,-1.0177281680892936,-6.927208742359703,-27.87081339712919,-11.970802919708035,False,False,1148530400.0,213500.0,235700.0,0.9058124734832415,145500.0,1.4673539518900343
6332,月島ホールディングス,プライム（内国株式）,機械,2026-10-07,400,True,2640.0,2680.0,2581.0,2581.0,2619.0,2648.0,2582.0,2631.0,2627.8,2698.12,2692.693333333333,2706.6,-8.480000000000018,down,-38.33333333333333,-84.38644688644689,44.461077844311376,3520.0,2865.0,2566.0,-1.780957454905252,-4.340800260922418,-26.67613636363636,-9.912739965095984,False,False,987618940.0,296000.0,258600.0,1.1446249033255993,81700.0,3.6230110159118727
6333,ＴＥＩＫＯＫＵ,プライム（内国株式）,機械,2026-10-07,400,True,3600.0,3610.0,3490.0,3550.0,3600.0,3615.0,3565.0,3600.0,3582.0,3495.0,3324.4666666666667,3488.8,6.199999999999818,up,-47.91666666666667,84.72222222222221,60.19417475728155,3690.0,3690.0,3360.0,-0.8933556672250154,1.573676680972813,-3.7940379403794022,-3.7940379403794022,True,True,115743600.0,42500.0,20700.0,2.0531400966183573,38800.0,1.0953608247422681
6339,新東工業,プライム（内国株式）,機械,2026-10-07,400,True,1137.0,1140.0,1125.0,1131.0,1144.0,1147.0,1133.0,1140.0,1136.8,1177.08,1189.5333333333333,1180.04,-2.9600000000000364,down,-89.99999999999999,-41.22405372405373,43.25581395348837,1310.0,1230.0,1118.0,-0.5102040816326481,-3.9147721480273123,-13.664122137404577,-8.048780487804875,False,False,188709220.0,144700.0,148600.0,0.9737550471063257,94400.0,1.5328389830508475
6340,澁谷工業,プライム（内国株式）,機械,2026-10-07,400,True,5770.0,5920.0,5760.0,5860.0,5740.0,5830.0,5700.0,5810.0,5716.0,5436.0,4856.666666666667,5413.6,22.399999999999636,up,87.5,72.14590964590964,85.1063829787234,5920.0,5920.0,5080.0,2.519244226731976,7.799852832965426,-1.0135135135135087,-1.0135135135135087,False,False,344336600.0,64200.0,63500.0,1.0110236220472442,74500.0,0.8617449664429531
6345,アイチ　コーポレーション,プライム（内国株式）,機械,2026-10-07,400,True,1431.0,1447.0,1431.0,1438.0,1443.0,1451.0,1436.0,1447.0,1439.2,1454.68,1420.04,1455.32,-0.6399999999998727,down,-33.74999999999999,-37.072649572649574,46.06741573033708,1494.0,1494.0,1416.0,-0.08337965536409087,-1.1466439354359759,-3.748326639892907,-3.748326639892907,False,False,195881940.0,154000.0,92000.0,1.673913043478261,127300.0,1.2097407698350353
6349,小森コーポレーション,プライム（内国株式）,機械,2026-10-07,400,True,1991.0,2009.0,1971.0,1981.0,1965.0,2006.0,1957.0,2003.0,1967.6,1983.4,1814.56,1986.8,-3.3999999999998636,down,-18.333333333333336,-52.99145299145298,55.88235294117647,2071.0,2047.0,1891.0,0.6810327302297248,-0.12100433598870586,-4.345726702076291,-3.2242305813385497,True,False,258799620.0,90800.0,138200.0,0.6570188133140377,146600.0,0.6193724420190996
6351,鶴見製作所,プライム（内国株式）,機械,2026-10-07,400,True,2613.0,2668.0,2600.0,2636.0,2630.0,2650.0,2586.0,2632.0,2603.4,2576.28,2400.173333333333,2568.48,7.800000000000182,up,0.0,45.72649572649573,66.84636118598382,2719.0,2719.0,2462.0,1.252208650226616,2.318071017125467,-3.0525928650239065,-3.0525928650239065,False,False,125783300.0,55400.0,37500.0,1.4773333333333334,51600.0,1.073643410852713
6358,酒井重工業,プライム（内国株式）,機械,2026-10-07,400,True,2061.0,2069.0,2052.0,2054.0,2053.0,2077.0,2053.0,2069.0,2067.8,2134.52,2138.4533333333334,2138.6,-4.079999999999927,down,-86.25,-47.68009768009769,25.853658536585368,2385.0,2184.0,2052.0,-0.6673759551213965,-3.772276671101704,-13.878406708595392,-5.952380952380953,False,False,46521440.0,13500.0,11200.0,1.2053571428571428,16300.0,0.8282208588957055
6361,荏原製作所,プライム（内国株式）,機械,2026-10-07,400,True,4930.0,4940.0,4792.0,4834.0,4908.0,4911.0,4802.0,4860.0,4804.4,4502.6,5316.8133333333335,4496.76,5.8400000000001455,up,86.66666666666667,30.280830280830283,78.56450048496605,6890.0,4940.0,4083.0,0.616101906585631,7.360191889130707,-29.840348330914367,-2.1457489878542457,False,False,12792362260.0,2038400.0,2171800.0,0.9385762961598674,3110000.0,0.6554340836012862
6363,酉島製作所,プライム（内国株式）,機械,2026-10-07,400,True,3005.0,3075.0,2989.0,3040.0,3005.0,3035.0,2968.0,3030.0,2985.0,2929.16,2959.9733333333334,2930.16,-1.0,down,53.333333333333336,-2.0146520146520075,74.75,3635.0,3075.0,2757.0,1.8425460636515956,3.784019992079646,-16.36863823933975,-1.1382113821138184,False,False,443015500.0,121800.0,94000.0,1.2957446808510638,282000.0,0.4319148936170213
6364,ＡＩＲＭＡＮ,プライム（内国株式）,機械,2026-10-07,400,True,2505.0,2525.0,2451.0,2474.0,2498.0,2540.0,2491.0,2517.0,2493.4,2506.64,2290.7066666666665,2512.36,-5.720000000000255,down,-57.08333333333333,-14.972527472527464,52.071005917159766,2788.0,2613.0,2390.0,-0.7780540627255972,-1.3021415121437396,-11.262553802008613,-5.3195560658247265,True,False,113085020.0,63000.0,39600.0,1.5909090909090908,46700.0,1.3490364025695931
6367,ダイキン工業,プライム（内国株式）,機械,2026-10-07,400,True,20940.0,21070.0,20675.0,21070.0,20730.0,20935.0,20675.0,20885.0,20810.0,20760.2,22495.8,20753.2,7.0,up,13.33333333333333,1.6483516483516536,58.189655172413794,26440.0,21105.0,20210.0,1.2493993272465254,1.4922784944268352,-20.310136157337368,-0.16583747927031434,True,True,25368334900.0,1161300.0,1376200.0,0.8438453713123093,1808300.0,0.6422053862744014
6368,オルガノ,プライム（内国株式）,機械,2026-10-07,400,True,2784.5,2787.0,2693.0,2766.5,2649.0,2773.5,2639.0,2754.5,2659.5,2526.06,2851.5133333333333,2520.92,5.139999999999873,up,90.0,11.584249084249088,83.66294067067928,4029.0,2787.0,2304.0,4.023312652754285,9.518380402682446,-31.33531893770166,-0.7355579476139185,False,False,4109159210.0,1624200.0,1987000.0,0.8174131857070961,999000.0,1.6258258258258258
6369,トーヨーカネツ,プライム（内国株式）,機械,2026-10-07,400,True,2338.0,2338.0,2303.0,2310.0,2340.0,2347.0,2321.0,2347.0,2334.2,2403.84,2434.0266666666666,2411.68,-7.839999999999691,down,-95.0,-78.95299145299145,43.89438943894389,3165.0,2472.0,2300.0,-1.0367577756833057,-3.903753993610226,-27.014218009478675,-6.553398058252425,False,False,166998200.0,68200.0,51300.0,1.3294346978557505,80800.0,0.844059405940594
6370,栗田工業,プライム（内国株式）,機械,2026-10-07,400,True,8029.0,8030.0,7930.0,8004.0,7980.0,8053.0,7919.0,8029.0,7932.2,7713.72,8438.44,7717.56,-3.8400000000001455,down,91.66666666666666,-4.761904761904767,86.55778894472361,9919.0,8053.0,7210.0,0.9051713269963013,3.7631648543115404,-19.30638169170279,-0.6084688935800275,False,False,3802108820.0,398200.0,411000.0,0.9688564476885645,784800.0,0.5073904179408767
6371,椿本チエイン,プライム（内国株式）,機械,2026-10-07,400,True,2656.0,2685.0,2648.0,2648.0,2667.0,2681.0,2661.0,2678.0,2652.0,2682.84,2654.72,2685.24,-2.399999999999636,down,-39.99999999999999,-38.827838827838825,46.56488549618321,2812.0,2768.0,2571.0,-0.15082956259426794,-1.2986238463717603,-5.832147937411092,-4.335260115606932,True,False,542921980.0,143700.0,155900.0,0.9217447081462476,121500.0,1.182716049382716
6376,日機装,プライム（内国株式）,電機・精密,2026-10-07,400,True,3865.0,3960.0,3780.0,3875.0,3815.0,3920.0,3800.0,3905.0,3749.0,3545.2,3753.4666666666667,3543.8,1.3999999999996362,up,56.666666666666664,7.982295482295488,82.92682926829268,4530.0,3960.0,3140.0,3.3608962389970687,9.302719169581408,-14.459161147902865,-2.146464646464652,False,False,1475916400.0,346100.0,334200.0,1.035607420706164,436400.0,0.7930797433547204
6379,レイズネクスト,プライム（内国株式）,建設・資材,2026-10-07,400,True,958.0,976.0,953.0,974.0,987.0,990.0,958.0,962.0,977.0,995.6266625976563,916.9911100260416,997.9999975585938,-2.373334960937541,down,-46.66666666666666,-35.14957264957266,49.12485439166697,1071.6666259765625,1066.6666259765625,953.0,-0.30706243602866,-2.172165874026599,-9.11352687572623,-8.68749651670443,False,False,419773300.0,432400.0,368900.0,1.172133369476823,504300.0,0.8574261352369621
6381,アネスト岩田,プライム（内国株式）,機械,2026-10-07,400,True,1870.0,1894.0,1860.0,1868.0,1860.0,1875.0,1857.0,1872.0,1868.0,1917.68,1843.7733333333333,1921.6,-3.9199999999998454,down,-78.33333333333334,-81.19658119658119,46.25,2020.0,2020.0,1833.0,0.0,-2.590630345000211,-7.524752475247521,-7.524752475247521,False,False,150702520.0,75300.0,70200.0,1.0726495726495726,99700.0,0.7552657973921765
6383,ダイフク,プライム（内国株式）,機械,2026-10-07,400,True,5881.0,5935.0,5800.0,5875.0,5946.0,5946.0,5859.0,5899.0,5866.2,5623.24,6181.28,5618.04,5.199999999999818,up,91.66666666666666,12.927350427350426,76.06837606837607,7857.0,5950.0,5298.0,0.1500119327673799,4.4771341788719665,-25.22591319842179,-1.2605042016806678,False,False,10678573740.0,1263300.0,1448400.0,0.8722038111019056,1554200.0,0.8128297516407155
6387,サムコ,プライム（内国株式）,機械,2026-10-07,400,True,9640.0,9740.0,9200.0,9500.0,9720.0,9820.0,9540.0,9720.0,9460.0,8506.8,10124.933333333332,8479.2,27.599999999998545,up,94.58333333333333,21.27594627594628,71.02272727272727,16930.0,9870.0,7300.0,0.42283298097252064,11.675365589881048,-43.88659184878914,-3.7487335359675744,False,False,1260418800.0,139300.0,114900.0,1.2123585726718886,47000.0,2.9638297872340424
6390,加藤製作所,プライム（内国株式）,機械,2026-10-07,400,True,1285.0,1290.0,1277.0,1284.0,1287.0,1296.0,1282.0,1285.0,1290.0,1321.92,1313.5733333333333,1325.4,-3.480000000000018,down,-71.24999999999999,-78.73931623931625,32.35294117647059,1783.0,1349.0,1277.0,-0.46511627906976605,-2.868554829339154,-27.986539540100953,-4.818383988139363,False,False,47885120.0,46000.0,35300.0,1.3031161473087818,85400.0,0.5386416861826698
6395,タダノ,プライム（内国株式）,機械,2026-10-07,400,True,1359.0,1418.0,1357.0,1374.0,1362.0,1364.0,1345.0,1357.0,1355.6,1371.48,1346.0933333333332,1372.68,-1.2000000000000455,down,0.0,-58.363858363858355,60.64516129032258,1551.0,1451.0,1307.0,1.3573325464738994,0.18374310963338303,-11.411992263056092,-5.306685044796689,True,True,439014120.0,408800.0,253800.0,1.6107171000788023,226200.0,1.8072502210433246
6407,ＣＫＤ,プライム（内国株式）,機械,2026-10-07,400,True,6070.0,6120.0,5810.0,5930.0,6040.0,6100.0,5890.0,6020.0,5872.0,5336.6,6157.266666666666,5318.6,18.0,up,91.66666666666666,26.831501831501836,81.15015974440894,8330.0,6120.0,4750.0,0.9877384196185224,11.11943934340216,-28.811524609843943,-3.104575163398693,False,False,3698987600.0,532200.0,503200.0,1.057631160572337,298100.0,1.7853069439785307
6412,平和,プライム（内国株式）,機械,2026-10-07,400,True,2037.0,2037.0,2010.0,2022.0,2018.0,2022.0,2004.0,2009.0,2026.4,2156.48,2113.12,2165.28,-8.800000000000182,down,-93.33333333333333,-73.24481074481075,18.9873417721519,2257.0,2241.0,2004.0,-0.21713383339914127,-6.236088440421428,-10.41205139565795,-9.772423025435073,False,False,560387300.0,311400.0,194300.0,1.6026762738033968,221400.0,1.4065040650406504
6413,理想科学工業,プライム（内国株式）,機械,2026-10-07,400,True,1023.0,1036.0,1023.0,1025.0,1024.0,1029.0,1017.0,1023.0,1027.0,1057.2,1051.68,1062.08,-4.879999999999882,down,-78.33333333333334,-76.49572649572649,42.201834862385326,1298.0,1098.0,997.0,-0.19474196689386325,-3.045781309118434,-21.032357473035436,-6.648451730418947,False,False,75022420.0,60600.0,50200.0,1.207171314741036,103400.0,0.586073500967118
6417,ＳＡＮＫＹＯ,プライム（内国株式）,機械,2026-10-07,400,True,2017.0,2057.5,2005.0,2049.5,2028.0,2032.5,2003.5,2016.5,2045.9,2058.38,1860.84,2057.26,1.1199999999998909,up,-80.0,51.86202686202685,38.32167832167832,2795.0,2155.0,1975.0,0.17596167945646002,-0.43140722315607727,-26.672629695885508,-4.895591647331788,False,False,1863341160.0,1203300.0,715500.0,1.6817610062893082,851000.0,1.4139835487661574
6418,日本金銭機械,プライム（内国株式）,機械,2026-10-07,400,True,1261.0,1277.0,1246.0,1258.0,1260.0,1282.0,1251.0,1268.0,1256.4,1241.8,1154.6,1241.68,0.11999999999989086,up,-8.749999999999991,30.93711843711844,58.895705521472394,1326.0,1310.0,1157.0,0.12734797835083356,1.3045578998228446,-5.128205128205132,-3.969465648854964,False,False,177708320.0,162700.0,133800.0,1.2159940209267563,96400.0,1.687759336099585
6419,マースグループホールディングス,プライム（内国株式）,機械,2026-10-07,400,True,3015.0,3035.0,3010.0,3015.0,3030.0,3055.0,3005.0,3030.0,3025.0,3146.2,3116.5466666666666,3153.4,-7.200000000000273,down,-83.74999999999999,-78.47985347985349,22.5,3340.0,3245.0,2998.0,-0.33057851239669533,-4.170109973936809,-9.730538922155684,-7.0878274268104775,False,False,162163300.0,32800.0,49100.0,0.6680244399185336,43100.0,0.7610208816705336
6420,ガリレイホールディングス,プライム（内国株式）,機械,2026-10-07,400,True,3395.0,3435.0,3365.0,3375.0,3400.0,3435.0,3390.0,3415.0,3381.0,3463.0,3417.733333333333,3470.2,-7.199999999999818,down,-78.33333333333334,-73.47374847374849,44.047619047619044,4015.0,3600.0,3320.0,-0.17746228926353025,-2.541149292520939,-15.940224159402238,-6.25,False,False,161619200.0,43200.0,47700.0,0.9056603773584906,39700.0,1.0881612090680102
6430,ダイコク電機,プライム（内国株式）,機械,2026-10-07,400,True,2283.0,2296.0,2270.0,2271.0,2285.0,2311.0,2285.0,2301.0,2316.8,2444.84,2388.08,2455.72,-10.879999999999654,down,-98.33333333333334,-81.05921855921856,18.429003021148034,3070.0,2511.0,2270.0,-1.9768646408839907,-7.1104857577592,-26.02605863192182,-9.557945041816007,False,False,105094760.0,39000.0,33000.0,1.1818181818181819,41100.0,0.948905109489051
6432,竹内製作所,プライム（内国株式）,機械,2026-10-07,400,True,7650.0,7720.0,7510.0,7530.0,7500.0,7580.0,7430.0,7530.0,7458.0,7371.2,7406.133333333333,7375.6,-4.400000000000546,down,90.83333333333333,-29.029304029304036,71.05263157894737,7950.0,7740.0,7030.0,0.9654062751407899,2.1543303668330793,-5.283018867924527,-2.7131782945736482,False,False,1248667800.0,185100.0,130700.0,1.4162203519510328,144100.0,1.2845246356696738
6436,アマノ,プライム（内国株式）,機械,2026-10-07,400,True,3744.0,3771.0,3731.0,3766.0,3744.0,3765.0,3725.0,3755.0,3756.0,3873.84,3824.5066666666667,3882.8,-8.960000000000036,down,-85.00000000000001,-85.54639804639805,26.82119205298013,4456.0,3970.0,3711.0,0.26624068157614644,-2.783801086260662,-15.48473967684022,-5.138539042821155,False,False,1181413320.0,404300.0,291200.0,1.3883928571428572,211700.0,1.9097779877184695
6440,ＪＵＫＩ,プライム（内国株式）,機械,2026-10-07,400,True,819.0,832.0,804.0,807.0,840.0,845.0,817.0,829.0,833.6,767.6,637.9866666666667,763.2,4.399999999999977,up,19.999999999999996,81.76129426129425,69.38775510204081,886.0,885.0,679.0,-3.190978886756246,5.132881709223547,-8.91647855530474,-8.813559322033903,False,False,272074800.0,254900.0,306500.0,0.831647634584013,288600.0,0.8832293832293833
6445,ジャノメ,プライム（内国株式）,機械,2026-10-07,400,True,1322.0,1341.0,1320.0,1320.0,1307.0,1344.0,1307.0,1332.0,1326.8,1362.32,1355.56,1366.76,-4.440000000000055,down,-83.74999999999999,-66.14774114774116,44.329896907216494,1483.0,1409.0,1307.0,-0.5125113053964347,-3.1064654413060055,-10.991233985165206,-6.3165365507452105,False,False,52299040.0,25200.0,36200.0,0.6961325966850829,29600.0,0.8513513513513513
6448,ブラザー工業,プライム（内国株式）,電機・精密,2026-10-07,400,True,4701.0,4739.0,4662.0,4703.0,4740.0,4742.0,4677.0,4722.0,4693.0,4658.68,4277.266666666666,4664.32,-5.639999999999418,down,5.000000000000004,-28.937728937728945,71.3375796178344,5061.0,4893.0,4251.0,0.21308331557639004,0.9513424403479132,-7.073700849634457,-3.8830983036991618,False,False,4525659760.0,1088300.0,804000.0,1.3536069651741294,1085200.0,1.0028566162919277
6454,マックス,プライム（内国株式）,機械,2026-10-07,400,True,1907.0,1931.0,1893.0,1907.0,1890.0,1918.0,1886.0,1909.0,1885.0,1880.36,1801.9733333333334,1878.72,1.6399999999998727,up,55.00000000000001,34.03540903540904,49.82078853046595,1963.0,1939.0,1826.0,1.1671087533156488,1.4167499840456177,-2.852776362710141,-1.6503352243424474,False,False,405350020.0,231000.0,239700.0,0.9637046307884856,295600.0,0.7814614343707713
6455,モリタホールディングス,プライム（内国株式）,自動車・輸送機,2026-10-07,400,True,2440.0,2464.0,2440.0,2441.0,2450.0,2459.0,2437.0,2443.0,2429.0,2479.36,2442.4533333333334,2482.2,-2.8399999999996908,down,-70.0,-36.37057387057388,40.17341040462428,2998.0,2577.0,2396.0,0.4940304652120142,-1.5471734641197776,-18.579052701801203,-5.2774544043461376,False,False,170130480.0,50100.0,54900.0,0.912568306010929,69300.0,0.7229437229437229
6457,グローリー,プライム（内国株式）,機械,2026-10-07,400,True,4557.0,4627.0,4537.0,4556.0,4507.0,4573.0,4506.0,4557.0,4474.4,4486.56,4431.56,4499.4,-12.839999999999236,down,35.0,-47.13064713064714,61.53846153846154,4985.0,4627.0,4151.0,1.823708206686936,1.5477336756891669,-8.605817452357067,-1.534471579857355,False,False,1013030060.0,262300.0,231500.0,1.1330453563714902,180800.0,1.4507743362831858
6458,新晃工業,プライム（内国株式）,機械,2026-10-07,400,True,1202.0,1218.0,1201.0,1215.0,1207.0,1209.0,1196.0,1200.0,1208.4,1229.72,1239.8,1231.2,-1.4800000000000182,down,-54.58333333333334,-70.8028083028083,46.012269938650306,1621.0,1259.0,1195.0,0.5461767626613545,-1.1970204599420997,-25.046267735965454,-3.494837172359011,False,False,253015620.0,200200.0,159400.0,1.2559598494353827,203400.0,0.984267453294002
6459,だいわ,プライム（内国株式）,機械,2026-10-07,400,True,1633.0,1659.0,1628.0,1648.0,1629.0,1664.0,1629.0,1648.0,1641.6,1659.52,1682.6266666666668,1660.12,-0.599999999999909,down,-85.41666666666667,-35.04273504273505,55.55555555555556,2086.0,1704.0,1582.0,0.3898635477582957,-0.6941766293868112,-20.997123681687434,-3.2863849765258246,False,False,102788880.0,67700.0,63900.0,1.0594679186228482,66100.0,1.0242057488653555
6460,セガサミーホールディングス,プライム（内国株式）,機械,2026-10-07,400,True,3238.0,3269.0,3156.0,3168.0,3252.0,3270.0,3225.0,3238.0,3262.0,3230.92,2783.733333333333,3228.64,2.2800000000002,up,-55.00000000000001,67.33821733821735,31.749049429657795,3422.0,3422.0,3086.0,-2.8816676885346393,-1.9474329293204473,-7.422559906487436,-7.422559906487436,True,False,3425500220.0,1443300.0,687600.0,2.099040139616056,610400.0,2.3645150720838792
6463,ＴＰＲ,プライム（内国株式）,機械,2026-10-07,400,True,1511.0,1521.0,1505.0,1506.0,1507.0,1525.0,1505.0,1517.0,1509.2,1558.4,1496.9866666666667,1562.04,-3.6399999999998727,down,-80.0,-68.92551892551893,46.12403100775194,1653.0,1627.0,1482.0,-0.2120328650940917,-3.3624229979466125,-8.892921960072597,-7.437000614628153,False,False,149659240.0,79300.0,77500.0,1.0232258064516129,235100.0,0.3373032752020417
6464,ツバキ・ナカシマ,プライム（内国株式）,機械,2026-10-07,400,True,322.0,325.0,318.0,321.0,330.0,330.0,321.0,325.0,327.6,339.28,364.72,339.76,-0.4800000000000182,down,-93.75,-41.45299145299146,31.70731707317073,499.0,364.0,318.0,-2.0146520146520186,-5.387880216929963,-35.671342685370746,-11.813186813186816,False,False,85893900.0,272300.0,300400.0,0.9064580559254327,299300.0,0.9097895088539927
6465,ホシザキ,プライム（内国株式）,機械,2026-10-07,400,True,5214.0,5286.0,5200.0,5272.0,5231.0,5266.0,5190.0,5200.0,5219.4,5367.96,5489.4,5383.56,-15.600000000000364,down,-56.25,-90.3998778998779,42.77108433734939,5904.0,5621.0,5162.0,1.0077786718780013,-1.7876437231275966,-10.704607046070457,-6.2088596335171715,False,False,2080957620.0,391700.0,419200.0,0.9343988549618321,318600.0,1.2294413057124922
6471,日本精工,プライム（内国株式）,機械,2026-10-07,400,True,1128.0,1137.5,1114.5,1117.0,1127.5,1127.5,1107.0,1117.5,1114.2,1090.58,1129.9733333333334,1089.92,0.6599999999998545,up,79.58333333333334,1.8772893772893817,76.14035087719299,1414.5,1140.0,1020.0,0.2513013821575871,2.422564140182293,-21.032166843407563,-2.017543859649118,False,False,2267546750.0,1618900.0,1660900.0,0.9747125052682281,2063500.0,0.7845408286891205
6472,ＮＴＮ,プライム（内国株式）,機械,2026-10-07,400,True,395.0,397.0,388.0,389.79998779296875,388.0,390.20001220703125,380.6000061035156,388.79998779296875,384.75999755859374,380.7519970703125,388.13866455078124,380.047998046875,0.7039990234374613,up,9.999999999999998,44.71916971916971,63.90625372529385,487.0,400.79998779296875,358.0,1.3099049449930122,2.376347541779378,-19.958934744770275,-2.7445110616325707,False,False,951375797.989502,2205100.0,2598700.0,0.8485396544426059,2200100.0,1.0022726239716377
6473,ジェイテクト,プライム（内国株式）,機械,2026-10-07,400,True,2205.5,2230.5,2192.5,2206.0,2175.0,2204.5,2153.0,2198.5,2171.9,2111.4,2095.1866666666665,2104.56,6.8400000000001455,up,73.33333333333334,16.849816849816847,74.14806110458284,2264.5,2243.5,1948.0,1.5700538698835143,4.480439518802681,-2.5833517332744527,-1.6714954312458175,False,False,2261492560.0,878700.0,921200.0,0.9538645245332176,1217400.0,0.7217841301133563
6474,不二越,プライム（内国株式）,機械,2026-10-07,400,True,6000.0,6080.0,5870.0,5910.0,6110.0,6140.0,5760.0,5900.0,5778.0,5478.4,5734.0,5466.0,12.399999999999636,up,97.91666666666666,29.410866910866908,95.0,6830.0,6140.0,5000.0,2.2845275181723856,7.878212616822444,-13.469985358711567,-3.7459283387622166,False,False,1575576400.0,191500.0,668500.0,0.28646222887060585,56200.0,3.407473309608541
6479,ミネベアミツミ,プライム（内国株式）,電機・精密,2026-10-07,400,True,3938.0,3951.0,3847.0,3847.0,3935.0,3960.0,3878.0,3915.0,3867.6,3525.12,3884.653333333333,3507.28,17.83999999999969,up,88.33333333333333,84.03540903540903,82.48587570621469,5307.0,4039.0,3269.0,-0.5326300548143537,9.131036673928827,-27.51083474656114,-4.7536518940331725,False,False,12706726380.0,2635400.0,3854900.0,0.6836493813069081,3135200.0,0.8405843327379433
6480,日本トムソン,プライム（内国株式）,機械,2026-10-07,400,True,1965.0,1967.0,1899.0,1947.0,1950.0,1963.0,1905.0,1946.0,1919.4,1769.2,1892.9733333333334,1760.72,8.480000000000018,up,90.41666666666667,59.70695970695971,86.6,2580.0,1967.0,1529.0,1.4379493591747394,10.04973999547818,-24.534883720930235,-1.0167768174885627,False,False,1164968500.0,719500.0,517200.0,1.3911446249033257,413100.0,1.7417090292907287
6481,ＴＨＫ,プライム（内国株式）,機械,2026-10-07,400,True,6842.0,6905.0,6650.0,6797.0,6760.0,6898.0,6669.0,6842.0,6704.8,6347.44,6912.8,6340.8,6.639999999999418,up,86.66666666666667,20.253357753357747,79.53667953667953,8244.0,6905.0,5659.0,1.3751342321918658,7.0825403627289285,-17.55215914604561,-1.5640839971035492,False,False,6339426800.0,854100.0,923000.0,0.9253521126760563,892300.0,0.9571892861145355
6490,ＰＩＬＬＡＲ,プライム（内国株式）,機械,2026-10-07,400,True,12400.0,12520.0,12120.0,12470.0,12220.0,12530.0,12000.0,12400.0,11940.0,10128.8,10141.333333333334,10028.8,100.0,up,100.0,54.71611721611722,96.81697612732096,12530.0,12530.0,8650.0,4.438860971524283,23.114287970934377,-0.47885075818037137,-0.47885075818037137,False,False,1947046200.0,119700.0,173700.0,0.689119170984456,77800.0,1.538560411311054
6498,キッツ,プライム（内国株式）,機械,2026-10-07,400,True,2136.0,2136.0,2040.0,2071.0,2130.0,2148.0,2104.0,2136.0,2092.0,1972.08,2177.2,1965.96,6.119999999999891,up,81.66666666666667,85.08852258852258,73.91304347826086,2731.0,2148.0,1858.0,-1.0038240917782049,5.016023690722493,-24.166971805199555,-3.584729981378021,False,False,661906840.0,647200.0,233700.0,2.7693624304664097,368600.0,1.755832881172002
6501,日立製作所,プライム（内国株式）,電機・精密,2026-10-07,400,True,5712.0,5835.0,5649.0,5649.0,5682.0,5742.0,5649.0,5660.0,5596.6,5421.88,5165.52,5417.92,3.9600000000000364,up,63.33333333333333,49.20634920634921,71.6,6039.0,5835.0,5040.0,0.9362827430940079,4.188952909322974,-6.458022851465472,-3.1876606683804654,False,False,60000619540.0,9944700.0,9484200.0,1.0485544379072562,8019400.0,1.240080305259745
6503,三菱電機,プライム（内国株式）,電機・精密,2026-10-07,400,True,5300.0,5363.0,5257.0,5285.0,5375.0,5404.0,5286.0,5327.0,5311.0,5238.8,5598.213333333333,5253.32,-14.519999999999527,down,70.0,-20.879120879120872,59.83112183353438,6686.0,5404.0,4936.0,-0.48954999058558046,0.8818813468733255,-20.95423272509722,-2.2020725388601003,False,False,29026841540.0,6407600.0,4900200.0,1.3076200971388923,7714900.0,0.830548678531154
6504,富士電機,プライム（内国株式）,電機・精密,2026-10-07,400,True,15590.0,15650.0,15180.0,15180.0,15350.0,15400.0,15135.0,15395.0,14996.0,13537.2,13664.8,13482.6,54.600000000000364,up,93.33333333333333,40.07936507936508,87.31563421828909,17800.0,15650.0,12260.0,1.2269938650306678,12.13544898501906,-14.719101123595502,-3.003194888178917,False,False,9564030600.0,665200.0,534600.0,1.2442947998503555,890000.0,0.7474157303370786
6506,安川電機,プライム（内国株式）,電機・精密,2026-10-07,400,True,4950.0,4996.0,4872.0,4946.0,4900.0,4959.0,4813.0,4936.0,4879.6,4560.56,5398.8533333333335,4555.16,5.400000000000546,up,98.33333333333333,13.598901098901095,86.63646659116648,7915.0,4996.0,4179.0,1.360767276006225,8.451593663935997,-37.51105495893873,-1.0008006405124115,False,False,19490092360.0,3837300.0,3973300.0,0.9657715249289004,2829500.0,1.3561760028273546
6507,シンフォニアテクノロジー,プライム（内国株式）,電機・精密,2026-10-07,400,True,14690.0,14880.0,14480.0,14540.0,14780.0,14780.0,14350.0,14560.0,14388.0,12639.6,13607.733333333334,12546.8,92.80000000000109,up,93.33333333333333,71.504884004884,96.9187675070028,16900.0,15070.0,10940.0,1.0564359188212302,15.035285926769838,-13.96449704142012,-3.516921035169207,False,False,3280760600.0,194200.0,157700.0,1.23145212428662,107000.0,1.8149532710280374
6508,明電舎,プライム（内国株式）,電機・精密,2026-10-07,400,True,12250.0,12600.0,12200.0,12320.0,12130.0,12200.0,11890.0,12170.0,12028.0,11151.6,10505.066666666668,11127.6,24.0,up,90.0,36.996336996337,90.55793991416309,12760.0,12600.0,9980.0,2.4276687728633117,10.477420280497851,-3.4482758620689613,-2.2222222222222254,False,False,2323396800.0,255700.0,142800.0,1.7906162464985995,228400.0,1.1195271453590192
6516,山洋電気,プライム（内国株式）,電機・精密,2026-10-07,400,True,5830.0,5840.0,5680.0,5760.0,5740.0,5830.0,5650.0,5790.0,5674.0,5366.8,5775.333333333333,5353.6,13.199999999999818,up,95.0,52.16727716727716,90.66666666666666,7880.0,5840.0,4965.0,1.5156855833627025,7.326526049042248,-26.903553299492387,-1.3698630136986356,False,False,605015400.0,104500.0,121900.0,0.8572600492206727,69400.0,1.505763688760807
6517,デンヨー,プライム（内国株式）,電機・精密,2026-10-07,400,True,4005.0,4025.0,3955.0,3995.0,3995.0,3995.0,3940.0,3985.0,3971.0,4015.8,3895.6,4022.2,-6.399999999999636,down,-46.66666666666666,-46.39804639804639,50.0,4730.0,4145.0,3880.0,0.6043817678166752,-0.5179540813785577,-15.539112050739956,-3.6188178528347437,True,False,449964800.0,195100.0,159900.0,1.2201375859912444,57600.0,3.3871527777777777
6523,ＰＨＣホールディングス,プライム（内国株式）,電機・精密,2026-10-07,400,True,1590.0,1615.0,1573.0,1595.0,1610.0,1617.0,1586.0,1600.0,1616.8,1434.52,1261.8133333333333,1432.32,2.2000000000000455,up,59.583333333333336,21.718559218559218,77.99295774647888,1694.0,1694.0,1199.0,-1.3483424047501247,11.18701726012883,-5.844155844155841,-5.844155844155841,False,False,4655682080.0,1002800.0,1523700.0,0.6581348034389972,822800.0,1.2187651920272242
6525,ＫＯＫＵＳＡＩ　ＥＬＥＣＴＲＩＣ,プライム（内国株式）,電機・精密,2026-10-07,400,True,10150.0,10260.0,9820.0,9830.0,10410.0,10440.0,10170.0,10330.0,10163.0,8994.08,9120.093333333334,8957.32,36.76000000000022,up,78.33333333333333,65.93406593406593,72.8864432216108,12220.0,10525.0,7620.0,-3.2765915576109417,9.29411346129898,-19.558101472995094,-6.603325415676964,False,False,62048809000.0,5902600.0,4111100.0,1.4357714480309407,5562600.0,1.061122496674217
6526,ソシオネクスト,プライム（内国株式）,電機・精密,2026-10-07,400,True,2306.0,2334.0,2234.0,2240.0,2242.5,2278.0,2226.5,2260.0,2233.1,2038.94,2229.44,2029.54,9.400000000000091,up,50.0,58.363858363858355,73.04663840096912,3491.0,2334.0,1780.5,0.3089875061573544,9.861006209108659,-35.83500429676311,-4.027420736932308,False,False,10111330810.0,4342200.0,3259000.0,1.3323718932187787,3974100.0,1.0926247452253341
6532,ベイカレント,プライム（内国株式）,情報通信・サービスその他,2026-10-07,400,True,8233.0,8280.0,8058.0,8210.0,8035.0,8180.0,8022.0,8180.0,8025.4,7748.36,7122.12,7745.0,3.3599999999996726,up,78.33333333333333,1.4041514041513992,64.75270039795338,9075.0,8280.0,7106.0,2.3001968749221335,5.957905931061536,-9.53168044077135,-0.8454106280193274,False,False,9385445380.0,1047100.0,708500.0,1.477911079745942,875300.0,1.1962755626642294
6533,Ｏｒｃｈｅｓｔｒａ　Ｈｏｌｄｉｎｇｓ,プライム（内国株式）,情報通信・サービスその他,2026-10-07,400,True,2035.0,2110.0,2035.0,2100.0,2025.0,2058.0,2004.0,2027.0,2021.6,1407.48,1259.16,1369.48,38.0,up,93.33333333333333,71.71855921855922,93.35727109515261,2136.0,2136.0,1108.0,3.878116343490312,49.202830590843206,-1.6853932584269704,-1.6853932584269704,False,False,412691880.0,89000.0,69600.0,1.278735632183908,12100.0,7.355371900826446
6535,アイモバイル,プライム（内国株式）,情報通信・サービスその他,2026-10-07,400,True,480.0,483.0,479.0,482.0,486.0,488.0,480.0,484.0,485.4,501.72,507.1066666666667,502.88,-1.1599999999999682,down,-86.66666666666667,-80.38766788766789,40.57971014492754,666.0,516.0,460.0,-0.7004532344458081,-3.9304791517180915,-27.627627627627625,-6.5891472868217065,False,False,90492500.0,120800.0,150500.0,0.8026578073089701,286200.0,0.4220824598183089
6539,ＭＳ－Ｊａｐａｎ,プライム（内国株式）,情報通信・サービスその他,2026-10-07,400,True,970.0,970.0,958.0,965.0,959.0,966.0,959.0,966.0,969.0,991.24,983.44,993.36,-2.1200000000000045,down,-85.00000000000001,-82.11233211233211,32.18390804597701,1086.0,1008.0,958.0,-0.41279669762641635,-2.647189378959691,-11.141804788213626,-4.265873015873012,False,False,31674500.0,33300.0,18600.0,1.7903225806451613,25600.0,1.30078125
6544,ジャパンエレベーターサービスホールディングス,プライム（内国株式）,情報通信・サービスその他,2026-10-07,400,True,1472.5,1488.5,1472.5,1475.5,1482.5,1493.0,1470.0,1485.0,1479.4,1489.54,1607.1466666666668,1492.98,-3.4400000000000546,down,-27.083333333333325,-22.619047619047628,45.990566037735846,2020.0,1541.0,1413.0,-0.2636203866432374,-0.9425728748472695,-26.955445544554458,-4.250486696950029,False,False,848070650.0,439800.0,558100.0,0.7880308188496685,487500.0,0.9021538461538462
6560,エル・ティー・エス,プライム（内国株式）,情報通信・サービスその他,2026-10-07,400,True,1815.0,1837.0,1814.0,1816.0,1781.0,1827.0,1772.0,1824.0,1799.6,1806.12,1764.72,1802.6,3.519999999999982,up,53.333333333333336,-1.9688644688644619,53.44827586206896,2660.0,1871.0,1730.0,0.9113136252500542,0.5470289903217962,-31.729323308270672,-2.939604489577763,False,False,24192700.0,6200.0,10600.0,0.5849056603773585,27800.0,0.22302158273381295
6564,ミダックホールディングス,プライム（内国株式）,情報通信・サービスその他,2026-10-07,400,True,1999.0,2020.0,1946.0,1980.0,1952.0,2017.0,1952.0,2003.0,1944.0,1974.52,2068.5733333333333,1977.68,-3.160000000000082,down,-14.999999999999991,-31.654456654456652,48.57142857142857,2345.0,2050.0,1863.0,1.85185185185186,0.27753580617060347,-15.565031982942434,-3.4146341463414664,True,True,123724460.0,55400.0,60000.0,0.9233333333333333,42100.0,1.3159144893111638
6571,キュービーネットホールディングス,プライム（内国株式）,情報通信・サービスその他,2026-10-07,400,True,1247.0,1255.0,1246.0,1250.0,1241.0,1252.0,1241.0,1247.0,1251.8,1278.56,1281.5066666666667,1280.68,-2.1200000000001182,down,-78.33333333333334,-73.01587301587303,39.361702127659576,1433.0,1315.0,1238.0,-0.1437929381690295,-2.233762983356269,-12.770411723656661,-4.942965779467679,False,False,50971760.0,19700.0,22500.0,0.8755555555555555,32900.0,0.5987841945288754
6572,オープングループ,プライム（内国株式）,情報通信・サービスその他,2026-10-07,400,True,263.0,264.0,260.0,261.0,260.0,268.0,260.0,263.0,259.4,268.76,246.57333333333332,269.6,-0.8400000000000318,down,-78.33333333333334,-75.57997557997558,46.808510638297875,403.0,278.0,248.0,0.6168080185042557,-2.8873344247655863,-35.235732009925556,-6.1151079136690605,False,False,37827020.0,105900.0,169700.0,0.624042427813789,357900.0,0.2958927074601844
6584,三櫻工業,プライム（内国株式）,自動車・輸送機,2026-10-07,400,True,770.0,773.0,759.0,760.0,761.0,779.0,755.0,777.0,767.8,775.96,836.8933333333333,776.92,-0.9599999999999227,down,-92.08333333333334,-6.05921855921856,42.34234234234234,1219.0,806.0,753.0,-1.0158895545714919,-2.0568070519098924,-37.6538146021329,-5.707196029776673,False,False,268848080.0,251500.0,370900.0,0.6780803451064977,349000.0,0.7206303724928367
6586,マキタ,プライム（内国株式）,機械,2026-10-07,400,True,5336.0,5355.0,5271.0,5297.0,5326.0,5374.0,5283.0,5348.0,5310.6,5292.36,5479.52,5293.64,-1.2800000000006548,down,-30.000000000000004,21.016483516483518,53.40751043115438,6130.0,5443.0,5050.0,-0.2560915904041061,0.08767355206373839,-13.588907014681894,-2.6823442954253207,True,True,4784653120.0,1045500.0,864800.0,1.208950046253469,879200.0,1.1891492265696086
6588,東芝テック,プライム（内国株式）,電機・精密,2026-10-07,400,True,2918.0,2940.0,2870.0,2896.0,2856.0,2918.0,2841.0,2913.0,2882.0,2910.4,3001.56,2921.76,-11.360000000000127,down,-70.0,-45.070207570207565,58.658008658008654,3450.0,2990.0,2700.0,0.4857737682165242,-0.4947773501924213,-16.057971014492757,-3.1438127090301027,True,False,499037780.0,159500.0,171200.0,0.9316588785046729,94800.0,1.6824894514767932
6590,芝浦メカトロニクス,プライム（内国株式）,電機・精密,2026-10-07,400,True,4300.0,4335.0,4175.0,4270.0,4275.0,4395.0,4270.0,4370.0,4292.0,3933.4,4504.0,3924.4,9.0,up,90.0,10.409035409035406,72.3404255319149,6320.0,4395.0,3515.0,-0.5125815470643058,8.557482076574964,-32.43670886075949,-2.8441410693970437,False,False,5652489200.0,1204300.0,918100.0,1.3117307482845006,1580400.0,0.7620222728423184
6592,マブチモーター,プライム（内国株式）,電機・精密,2026-10-07,400,True,1763.5,1788.5,1761.5,1785.5,1742.0,1790.5,1737.5,1781.0,1751.5,1721.26,1678.3866666666668,1720.32,0.9400000000000546,up,78.75,-11.41636141636142,75.84033613445378,1907.0,1790.5,1623.0,1.9411932629175066,3.7321497042863916,-6.371263765076041,-0.2792516056967287,False,False,1647633610.0,802500.0,1200600.0,0.6684157921039481,2078700.0,0.3860585943137538
6594,ニデック,プライム（内国株式）,電機・精密,2026-10-07,400,True,2160.0,2195.0,2021.0,2165.0,2186.0,2214.0,2161.0,2165.0,2145.4,2524.92,2609.84,2543.36,-18.440000000000055,down,-67.08333333333334,-37.805250305250304,31.49546827794562,2941.0,2941.0,1888.0,0.9135825487088578,-14.254709060089032,-26.3855831349881,-26.3855831349881,False,False,57099240200.0,29558700.0,11300700.0,2.615652127744299,11866100.0,2.4910206386260016
6616,トレックス・セミコンダクター,プライム（内国株式）,電機・精密,2026-10-07,400,True,1992.0,2015.0,1965.0,1978.0,2001.0,2039.0,2000.0,2028.0,2021.6,1913.56,2034.32,1911.76,1.7999999999999545,up,63.33333333333333,30.15873015873016,66.72212978369384,2990.0,2072.0,1738.0,-2.1567075583696083,3.3675453082213203,-33.84615384615385,-4.536679536679533,False,False,179188120.0,83700.0,67700.0,1.2363367799113738,74700.0,1.1204819277108433
6617,東光高岳,プライム（内国株式）,電機・精密,2026-10-07,400,True,7770.0,8010.0,7680.0,7790.0,7650.0,7790.0,7520.0,7770.0,7602.0,6991.2,7390.933333333333,6958.4,32.80000000000018,up,96.66666666666667,53.44932844932845,93.66197183098592,8850.0,8010.0,6300.0,2.4730334122599285,11.425792424762559,-11.977401129943498,-2.7465667915106073,False,False,728015200.0,101600.0,104100.0,0.9759846301633045,68800.0,1.4767441860465116
6619,ダブル・スコープ,プライム（内国株式）,電機・精密,2026-10-07,400,True,150.0,154.0,147.0,148.0,145.0,151.0,144.0,151.0,146.0,152.08,160.66666666666666,152.52,-0.4399999999999977,down,-12.5,-64.22466422466422,53.191489361702125,362.0,175.0,138.0,1.3698630136986356,-2.6827985270910126,-59.116022099447505,-15.428571428571425,True,False,276319820.0,2104100.0,2129400.0,0.9881187188879497,3820900.0,0.5506817765447931
6620,宮越ホールディングス,プライム（内国株式）,不動産,2026-10-07,400,True,620.0,632.0,619.0,628.0,621.0,629.0,621.0,623.0,627.2,672.76,703.1866666666666,675.6,-2.840000000000032,down,-85.00000000000001,-93.3913308913309,23.0,1050.0,736.0,615.0,0.12755102040815647,-6.653189844818364,-40.19047619047619,-14.67391304347826,False,False,33969220.0,41000.0,36700.0,1.11716621253406,92500.0,0.44324324324324327
6622,ダイヘン,プライム（内国株式）,電機・精密,2026-10-07,400,True,2936.0,3035.0,2911.0,2958.0,2858.0,2906.0,2818.0,2887.0,2843.6,2563.36,2871.2533333333336,2548.88,14.480000000000018,up,95.0,47.298534798534796,87.46770025839793,3958.0,3035.0,2274.0,4.023069348712904,15.39541851320141,-25.26528549772612,-2.537067545304783,False,False,3659735720.0,1381900.0,1393400.0,0.9917468063729008,624500.0,2.2128102481985588
6630,ヤーマン,プライム（内国株式）,電機・精密,2026-10-07,400,True,767.0,776.0,763.0,774.0,770.0,776.0,768.0,769.0,774.0,785.76,764.5066666666667,786.84,-1.080000000000041,down,-76.66666666666666,-88.44627594627595,44.827586206896555,844.0,806.0,763.0,0.0,-1.4966401954795372,-8.293838862559245,-3.970223325062039,False,False,49808060.0,61700.0,82600.0,0.7469733656174334,134500.0,0.4587360594795539
6632,ＪＶＣケンウッド,プライム（内国株式）,電機・精密,2026-10-07,400,True,1021.5,1023.5,983.2999877929688,995.9000244140625,1014.0,1029.0,1005.5,1023.0,1010.1800048828125,1002.1839990234375,1055.0919986979168,1003.807998046875,-1.6239990234374773,down,-10.000000000000009,-14.942002442002433,52.65957403636299,1456.5,1029.0,950.0,-1.4136075154651762,-0.627028032327237,-31.62375390222708,-3.2167128849307614,True,False,1425931837.512207,1948100.0,1303500.0,1.4945147679324895,1583100.0,1.2305602930958246
6638,ミマキエンジニアリング,プライム（内国株式）,電機・精密,2026-10-07,400,True,2226.0,2269.0,2222.0,2260.0,2281.0,2290.0,2245.0,2265.0,2266.0,2063.52,2018.2,2052.88,10.639999999999873,up,63.33333333333333,77.42673992673993,78.05280528052805,2358.0,2358.0,1828.0,-0.26478375992938785,9.521594169186631,-4.156064461407971,-4.156064461407971,False,False,271370720.0,62900.0,68100.0,0.9236417033773862,71300.0,0.8821879382889201
6644,大崎電気工業,プライム（内国株式）,電機・精密,2026-10-07,400,True,1445.0,1461.0,1438.0,1442.0,1455.0,1468.0,1445.0,1464.0,1448.6,1470.72,1497.16,1475.2,-4.480000000000018,down,-51.66666666666666,-48.5958485958486,48.046875,2213.0,1529.0,1405.0,-0.455612315338938,-1.9527850304612682,-34.839584274740176,-5.689993459777631,False,False,291781520.0,157000.0,176800.0,0.8880090497737556,379400.0,0.41381128096995257
6645,オムロン,プライム（内国株式）,電機・精密,2026-10-07,400,True,6500.0,6544.0,6443.0,6486.0,6521.0,6538.0,6460.0,6488.0,6478.4,6264.6,6083.533333333334,6270.48,-5.8799999999992,down,85.0,9.21855921855922,72.56880733944953,7245.0,6609.0,5792.0,0.11731291676957412,3.5341442390575573,-10.476190476190473,-1.8610985020426685,False,False,7176218120.0,814400.0,1014800.0,0.8025226645644462,1050200.0,0.7754713387926109
6651,日東工業,プライム（内国株式）,電機・精密,2026-10-07,400,True,4455.0,4545.0,4455.0,4545.0,4510.0,4520.0,4455.0,4470.0,4468.0,4391.4,4465.2,4385.8,5.599999999999454,up,72.5,43.605006105006105,69.23076923076923,5090.0,4545.0,4225.0,1.7233661593554217,3.4977455936603397,-10.707269155206289,0.0,False,False,322921600.0,82200.0,58700.0,1.4003407155025553,64800.0,1.2685185185185186
6652,ＩＤＥＣ,プライム（内国株式）,電機・精密,2026-10-07,400,True,4145.0,4215.0,4095.0,4175.0,4040.0,4140.0,3980.0,4125.0,3998.0,3750.8,3537.0666666666666,3723.8,27.0,up,57.91666666666666,77.47252747252747,86.54970760233918,4215.0,4215.0,3465.0,4.427213606803404,11.309587288045208,-0.9489916963226541,-0.9489916963226541,False,False,851311500.0,186200.0,269900.0,0.6898851426454242,75000.0,2.482666666666667
6653,正興電機製作所,プライム（内国株式）,電機・精密,2026-10-07,400,True,2134.0,2165.0,2120.0,2120.0,2120.0,2147.0,2108.0,2134.0,2119.4,2116.08,2216.173333333333,2121.24,-5.1599999999998545,down,44.99999999999999,-26.877289377289372,62.64044943820225,2855.0,2188.0,2013.0,0.028309899028022834,0.185248194775256,-25.744308231173385,-3.1078610603290646,False,False,103039980.0,41300.0,47000.0,0.8787234042553191,44600.0,0.9260089686098655
6674,ジーエス・ユアサ　コーポレーション,プライム（内国株式）,電機・精密,2026-10-07,400,True,5731.0,5779.0,5654.0,5708.0,5670.0,5734.0,5600.0,5700.0,5614.8,5310.88,5746.1866666666665,5293.64,17.23999999999978,up,87.91666666666667,71.9017094017094,76.66666666666667,7899.0,5779.0,4913.0,1.6598988387832136,7.477480191606656,-27.737688314976584,-1.2285862605987186,False,False,3905996640.0,534500.0,686300.0,0.7788139297683229,942300.0,0.5672291202377162
6701,日本電気,プライム（内国株式）,電機・精密,2026-10-07,400,True,5001.0,5085.0,4979.0,5050.0,4997.0,5022.0,4905.0,4927.0,4927.4,4792.76,4553.426666666666,4787.08,5.680000000000291,up,84.58333333333333,32.692307692307686,65.6298600311042,6194.0,5085.0,4426.0,2.4881276129399055,5.367262287283303,-18.469486599935426,-0.6882989183874089,False,False,23777932800.0,6650000.0,4413800.0,1.5066382708777017,7323600.0,0.9080233764815119
6702,富士通,プライム（内国株式）,電機・精密,2026-10-07,400,True,4076.0,4160.0,4075.0,4127.0,4084.0,4126.0,4034.0,4053.0,4062.8,3932.28,3627.133333333333,3923.36,8.920000000000073,up,71.66666666666667,77.15201465201466,59.33456561922365,4668.0,4160.0,3664.0,1.580191001279907,4.9518345590853,-11.589545844044558,-0.7932692307692335,False,False,24605385060.0,7391400.0,5785900.0,1.2774849202371281,7988300.0,0.9252782193958664
6703,沖電気工業,プライム（内国株式）,電機・精密,2026-10-07,400,True,2735.0,2801.0,2730.0,2750.0,2701.0,2774.0,2668.0,2752.0,2727.6,2715.68,3003.8,2720.36,-4.680000000000291,down,8.333333333333337,-26.251526251526247,60.63100137174211,3970.0,2926.0,2521.0,0.8212347851591195,1.2637718729747283,-30.730478589420652,-6.015037593984962,False,False,1190349960.0,346200.0,441700.0,0.7837899026488567,742900.0,0.46601157625521605
6706,電気興業,プライム（内国株式）,電機・精密,2026-10-07,400,True,3300.0,3370.0,3300.0,3325.0,3280.0,3335.0,3280.0,3320.0,3333.0,3311.0,3193.5066666666667,3311.8,-0.8000000000001819,down,-30.41666666666667,24.38949938949939,53.75,3625.0,3385.0,3200.0,-0.2400240024002409,0.42283298097252064,-8.275862068965523,-1.7725258493353047,True,True,63072000.0,24800.0,14900.0,1.6644295302013423,24400.0,1.0163934426229508
6707,サンケン電気,プライム（内国株式）,電機・精密,2026-10-07,400,True,7090.0,7151.0,7001.0,7090.0,7230.0,7289.0,7124.0,7162.0,7106.6,6904.68,8466.24,6917.16,-12.479999999999563,down,81.66666666666667,1.1599511599511558,67.36502820306205,11835.0,7308.0,6374.0,-0.23358568091633725,2.6839766651025165,-40.092944655682295,-2.983032293377119,False,False,1349482120.0,163800.0,180500.0,0.9074792243767313,114600.0,1.4293193717277486
6718,アイホン,プライム（内国株式）,電機・精密,2026-10-07,400,True,2697.0,2714.0,2694.0,2695.0,2698.0,2740.0,2696.0,2702.0,2717.4,2811.88,2795.04,2819.16,-7.279999999999745,down,-93.33333333333333,-84.23382173382173,28.8961038961039,3130.0,2886.0,2694.0,-0.8243173621844457,-4.156649643654786,-13.897763578274757,-6.618156618156624,False,False,89018440.0,40400.0,16600.0,2.433734939759036,20800.0,1.9423076923076923
6723,ルネサスエレクトロニクス,プライム（内国株式）,電機・精密,2026-10-07,400,True,4040.0,4047.0,3861.0,3924.0,3895.0,3995.0,3810.0,3995.0,3794.4,3414.96,3877.9333333333334,3394.68,20.2800000000002,up,85.0,58.241758241758234,80.60556464811785,5284.0,4047.0,3067.0,3.4155597722960174,14.906177524773344,-25.738077214231648,-3.039288361749448,False,False,53843268280.0,15058600.0,15703100.0,0.9589571485884952,9905200.0,1.5202721802689496
6724,セイコーエプソン,プライム（内国株式）,電機・精密,2026-10-07,400,True,3367.0,3384.0,3352.0,3366.0,3335.0,3368.0,3299.0,3367.0,3326.8,3199.44,3022.9066666666668,3193.52,5.920000000000073,up,93.33333333333333,52.31990231990231,83.88746803069054,3384.0,3384.0,2944.0,1.1783094865937205,5.205911034431021,-0.5319148936170248,-0.5319148936170248,False,False,4243919280.0,1344000.0,1074100.0,1.2512801415138255,1567500.0,0.8574162679425837
6727,ワコム,プライム（内国株式）,電機・精密,2026-10-07,400,True,867.0,867.0,849.0,852.0,881.0,885.0,843.0,863.0,869.0,843.92,804.8533333333334,843.44,0.4799999999999045,up,-50.0,65.76617826617827,57.711442786069654,949.0,912.0,774.0,-1.9562715765247374,0.9574367238600834,-10.221285563751314,-6.578947368421051,False,False,585188200.0,505600.0,1002900.0,0.5041379998005783,572900.0,0.8825274917088497
6728,アルバック,プライム（内国株式）,電機・精密,2026-10-07,400,True,8380.0,8481.0,8239.0,8376.0,8363.0,8444.0,8309.0,8444.0,8333.8,7471.88,8622.88,7440.84,31.039999999999964,up,91.66666666666666,52.19780219780219,83.03375712406839,11420.0,8481.0,6651.0,0.5063716431879861,12.100301396703372,-26.65499124343258,-1.2380615493455926,False,False,4277853500.0,423700.0,492400.0,0.8604792851340374,378900.0,1.1182370018474532
6737,ＥＩＺＯ,プライム（内国株式）,電機・精密,2026-10-07,400,True,3170.0,3210.0,3155.0,3205.0,3200.0,3210.0,3140.0,3200.0,3157.0,3109.0,2867.9466666666667,3106.4,2.599999999999909,up,57.49999999999999,10.256410256410254,63.02521008403361,3215.0,3215.0,2955.0,1.5204307887234814,3.087809585075596,-0.3110419906687367,-0.3110419906687367,False,False,470563100.0,173900.0,144200.0,1.2059639389736476,206900.0,0.8405026582890285
6740,ジャパンディスプレイ,プライム（内国株式）,電機・精密,2026-10-07,400,True,40.0,41.0,37.0,41.0,46.0,46.0,42.0,42.0,44.6,47.24,49.14666666666667,47.44,-0.19999999999999574,down,-87.5,0.25946275946275854,39.130434782608695,164.0,57.0,37.0,-8.071748878923767,-13.209144792548688,-75.0,-28.07017543859649,False,False,1391141340.0,43587500.0,26655200.0,1.6352344007923407,4385400.0,9.939230172846262
6741,日本信号,プライム（内国株式）,電機・精密,2026-10-07,400,True,1830.0,1845.0,1814.0,1829.0,1824.0,1824.0,1804.0,1814.0,1803.0,1803.4,1714.8933333333334,1805.12,-1.7199999999998,down,1.6666666666666718,-25.396825396825395,59.94318181818182,1910.0,1875.0,1699.0,1.4420410427065988,1.4195408672507348,-4.240837696335076,-2.4533333333333296,False,False,211045520.0,129500.0,88000.0,1.4715909090909092,223900.0,0.578383206788745
6742,京三製作所,プライム（内国株式）,電機・精密,2026-10-07,400,True,1176.0,1204.0,1166.0,1179.0,1189.0,1205.0,1169.0,1189.0,1160.4,1062.44,988.32,1056.72,5.720000000000027,up,86.66666666666667,78.98351648351648,80.55555555555556,1205.0,1205.0,953.0,1.6028955532574996,10.970972478445828,-2.1576763485477213,-2.1576763485477213,False,False,293453340.0,269700.0,295600.0,0.9123815967523681,219200.0,1.230383211678832
6744,能美防災,プライム（内国株式）,電機・精密,2026-10-07,400,True,3910.0,4015.0,3905.0,3990.0,3950.0,3975.0,3930.0,3940.0,3937.0,4049.2,4235.933333333333,4061.8,-12.600000000000364,down,-46.66666666666666,-83.83699633699632,48.30508474576271,5020.0,4180.0,3855.0,1.3462026924053738,-1.4620171885804556,-20.517928286852595,-4.545454545454541,False,False,295866900.0,73500.0,58900.0,1.2478777589134125,79300.0,0.926860025220681
6745,ホーチキ,プライム（内国株式）,電機・精密,2026-10-07,400,True,1976.0,2009.0,1952.0,1965.0,1968.0,2008.0,1945.0,1985.0,1962.6,1926.04,1966.0933333333332,1927.0,-0.9600000000000364,down,53.333333333333336,1.4041514041513992,60.22727272727273,2357.0,2017.0,1821.0,0.12228676245797931,2.0228032647297,-16.631310988544755,-2.578086266732771,False,False,294617140.0,110400.0,140200.0,0.7874465049928673,162300.0,0.6802218114602587
6750,エレコム,プライム（内国株式）,電機・精密,2026-10-07,400,True,2018.0,2026.0,2000.0,2000.0,2017.0,2017.0,1995.0,2015.0,2010.0,2009.24,1904.8933333333334,2009.52,-0.2799999999999727,down,-35.00000000000001,-3.205128205128216,47.98206278026906,2082.0,2082.0,1912.0,-0.497512437810943,-0.45987537576397397,-3.9385206532180583,-3.9385206532180583,True,False,264341180.0,107200.0,90100.0,1.1897891231964484,111700.0,0.9597135183527306
6752,パナソニック　ホールディングス,プライム（内国株式）,電機・精密,2026-10-07,400,True,4764.0,4816.0,4664.0,4668.0,4717.0,4809.0,4655.0,4769.0,4653.0,4395.08,4347.826666666667,4384.92,10.159999999999854,up,68.33333333333333,57.402319902319896,68.7779433681073,4982.0,4816.0,4083.0,0.3223726627981982,6.209670813728074,-6.302689682858286,-3.0730897009966784,False,False,36897666560.0,6949900.0,6164600.0,1.1273886383544756,6123800.0,1.1348998987556747
6753,シャープ,プライム（内国株式）,電機・精密,2026-10-07,400,True,639.0,647.2000122070312,630.0999755859375,630.0999755859375,640.5999755859375,650.0999755859375,632.5,636.5,640.1599853515625,652.6919995117188,637.3599991861979,653.3960009765625,-0.7040014648437136,down,-68.33333333333333,-6.730769230769229,27.845218976276875,905.0,700.7000122070312,614.2000122070312,-1.57148369092458,-3.4613606329911284,-30.37569330542127,-10.07564369789593,False,False,2206790556.789551,3405600.0,3824500.0,0.890469342397699,2195600.0,1.5511022044088176
6754,アンリツ,プライム（内国株式）,電機・精密,2026-10-07,400,True,3679.0,3700.0,3637.0,3663.0,3650.0,3708.0,3603.0,3679.0,3593.4,3316.4,3689.866666666667,3305.72,10.680000000000291,up,88.33333333333333,42.658730158730165,87.76077885952712,4855.0,3710.0,3037.0,1.9368842878610737,10.45109154504884,-24.552008238928934,-1.2668463611859804,False,False,4159106920.0,798600.0,805100.0,0.9919264687616445,797500.0,1.0013793103448276
6758,ソニーグループ,プライム（内国株式）,電機・精密,2026-10-07,400,True,3756.0,3797.0,3724.0,3743.0,3753.0,3776.0,3741.0,3768.0,3754.8,3763.76,3611.653333333333,3771.16,-7.399999999999636,down,50.0,-41.88034188034189,45.614035087719294,4776.0,3856.0,3582.0,-0.3142644082241408,-0.5515760834909789,-21.628978224455608,-2.930497925311204,True,False,46005526780.0,11413100.0,10411000.0,1.0962539621554126,12054400.0,0.9467995088930183
6762,ＴＤＫ,プライム（内国株式）,電機・精密,2026-10-07,400,True,3611.0,3635.0,3525.0,3530.0,3505.0,3698.0,3441.0,3628.0,3400.6,2998.86,3178.6466666666665,2982.14,16.720000000000255,up,90.0,33.51648351648352,80.66179630425441,4315.0,3698.0,2724.0,3.8052108451449795,17.711396997525732,-18.192352259559673,-4.5429962141698255,False,False,68031021100.0,16599200.0,32379800.0,0.5126405969153608,7939800.0,2.090632005843976
6763,帝国通信工業,プライム（内国株式）,電機・精密,2026-10-07,400,True,2883.0,2938.0,2798.0,2857.0,2870.0,2929.0,2853.0,2919.0,2876.2,2809.4,2868.7466666666664,2810.04,-0.6399999999998727,down,71.66666666666667,8.318070818070822,59.8705501618123,3280.0,2938.0,2684.0,-0.6675474584521224,1.6943119527301098,-12.896341463414629,-2.756977535738603,True,True,77158060.0,45900.0,20700.0,2.217391304347826,13500.0,3.4
6768,タムラ製作所,プライム（内国株式）,電機・精密,2026-10-07,400,True,995.0,998.0,969.0,973.0,992.0,993.0,961.0,991.0,974.6,854.56,865.9466666666667,848.08,6.4799999999999045,up,91.66666666666666,74.96947496947497,80.65693430656934,1135.0,1008.0,754.0,-0.16416991586292173,13.859764089121885,-14.27312775330396,-3.472222222222221,False,False,930275920.0,539600.0,699700.0,0.7711876518507932,557200.0,0.968413496051687
6770,アルプスアルパイン,プライム（内国株式）,電機・精密,2026-10-07,400,True,2240.5,2266.5,2219.5,2228.0,2201.5,2265.5,2189.0,2254.5,2242.4,2224.46,2167.2733333333335,2224.9,-0.44000000000005457,down,70.0,-19.047619047619047,50.350631136044875,2395.5,2297.5,2069.5,-0.6421691045308653,0.1591397462755051,-6.992277186391149,-3.0250272034820447,True,True,3434264260.0,1307700.0,1810300.0,0.7223664585980224,1392400.0,0.9391697787991956
6779,日本電波工業,プライム（内国株式）,電機・精密,2026-10-07,400,True,3650.0,3710.0,3580.0,3635.0,3625.0,3700.0,3550.0,3665.0,3638.0,3079.8,3128.88,3044.0,35.80000000000018,up,92.91666666666667,90.7051282051282,85.39823008849558,5010.0,3790.0,2491.0,-0.08246289169873133,18.0271446197805,-27.445109780439125,-4.089709762532978,False,False,2318113300.0,445400.0,570800.0,0.7803083391730904,400100.0,1.113221694576356
6785,鈴木,プライム（内国株式）,電機・精密,2026-10-07,400,True,3490.0,3595.0,3460.0,3570.0,3450.0,3545.0,3450.0,3515.0,3486.0,3191.72,3139.9066666666668,3165.68,26.039999999999964,up,95.0,83.33333333333334,85.71428571428571,3595.0,3595.0,2985.0,2.4096385542168752,11.851916834810083,-0.6954102920723182,-0.6954102920723182,False,False,322131200.0,65900.0,50700.0,1.2998027613412229,193200.0,0.34109730848861286
6787,メイコー,プライム（内国株式）,電機・精密,2026-10-07,400,True,27210.0,27540.0,26320.0,26900.0,25400.0,27630.0,24720.0,27300.0,25660.0,21671.6,23345.066666666666,21346.0,325.59999999999854,up,75.0,90.5982905982906,76.29090909090908,45300.0,27630.0,17940.0,4.832424006235381,24.125583713246847,-40.61810154525386,-2.6420557365182784,False,False,21272127400.0,721700.0,1303900.0,0.5534933660556791,413600.0,1.7449226305609284
6788,日本トリム,プライム（内国株式）,電機・精密,2026-10-07,400,True,5260.0,5270.0,5230.0,5250.0,5220.0,5300.0,5200.0,5280.0,5252.0,5087.0,4828.0,5074.4,12.600000000000364,up,67.91666666666667,92.12454212454213,69.49152542372882,5340.0,5340.0,4900.0,-0.038080731150036407,3.2042461175545434,-1.6853932584269704,-1.6853932584269704,False,False,55104000.0,7000.0,12600.0,0.5555555555555556,10000.0,0.7
6794,フォスター電機,プライム（内国株式）,電機・精密,2026-10-07,400,True,3520.0,3580.0,3475.0,3505.0,3380.0,3545.0,3375.0,3515.0,3379.0,3145.52,3001.36,3123.28,22.23999999999978,up,64.58333333333333,85.94322344322345,88.88888888888889,3580.0,3580.0,2851.0,3.7289138798461074,11.428317098603724,-2.0949720670391025,-2.0949720670391025,False,False,517788500.0,214400.0,230900.0,0.9285404937202252,132300.0,1.620559334845049
6798,ＳＭＫ,プライム（内国株式）,電機・精密,2026-10-07,400,True,3445.0,3465.0,3360.0,3370.0,3290.0,3460.0,3255.0,3445.0,3353.0,3310.2,3200.48,3309.6,0.599999999999909,up,18.75,13.23260073260073,62.18487394957983,3735.0,3465.0,3110.0,0.5070086489710635,1.8065373693432418,-9.772423025435073,-2.741702741702745,False,False,47410700.0,10300.0,32300.0,0.3188854489164087,8700.0,1.1839080459770115
6800,ヨコオ,プライム（内国株式）,電機・精密,2026-10-07,400,True,4925.0,5030.0,4780.0,4840.0,4860.0,5010.0,4860.0,4925.0,4775.0,4210.6,4558.533333333334,4175.2,35.400000000000546,up,80.0,87.05738705738706,80.98591549295774,6510.0,5030.0,3700.0,1.3612565445026092,14.947988410202818,-25.652841781874038,-3.7773359840954313,False,False,925247500.0,205800.0,199100.0,1.0336514314414866,89300.0,2.3045912653975362
6804,ホシデン,プライム（内国株式）,電機・精密,2026-10-07,400,True,2416.0,2462.0,2402.0,2432.0,2390.0,2445.0,2377.0,2426.0,2411.0,2525.2,2711.0133333333333,2537.16,-11.960000000000036,down,-66.66666666666667,-92.36874236874237,40.24767801857585,3150.0,2652.0,2368.0,0.8710078805474808,-3.6907967685727794,-22.793650793650787,-8.29562594268477,False,False,783669700.0,334800.0,307300.0,1.089489098600716,219900.0,1.5225102319236017
6806,ヒロセ電機,プライム（内国株式）,電機・精密,2026-10-07,400,True,26020.0,26265.0,25795.0,25795.0,25695.0,26120.0,25540.0,26020.0,25674.0,24839.6,26664.733333333334,24847.8,-8.200000000000728,down,86.25,3.724053724053722,70.74285714285715,32210.0,26265.0,23550.0,0.47129391602398485,3.846277717837654,-19.916175100900347,-1.7894536455358878,False,False,3492095100.0,118100.0,127500.0,0.9262745098039216,145000.0,0.8144827586206896
6807,日本航空電子工業,プライム（内国株式）,電機・精密,2026-10-07,400,True,2813.0,2821.0,2748.0,2777.0,2712.0,2806.0,2710.0,2778.0,2711.2,2545.88,2433.8133333333335,2534.56,11.320000000000164,up,90.0,85.88217338217339,81.21085594989562,2928.0,2821.0,2352.0,2.426969607553864,9.078196929941695,-5.157103825136611,-1.5597305919886617,False,False,1103619980.0,376900.0,469000.0,0.8036247334754797,151000.0,2.496026490066225
6809,ＴＯＡ,プライム（内国株式）,電機・精密,2026-10-07,400,True,1747.0,1763.0,1728.0,1728.0,1716.0,1760.0,1715.0,1760.0,1723.0,1743.76,1669.0133333333333,1742.84,0.9200000000000728,up,-21.249999999999993,-5.35714285714286,48.708487084870846,1926.0,1789.0,1682.0,0.29019152640743506,-0.903794100105515,-10.280373831775702,-3.409726103968702,True,False,175408180.0,72200.0,128000.0,0.5640625,67300.0,1.0728083209509658
6810,マクセル,プライム（内国株式）,電機・精密,2026-10-07,400,True,2670.0,2676.0,2613.0,2633.0,2638.0,2676.0,2619.0,2668.0,2626.0,2563.44,2346.173333333333,2558.4,5.039999999999964,up,50.0,61.5995115995116,71.2166172106825,2698.0,2698.0,2457.0,0.26656511805027705,2.713541179040657,-2.4091919940696815,-2.4091919940696815,False,False,339435980.0,158000.0,114500.0,1.3799126637554586,202900.0,0.7787087235091178
6814,古野電気,プライム（内国株式）,電機・精密,2026-10-07,400,True,8430.0,8600.0,8330.0,8430.0,7940.0,8160.0,7800.0,8130.0,8046.0,7616.4,7234.933333333333,7588.8,27.599999999999454,up,87.08333333333333,25.976800976800973,81.90954773869346,10020.0,8600.0,6920.0,4.7725577926920115,10.682212068693886,-15.86826347305389,-1.9767441860465085,False,False,3678391200.0,847300.0,362000.0,2.3406077348066296,326000.0,2.599079754601227
6817,スミダコーポレーション,プライム（内国株式）,電機・精密,2026-10-07,400,True,1289.0,1302.0,1278.0,1289.0,1288.0,1302.0,1272.0,1294.0,1285.8,1225.92,1281.0533333333333,1222.68,3.240000000000009,up,91.66666666666666,74.83211233211233,78.04878048780488,1626.0,1303.0,1157.0,0.2488722974024027,5.145523362046456,-20.725707257072568,-1.074443591711438,False,False,206840460.0,98200.0,163100.0,0.6020846106683017,159600.0,0.6152882205513784
6820,アイコム,プライム（内国株式）,電機・精密,2026-10-07,400,True,3455.0,3485.0,3405.0,3405.0,3500.0,3545.0,3465.0,3485.0,3573.0,3599.8,3399.866666666667,3613.6,-13.799999999999727,down,-73.33333333333334,-4.792429792429798,40.74074074074074,3835.0,3820.0,3370.0,-4.70193115029387,-5.4114117450969506,-11.212516297262065,-10.863874345549739,False,False,55835800.0,18300.0,14200.0,1.2887323943661972,8800.0,2.0795454545454546
6823,リオン,プライム（内国株式）,電機・精密,2026-10-07,400,True,3475.0,3545.0,3475.0,3545.0,3445.0,3515.0,3430.0,3515.0,3461.0,3316.2,3459.266666666667,3307.0,9.199999999999818,up,83.33333333333334,52.71672771672772,80.34188034188034,4160.0,3545.0,3125.0,2.4270442068766274,6.899463241059056,-14.783653846153843,0.0,False,False,138312500.0,36700.0,38300.0,0.95822454308094,35300.0,1.0396600566572238
6841,横河電機,プライム（内国株式）,電機・精密,2026-10-07,400,True,4770.0,4790.0,4646.0,4667.0,4745.0,4772.0,4664.0,4743.0,4716.8,4712.2,5250.133333333333,4730.32,-18.11999999999989,down,-5.000000000000004,-23.62637362637363,57.003891050583654,6317.0,4807.0,4477.0,-1.055800542740848,-0.9592122575442397,-26.119993667880326,-2.912419388391929,True,False,5442371380.0,1299200.0,1035400.0,1.2547807610585282,1667400.0,0.7791771620486986
6844,新電元工業,プライム（内国株式）,電機・精密,2026-10-07,400,True,3095.0,3135.0,3075.0,3105.0,3060.0,3150.0,3050.0,3120.0,3090.0,3032.0,3364.9333333333334,3031.4,0.599999999999909,up,16.249999999999996,10.912698412698408,73.2739420935412,4265.0,3165.0,2820.0,0.4854368932038833,2.4076517150395826,-27.198124267291913,-1.8957345971563955,False,False,186638400.0,60200.0,57900.0,1.0397236614853196,65400.0,0.9204892966360856
6845,アズビル,プライム（内国株式）,電機・精密,2026-10-07,400,True,1484.5,1495.0,1476.0,1492.5,1468.5,1484.5,1468.0,1484.5,1477.0,1467.04,1578.6466666666668,1468.5,-1.4600000000000364,down,48.33333333333333,-24.114774114774118,61.125319693094625,1760.0,1495.0,1390.5,1.04942450914014,1.7354673355873151,-15.198863636363635,-0.16722408026755842,False,False,2004202800.0,1579600.0,1229000.0,1.2852725793327908,1574800.0,1.0030480060960123
6849,日本光電工業,プライム（内国株式）,電機・精密,2026-10-07,400,True,1609.5,1634.0,1600.0,1629.5,1599.5,1625.5,1586.5,1613.0,1599.3,1559.28,1521.28,1554.26,5.019999999999982,up,-8.333333333333325,83.33333333333334,65.78366445916114,1885.5,1641.0,1437.5,1.8883261426874354,4.503360525370681,-13.577300450808805,-0.7007921998781197,False,False,775761150.0,561700.0,469300.0,1.1968889835925847,916900.0,0.612607699858218
6850,チノー,プライム（内国株式）,電機・精密,2026-10-07,400,True,1815.0,1831.0,1796.0,1816.0,1815.0,1820.0,1799.0,1816.0,1815.2,1741.96,1680.6666666666667,1737.4,4.559999999999945,up,76.25,90.01831501831502,71.88940092165899,1874.0,1831.0,1655.0,0.044072278536799736,4.250384624216408,-3.094983991462108,-0.8192244675040983,False,False,60232900.0,27400.0,38300.0,0.7154046997389034,35700.0,0.7675070028011205
6856,堀場製作所,プライム（内国株式）,電機・精密,2026-10-07,400,True,26310.0,26570.0,25700.0,26140.0,26135.0,26545.0,25930.0,26495.0,25911.0,23365.2,25258.466666666667,23255.0,110.20000000000073,up,93.33333333333333,56.959706959706956,90.47619047619048,30100.0,26570.0,20980.0,0.8837945274207781,11.87578107613032,-13.156146179401995,-1.6183665788483292,False,False,6123308300.0,269700.0,181900.0,1.4826827927432655,248900.0,1.0835676978706308
6857,アドバンテスト,プライム（内国株式）,電機・精密,2026-10-07,400,True,41620.0,41990.0,40760.0,41290.0,40000.0,41900.0,39660.0,41850.0,39936.0,34184.4,32564.2,33943.6,240.8000000000029,up,93.33333333333333,35.77533577533577,84.89405331510595,41990.0,41990.0,29810.0,3.3904246794871806,20.786089561320352,-1.6670635865682293,-1.6670635865682293,False,False,622405636800.0,14150500.0,16372800.0,0.8642687872569139,7464900.0,1.8956047636271083
6859,エスペック,プライム（内国株式）,電機・精密,2026-10-07,400,True,4365.0,4460.0,4330.0,4460.0,4265.0,4350.0,4225.0,4340.0,4268.0,4000.4,4089.0666666666666,3979.8,20.59999999999991,up,86.66666666666667,69.84126984126983,79.71698113207547,4790.0,4460.0,3730.0,4.498594189315841,11.48885111488851,-6.8893528183716075,0.0,False,False,373888200.0,109300.0,140700.0,0.7768301350390903,73400.0,1.4891008174386922
6861,キーエンス,プライム（内国株式）,電機・精密,2026-10-07,400,True,81860.0,82940.0,81380.0,81560.0,81580.0,81780.0,81020.0,81490.0,81240.0,78632.8,79032.0,78688.8,-56.0,down,85.0,0.48840048840048667,76.31578947368422,87920.0,82940.0,73510.0,0.3938946331856208,3.722619568424368,-7.23384895359418,-1.6638533879913209,False,False,39202688600.0,494900.0,368100.0,1.3444716109752786,663200.0,0.7462303980699638
6866,日置電機,プライム（内国株式）,電機・精密,2026-10-07,400,True,11820.0,11970.0,11440.0,11570.0,11750.0,11940.0,11590.0,11900.0,11460.0,10521.2,11275.2,10487.2,34.0,up,91.66666666666666,30.87606837606838,74.10714285714286,13800.0,11970.0,9710.0,0.9598603839441555,9.968444664106757,-16.159420289855074,-3.341687552213868,False,False,645587600.0,42300.0,55000.0,0.769090909090909,22300.0,1.8968609865470851
6869,シスメックス,プライム（内国株式）,電機・精密,2026-10-07,400,True,1855.5,1899.0,1855.5,1899.0,1850.0,1903.0,1847.0,1895.5,1862.6,1869.74,1721.9866666666667,1871.98,-2.240000000000009,down,-33.33333333333333,-39.2094017094017,61.08726752503576,2012.5,1939.0,1737.0,1.9542574895307752,1.564923465294643,-5.639751552795036,-2.0629190304280565,True,True,4861942820.0,2634600.0,2605300.0,1.0112463056077994,3117100.0,0.8452086875621572
6871,日本マイクロニクス,プライム（内国株式）,電機・精密,2026-10-07,400,True,15810.0,16790.0,15620.0,16760.0,14870.0,15470.0,14690.0,15410.0,15446.0,13379.2,14479.333333333334,13229.6,149.60000000000036,up,95.0,76.12942612942612,87.41830065359477,18180.0,16790.0,11630.0,8.50705684319566,25.26907438411863,-7.810781078107809,-0.17867778439547566,False,False,20354701800.0,2211200.0,853500.0,2.5907439953134155,677700.0,3.2628006492548325
6875,メガチップス,プライム（内国株式）,電機・精密,2026-10-07,400,True,11250.0,11390.0,11110.0,11270.0,11600.0,11600.0,11310.0,11340.0,11468.0,10934.0,10529.066666666668,10911.2,22.799999999999272,up,71.66666666666667,66.31562881562881,66.35071090047393,13420.0,11950.0,10130.0,-1.7265434251831135,3.0729833546734975,-16.020864381520116,-5.690376569037658,False,False,1204667600.0,100800.0,98900.0,1.019211324570273,104100.0,0.968299711815562
6902,デンソー,プライム（内国株式）,自動車・輸送機,2026-10-07,400,True,1844.0,1859.5,1840.5,1840.5,1856.0,1858.0,1841.0,1853.0,1836.7,1896.7,1929.66,1899.7,-3.0,down,-56.666666666666664,-62.33211233211233,35.984095427435385,2373.0,1948.5,1802.0,0.20689279686394446,-2.963041071334427,-22.43994943109987,-5.542725173210162,False,False,15018708140.0,7615000.0,5815400.0,1.309454207793101,6900400.0,1.103559213958611
6905,コーセル,プライム（内国株式）,電機・精密,2026-10-07,400,True,1510.0,1520.0,1459.0,1483.0,1533.0,1542.0,1506.0,1527.0,1506.8,1381.64,1367.6266666666668,1375.24,6.400000000000091,up,74.58333333333333,64.94200244200245,76.45502645502646,1657.0,1546.0,1252.0,-1.579506238385986,7.336209142757877,-10.50090525045263,-4.075032341526519,False,False,438451040.0,288300.0,280600.0,1.0274411974340698,77000.0,3.744155844155844
6908,イリソ電子工業,プライム（内国株式）,電機・精密,2026-10-07,400,True,2903.0,2919.0,2872.0,2883.0,2775.0,2920.0,2770.0,2890.0,2820.4,2823.24,2835.6133333333332,2821.28,1.9599999999995816,up,-33.33333333333333,31.63919413919414,58.92307692307692,3855.0,2999.0,2663.0,2.219543327187634,2.116716963488763,-25.214007782101167,-3.8679559853284418,False,False,944666720.0,180600.0,221300.0,0.816086760054225,86600.0,2.0854503464203233
6914,オプテックスグループ,プライム（内国株式）,電機・精密,2026-10-07,400,True,3415.0,3440.0,3365.0,3370.0,3395.0,3445.0,3365.0,3405.0,3339.0,3190.6,3537.5333333333333,3183.6,7.0,up,56.666666666666664,49.42002442002442,72.0,4755.0,3445.0,2991.0,0.9284216831386694,5.622766877703267,-29.127234490010512,-2.1770682148040676,False,False,605305400.0,155700.0,153400.0,1.014993481095176,100900.0,1.5431119920713579
6920,レーザーテック,プライム（内国株式）,電機・精密,2026-10-07,400,True,45970.0,47260.0,45500.0,46700.0,45610.0,46820.0,45400.0,46550.0,46256.0,38303.2,41495.333333333336,37820.8,482.3999999999942,up,98.33333333333333,91.95665445665445,93.51851851851852,58580.0,48950.0,33200.0,0.9598754756139805,21.921928193989014,-20.279959030385797,-4.596527068437184,False,False,232373271200.0,4076700.0,3634600.0,1.1216364936994443,3214400.0,1.2682615729218516
6923,スタンレー電気,プライム（内国株式）,電機・精密,2026-10-07,400,True,3534.0,3556.0,3525.0,3525.0,3519.0,3560.0,3507.0,3545.0,3509.2,3531.96,3552.36,3535.68,-3.7199999999998,down,1.6666666666666718,-41.88034188034189,57.6171875,3802.0,3740.0,3381.0,0.45024507010145154,-0.19705772432303537,-7.285639137296163,-5.748663101604279,True,False,1363352060.0,336400.0,464600.0,0.724063710718898,402800.0,0.8351539225422046
6925,ウシオ電機,プライム（内国株式）,電機・精密,2026-10-07,400,True,4375.0,4380.0,4259.0,4288.0,4248.0,4373.0,4203.0,4373.0,4263.6,3854.76,4074.133333333333,3838.88,15.88000000000011,up,90.0,54.96031746031746,82.02341137123746,5164.0,4380.0,3405.0,0.5722863308002646,11.239091409063073,-16.96359411309063,-2.100456621004565,False,False,1699876140.0,263000.0,317900.0,0.8273041837055678,504700.0,0.5211016445413117
6929,日本セラミック,プライム（内国株式）,電機・精密,2026-10-07,400,True,3735.0,3765.0,3725.0,3740.0,3750.0,3755.0,3725.0,3745.0,3729.0,3687.8,3727.4,3687.4,0.40000000000009095,up,63.33333333333333,-5.799755799755801,61.79775280898876,4280.0,3765.0,3575.0,0.2949852507374562,1.4154780628016672,-12.616822429906538,-0.6640106241699861,False,False,310929800.0,80600.0,64300.0,1.2534992223950234,95400.0,0.8448637316561844
6941,山一電機,プライム（内国株式）,電機・精密,2026-10-07,400,True,10070.0,10270.0,9730.0,10150.0,9890.0,10250.0,9850.0,10200.0,9848.0,8272.4,8716.133333333333,8180.4,92.0,up,93.33333333333333,68.45238095238095,91.0979228486647,11420.0,10270.0,7210.0,3.066612510154343,22.697161645955234,-11.12084063047285,-1.1684518013631906,False,False,3678900800.0,369100.0,320000.0,1.1534375,184900.0,1.9962141698215252
6947,図研,プライム（内国株式）,電機・精密,2026-10-07,400,True,5430.0,5540.0,5430.0,5540.0,5440.0,5530.0,5440.0,5530.0,5430.0,5043.4,4849.266666666666,5029.0,14.399999999999636,up,85.0,52.02991452991452,94.8051948051948,5550.0,5550.0,4625.0,2.02578268876612,9.846532101360195,-0.18018018018017834,-0.18018018018017834,False,False,482043600.0,77800.0,66000.0,1.1787878787878787,41400.0,1.8792270531400965
6951,日本電子,プライム（内国株式）,電機・精密,2026-10-07,400,True,8207.0,8300.0,8088.0,8225.0,7920.0,8244.0,7856.0,8243.0,7998.2,7326.88,7606.266666666666,7282.88,44.0,up,76.66666666666666,76.98412698412699,84.27822772748928,9255.0,8300.0,6602.0,2.8356380185541763,12.257877841591514,-11.129119394921661,-0.9036144578313254,False,False,2586710880.0,299600.0,393700.0,0.760985521971044,257400.0,1.163947163947164
6952,カシオ計算機,プライム（内国株式）,電機・精密,2026-10-07,400,True,2268.0,2315.0,2265.5,2273.0,2237.0,2295.5,2205.5,2274.0,2231.8,2211.08,2091.633333333333,2216.34,-5.260000000000218,down,71.66666666666667,-34.67643467643469,76.69441141498217,2536.0,2345.0,1951.0,1.8460435522896335,2.8004414132460242,-10.370662460567825,-3.070362473347543,False,False,3296862740.0,1869500.0,1770600.0,1.0558567717158025,1507700.0,1.2399681634277375
6954,ファナック,プライム（内国株式）,電機・精密,2026-10-07,400,True,6264.0,6310.0,6131.0,6164.0,6186.0,6249.0,6111.0,6220.0,6154.4,5927.88,6484.253333333333,5923.4,4.480000000000473,up,80.41666666666667,36.38583638583639,68.7984496124031,8880.0,6310.0,5592.0,0.15598596126349396,3.983211535996012,-30.585585585585584,-2.313787638668785,False,False,24161619100.0,3680100.0,3180100.0,1.1572277601333292,5339000.0,0.6892863832178311
6958,日本シイエムケイ,プライム（内国株式）,電機・精密,2026-10-07,400,True,831.0,845.0,817.0,825.0,804.0,836.0,794.0,831.0,806.2,771.48,711.9733333333334,769.2,2.2799999999999727,up,40.0,58.4096459096459,75.13812154696133,845.0,845.0,698.0,2.3319275613991497,6.937315290091761,-2.3668639053254448,-2.3668639053254448,False,False,674236140.0,651600.0,1472400.0,0.44254278728606355,515800.0,1.2632803412175262
6961,エンプラス,プライム（内国株式）,電機・精密,2026-10-07,400,True,11660.0,11830.0,11360.0,11770.0,11460.0,11990.0,11380.0,11600.0,11240.0,10138.4,11314.933333333332,10075.2,63.19999999999891,up,95.0,33.92857142857143,82.6923076923077,17990.0,11990.0,9140.0,4.715302491103213,16.09326915489624,-34.57476375764313,-1.834862385321101,False,False,1666729800.0,111000.0,201000.0,0.5522388059701493,111900.0,0.9919571045576407
6962,大真空,プライム（内国株式）,電機・精密,2026-10-07,400,True,887.0,904.0,871.0,900.0,868.0,895.0,863.0,895.0,888.6,813.8,819.64,809.04,4.759999999999991,up,92.08333333333334,83.18070818070818,84.05797101449275,1223.0,904.0,715.0,1.282916948008106,10.592283116244783,-26.410466067048244,-0.4424778761061954,False,False,259074300.0,420600.0,312800.0,1.3446291560102301,177700.0,2.3669105233539676
6963,ローム,プライム（内国株式）,電機・精密,2026-10-07,400,True,5377.0,5486.0,5352.0,5375.0,5361.0,5424.0,5325.0,5347.0,5285.0,4869.04,4941.4,4847.24,21.800000000000182,up,98.33333333333333,35.74481074481074,89.27973199329983,6099.0,5486.0,4304.0,1.7029328287606393,10.391370783563092,-11.87079849155599,-2.023332118118848,False,False,17024885800.0,3289700.0,2615900.0,1.2575786536182576,3403400.0,0.9665922312981137
6965,浜松ホトニクス,プライム（内国株式）,電機・精密,2026-10-07,400,True,2535.0,2539.0,2446.0,2473.0,2451.0,2525.5,2426.0,2506.5,2452.0,2312.06,2420.58,2306.88,5.179999999999836,up,86.66666666666667,27.96092796092796,81.82730923694778,3100.0,2539.0,2133.0,0.8564437194127139,6.9608920183732215,-20.225806451612904,-2.599448601811738,False,False,5413185440.0,2172500.0,1830800.0,1.1866397203408345,2273500.0,0.9555751044644821
6966,三井ハイテック,プライム（内国株式）,電機・精密,2026-10-07,400,True,956.0,958.0,931.0,945.0,944.0,948.0,927.0,948.0,932.4,907.6,949.3066666666666,907.68,-0.07999999999992724,down,95.0,-23.687423687423692,72.85714285714285,1358.0,1014.0,825.0,1.3513513513513598,4.120758043190831,-30.41237113402062,-6.804733727810652,False,False,1820644120.0,1405000.0,1545100.0,0.9093262572001812,1357800.0,1.0347621151863309
6971,京セラ,プライム（内国株式）,電機・精密,2026-10-07,400,True,3880.0,3880.0,3801.0,3827.0,3845.0,3864.0,3792.0,3864.0,3788.4,3617.56,3666.0933333333332,3609.48,8.079999999999927,up,50.0,62.88156288156288,68.74236874236874,4019.0,3886.0,3351.0,1.018899799387607,5.789537699443836,-4.7773077880069685,-1.51827071538857,False,False,18738348680.0,3511900.0,3697700.0,0.9497525488817373,4191100.0,0.8379423063157644
6976,太陽誘電,プライム（内国株式）,電機・精密,2026-10-07,400,True,11360.0,11985.0,11140.0,11460.0,10440.0,11285.0,10165.0,11135.0,10656.0,9464.84,11868.306666666667,9376.2,88.63999999999942,up,93.33333333333333,49.38949938949939,80.52467763450423,24065.0,11985.0,8320.0,7.545045045045051,21.07970129447514,-52.37897361313111,-4.380475594493117,False,False,308950305000.0,34746700.0,23799100.0,1.460000588257539,31713600.0,1.0956403561878816
6981,村田製作所,プライム（内国株式）,電機・精密,2026-10-07,400,True,8780.0,8870.0,8536.0,8683.0,8700.0,8980.0,8656.0,8829.0,8647.4,7702.4,8402.826666666666,7650.96,51.4399999999996,up,81.66666666666667,86.52319902319903,76.91761363636364,12895.0,8980.0,6806.0,0.41168443694059587,12.731096800997088,-32.66382318728189,-3.307349665924275,False,False,196883963820.0,21451000.0,22658400.0,0.94671291882922,19759800.0,1.0855879108088138
6986,双葉電子工業,プライム（内国株式）,電機・精密,2026-10-07,400,True,708.0,717.0,702.0,706.0,712.0,720.0,701.0,713.0,714.0,755.48,662.1866666666666,758.6,-3.1200000000000045,down,-83.33333333333333,-47.64957264957266,41.86991869918699,828.0,825.0,675.0,-1.1204481792717047,-6.5494784772594965,-14.734299516908212,-14.42424242424243,False,False,182562240.0,206800.0,229000.0,0.903056768558952,598800.0,0.3453573814295257
6988,日東電工,プライム（内国株式）,素材・化学,2026-10-07,400,True,3620.0,3623.0,3548.0,3548.0,3550.0,3633.0,3536.0,3611.0,3547.2,3417.44,3359.8533333333335,3414.36,3.0799999999999272,up,57.08333333333333,43.07081807081807,72.08976157082749,4068.0,3633.0,3115.0,0.02255299954894152,3.820403576946485,-12.782694198623402,-2.339664189375168,False,False,10708254700.0,3574000.0,2667700.0,1.339730854293961,2589500.0,1.3801892257192507
6995,東海理化電機製作所,プライム（内国株式）,自動車・輸送機,2026-10-07,400,True,3065.0,3090.0,3050.0,3065.0,3070.0,3070.0,3030.0,3065.0,3053.0,3131.8,3095.866666666667,3134.0,-2.199999999999818,down,-68.33333333333333,-38.44627594627595,42.35294117647059,3445.0,3255.0,3000.0,0.3930560104814962,-2.1329586819081703,-11.030478955007261,-5.837173579109067,False,False,393888000.0,128000.0,124000.0,1.032258064516129,236500.0,0.5412262156448203
6996,ニチコン,プライム（内国株式）,電機・精密,2026-10-07,400,True,2715.0,2754.0,2685.0,2742.0,2684.0,2726.0,2655.0,2718.0,2704.4,2616.28,3101.9333333333334,2616.04,0.24000000000023647,up,81.66666666666667,6.82234432234432,68.20276497695853,4965.0,2777.0,2434.0,1.3903268747226694,4.80529606922806,-44.77341389728097,-1.2603528988116675,False,False,1839157200.0,748700.0,488500.0,1.5326509723643809,1365000.0,0.5484981684981685
6997,日本ケミコン,プライム（内国株式）,電機・精密,2026-10-07,400,True,2413.0,2425.0,2318.0,2355.0,2420.0,2452.0,2357.0,2400.0,2402.2,2653.36,3412.5733333333333,2672.12,-18.759999999999764,down,-73.75,-72.74114774114776,39.886271324126724,6190.0,2970.0,2318.0,-1.964865539921734,-11.244610606928573,-61.95476575121164,-20.707070707070706,False,False,3015039720.0,845600.0,853200.0,0.9910923581809657,898700.0,0.9409146545009458
6999,ＫＯＡ,プライム（内国株式）,電機・精密,2026-10-07,400,True,2547.0,2554.0,2471.0,2512.0,2512.0,2590.0,2485.0,2571.0,2477.6,2275.08,2451.266666666667,2268.96,6.119999999999891,up,93.33333333333333,36.93528693528694,81.74603174603175,3275.0,2590.0,2021.0,1.3884404262189287,10.413699738031191,-23.297709923664122,-3.011583011583008,False,False,1106086100.0,412500.0,520100.0,0.7931167083253221,545900.0,0.7556328997984979
7003,三井Ｅ＆Ｓ,プライム（内国株式）,機械,2026-10-07,400,True,4180.0,4227.0,4069.0,4085.0,4167.0,4189.0,4092.0,4150.0,4157.6,4254.12,4368.8133333333335,4272.96,-18.840000000000146,down,-78.33333333333334,-51.663614163614156,42.823250296559905,8438.0,4560.0,4027.0,-1.7461997306138288,-3.975440279070641,-51.588054041242,-10.416666666666663,False,False,6430418640.0,1467300.0,1729800.0,0.8482483524106833,1972900.0,0.743727507729738
7004,カナデビア,プライム（内国株式）,機械,2026-10-07,400,True,1173.0,1182.0,1156.0,1162.0,1167.0,1168.0,1149.0,1161.0,1163.2,1165.92,1219.2933333333333,1166.88,-0.9600000000000364,down,-43.333333333333336,-15.308302808302798,50.81967213114754,1515.0,1231.0,1120.0,-0.10316368638240148,-0.336215177713739,-23.300330033003302,-5.605199025182783,True,False,1000087080.0,765600.0,595600.0,1.2854264607118873,639400.0,1.1973725367532062
7011,三菱重工業,プライム（内国株式）,機械,2026-10-07,400,True,3843.0,3910.0,3798.0,3811.0,3854.0,3897.0,3780.0,3787.0,3824.8,3809.16,3872.72,3817.72,-8.559999999999945,down,-60.00000000000001,-2.7319902319902223,53.65497076023392,5208.0,3975.0,3581.0,-0.3608031792512123,0.048304613090555115,-26.82411674347158,-4.125786163522016,True,True,57756726300.0,18287700.0,17052800.0,1.07241626008632,15016100.0,1.217872816510279
7012,川崎重工業,プライム（内国株式）,自動車・輸送機,2026-10-07,400,True,2423.0,2453.0,2358.0,2372.5,2365.0,2392.5,2334.0,2369.0,2359.6,2401.52,2665.0933333333332,2411.54,-10.019999999999982,down,-29.58333333333334,-68.77289377289377,55.388471177944865,3766.0,2504.0,2241.5,0.5467028309882993,-1.208401345814314,-37.002124269782264,-5.251597444089462,True,False,23639413610.0,16020500.0,11235600.0,1.4258695574780162,7882900.0,2.032310444125893
7013,ＩＨＩ,プライム（内国株式）,機械,2026-10-07,400,True,2715.0,2784.0,2657.0,2691.0,2747.0,2766.0,2691.5,2715.0,2709.0,2721.84,2773.6266666666666,2724.84,-3.0,down,-35.00000000000001,17.292429792429797,45.907928388746804,4698.0,2950.5,2575.5,-0.6644518272425293,-1.1330570496428938,-42.720306513409966,-8.795119471276058,True,False,30251288240.0,12548900.0,11071600.0,1.133431482351241,12152000.0,1.0326612903225807
7033,マネジメントソリューションズ,プライム（内国株式）,情報通信・サービスその他,2026-10-07,400,True,1586.0,1616.0,1565.0,1574.0,1565.0,1607.0,1565.0,1604.0,1562.8,1576.76,1485.8533333333332,1581.88,-5.120000000000118,down,17.91666666666667,-55.90659340659341,48.74551971326165,1744.0,1624.0,1505.0,0.7166624008190459,-0.17504249219919554,-9.747706422018354,-3.078817733990147,True,False,124428820.0,53500.0,142700.0,0.3749124036440084,59700.0,0.8961474036850922
7034,プロレド・パートナーズ,プライム（内国株式）,情報通信・サービスその他,2026-10-07,400,True,311.0,318.0,309.0,316.0,301.0,317.0,300.0,317.0,309.2,325.08,349.49333333333334,326.68,-1.6000000000000227,down,-19.58333333333333,-86.34004884004884,40.65934065934066,661.0,344.0,297.0,2.199223803363526,-2.7931586071120895,-52.193645990922846,-8.139534883720934,False,False,10265720.0,35600.0,35900.0,0.9916434540389972,33500.0,1.0626865671641792
7038,フロンティア・マネジメント,プライム（内国株式）,情報通信・サービスその他,2026-10-07,400,True,570.0,574.0,569.0,573.0,569.0,575.0,569.0,572.0,573.6,581.36,572.4666666666667,581.72,-0.36000000000001364,down,-55.41666666666667,-53.31196581196582,46.835443037974684,741.0,595.0,568.0,-0.10460251046024993,-1.4380074308517954,-22.67206477732794,-3.6974789915966366,False,False,9456940.0,16400.0,8600.0,1.9069767441860466,10700.0,1.5327102803738317
7059,コプロ・ホールディングス,プライム（内国株式）,情報通信・サービスその他,2026-10-07,400,True,923.0,923.0,915.0,915.0,936.0,941.0,918.0,924.0,939.2,935.96,859.9866666666667,936.52,-0.5599999999999454,down,-73.33333333333334,35.470085470085465,48.803827751196174,1203.0,980.0,885.0,-2.5766609880749636,-2.239411940681224,-23.94014962593516,-6.632653061224492,False,False,100726880.0,49900.0,77400.0,0.6447028423772609,112100.0,0.4451382694023194
7071,アンビスホールディングス,プライム（内国株式）,情報通信・サービスその他,2026-10-07,400,True,382.0,384.0,371.0,382.0,377.0,388.0,377.0,385.0,384.2,394.2,382.0933333333333,395.6,-1.400000000000034,down,-75.41666666666667,-63.47680097680097,41.66666666666667,674.0,416.0,371.0,-0.5726184279021274,-3.094875697615418,-43.323442136498514,-8.173076923076927,False,False,99695560.0,385500.0,145500.0,2.649484536082474,251700.0,1.531585220500596
7085,カーブスホールディングス,プライム（内国株式）,情報通信・サービスその他,2026-10-07,400,True,920.0,927.0,916.0,926.0,902.0,921.0,900.0,915.0,909.8,902.24,926.36,902.36,-0.12000000000000455,down,71.66666666666667,-37.10317460317461,71.96261682242991,1002.0,927.0,864.0,1.7806111233238164,2.633445646391208,-7.584830339321358,-0.10787486515642097,False,False,322836220.0,364800.0,409200.0,0.8914956011730205,421000.0,0.8665083135391924
7095,Ｍａｃｂｅｅ　Ｐｌａｎｅｔ,プライム（内国株式）,情報通信・サービスその他,2026-10-07,400,True,1116.0,1132.0,1115.0,1125.0,1107.0,1135.0,1107.0,1125.0,1124.4,1182.52,1174.7333333333333,1188.92,-6.400000000000091,down,-60.41666666666667,-96.6117216117216,27.95031055900621,2342.0,1285.0,1094.0,0.053361792956230225,-4.864188343537523,-51.96413321947053,-12.45136186770428,False,False,59921860.0,30900.0,51800.0,0.5965250965250966,44300.0,0.6975169300225733
7102,日本車輌製造,プライム（内国株式）,自動車・輸送機,2026-10-07,400,True,3510.0,3570.0,3490.0,3490.0,3520.0,3540.0,3500.0,3530.0,3531.0,3593.8,3520.4666666666667,3604.2,-10.399999999999636,down,-90.83333333333334,-46.56593406593406,46.07843137254902,4425.0,3740.0,3475.0,-1.1611441517983545,-2.888307640937171,-21.129943502824855,-6.68449197860963,False,False,122494800.0,23800.0,31100.0,0.7652733118971061,29300.0,0.8122866894197952
7128,ユニソルホールディングス,プライム（内国株式）,商社・卸売,2026-10-07,400,True,2927.0,2949.0,2911.0,2911.0,2935.0,2960.0,2926.0,2959.0,2927.4,2840.12,2674.866666666667,2836.08,4.039999999999964,up,35.416666666666664,87.36263736263736,63.66459627329193,3045.0,2960.0,2725.0,-0.5602240896358524,2.495669197076178,-4.400656814449921,-1.655405405405408,False,False,195560900.0,61800.0,49200.0,1.2560975609756098,90700.0,0.681367144432194
7130,ヤマエグループホールディングス,プライム（内国株式）,商社・卸売,2026-10-07,400,True,2655.0,2659.0,2624.0,2629.0,2665.0,2680.0,2650.0,2663.0,2659.2,2780.76,2869.9466666666667,2790.4,-9.639999999999873,down,-89.99999999999999,-86.75213675213675,29.792746113989637,3225.0,2846.0,2612.0,-1.1356799037304355,-5.457500827112016,-18.480620155038764,-7.624736472241745,False,False,233563120.0,55700.0,66400.0,0.838855421686747,52400.0,1.0629770992366412
7148,ＦＰＧ,プライム（内国株式）,金融（除く銀行）,2026-10-07,400,True,1588.0,1603.0,1574.0,1600.0,1596.0,1605.0,1592.0,1595.0,1604.8,1679.48,1622.52,1682.4,-2.9200000000000728,down,-83.33333333333333,-45.11599511599511,31.0126582278481,2504.0,1743.0,1574.0,-0.29910269192422456,-4.7324171767451855,-36.102236421725244,-8.20424555364314,False,False,1012389680.0,475800.0,381800.0,1.2462022001047668,374800.0,1.2694770544290288
7157,ライフネット生命保険,プライム（内国株式）,金融（除く銀行）,2026-10-07,400,True,1493.0,1510.0,1489.0,1503.0,1496.0,1515.0,1481.0,1505.0,1488.0,1441.04,1555.8,1439.36,1.6800000000000637,up,95.0,35.66849816849816,64.55696202531645,2365.0,1515.0,1362.0,1.0080645161290258,4.29967245877978,-36.448202959830866,-0.7920792079207928,False,False,492000260.0,266900.0,315600.0,0.8456907477820025,215800.0,1.2367933271547729
7164,全国保証,プライム（内国株式）,金融（除く銀行）,2026-10-07,400,True,3028.0,3039.0,3015.0,3016.0,3003.0,3031.0,2999.0,3023.0,3017.8,3125.16,3099.3533333333335,3133.4,-8.240000000000236,down,-85.00000000000001,-87.04212454212454,31.901840490797547,3455.0,3190.0,2982.0,-0.05964609980780855,-3.4929411614125327,-12.706222865412443,-5.454545454545457,False,False,1176784700.0,315400.0,396300.0,0.795861720918496,313600.0,1.0057397959183674
7167,めぶきフィナンシャルグループ,プライム（内国株式）,銀行,2026-10-07,400,True,1713.0,1743.5,1691.5,1692.5,1690.0,1737.0,1687.5,1732.0,1691.9,1690.86,1585.86,1691.18,-0.3200000000001637,down,-30.000000000000004,0.25946275946275854,48.419721871049305,1743.5,1743.5,1614.0,0.03546308883504157,0.09699206321043263,-2.925150559219958,-2.925150559219958,False,False,5189545620.0,2538000.0,3490300.0,0.7271581239435005,3006200.0,0.8442552059077906
7172,ジャパンインベストメントアドバイザー,プライム（内国株式）,金融（除く銀行）,2026-10-07,400,True,2129.0,2139.0,2125.0,2133.0,2125.0,2144.0,2122.0,2137.0,2126.4,2116.88,2090.72,2117.08,-0.1999999999998181,down,-66.66666666666667,38.431013431013426,60.16949152542372,2496.0,2179.0,2063.0,0.3103837471783333,0.7614980537394622,-14.54326923076923,-2.1110601193207845,False,False,264342280.0,88900.0,114900.0,0.7737162750217581,96200.0,0.9241164241164241
7173,東京きらぼしフィナンシャルグループ,プライム（内国株式）,銀行,2026-10-07,400,True,1720.0,1742.0,1694.0,1706.0,1688.0,1740.0,1688.0,1740.0,1703.8,1705.8,1720.0066666666667,1706.12,-0.31999999999993634,down,-61.66666666666667,6.669719169719168,51.88172043010753,1920.0,1793.0,1631.0,0.12912313651838314,0.011724703951232485,-11.145833333333332,-4.85220301171222,True,True,2192233860.0,1362800.0,1663100.0,0.8194335878780591,1131900.0,1.2039932856259388
7180,九州フィナンシャルグループ,プライム（内国株式）,銀行,2026-10-07,400,True,1745.0,1764.5,1713.5,1713.5,1735.5,1767.5,1725.5,1767.5,1723.4,1654.46,1560.0533333333333,1648.54,5.920000000000073,up,-8.333333333333325,89.27045177045177,57.502246181491465,1770.0,1770.0,1564.5,-0.5744458628292981,3.5685359573516484,-3.1920903954802293,-3.1920903954802293,False,False,2006537700.0,858000.0,1070200.0,0.8017193048028406,1425800.0,0.601767428811895
7181,かんぽ生命保険,プライム（内国株式）,金融（除く銀行）,2026-10-07,400,True,1714.0,1729.5,1702.5,1704.5,1708.5,1734.0,1705.5,1728.0,1710.4,1749.64,1683.1,1748.58,1.0600000000001728,up,-76.66666666666666,32.21916971916971,38.48275862068966,1844.0,1844.0,1678.5,-0.34494855004677527,-2.57995930591437,-7.5650759219088926,-7.5650759219088926,False,False,3916663520.0,2024600.0,1801000.0,1.124153248195447,1960800.0,1.0325377396980824
7182,ゆうちょ銀行,プライム（内国株式）,銀行,2026-10-07,400,True,3425.0,3459.0,3346.0,3364.0,3449.0,3486.0,3421.0,3464.0,3412.2,3347.48,3264.3333333333335,3346.32,1.1599999999998545,up,25.0,21.565934065934066,53.714285714285715,3518.0,3518.0,3193.0,-1.4125783951702608,0.49350556239320387,-4.3774872086412735,-4.3774872086412735,True,True,17849725680.0,5021200.0,4958100.0,1.0127266493213125,8978400.0,0.5592533190768957
7184,富山第一銀行,プライム（内国株式）,銀行,2026-10-07,400,True,3750.0,3835.0,3705.0,3765.0,3755.0,3825.0,3685.0,3820.0,3714.0,3510.6,3100.1066666666666,3496.6,14.0,up,44.99999999999999,85.98901098901099,66.29213483146067,3835.0,3835.0,3230.0,1.3731825525040486,7.2466245086310055,-1.8252933507170832,-1.8252933507170832,False,False,658260600.0,205900.0,129600.0,1.5887345679012346,189800.0,1.0848261327713382
7186,横浜フィナンシャルグループ,プライム（内国株式）,銀行,2026-10-07,400,True,1924.0,1941.5,1882.0,1882.0,1910.0,1940.0,1900.0,1940.0,1905.1,1908.38,1873.3133333333333,1910.42,-2.0399999999999636,down,-14.999999999999991,-41.22405372405373,44.34490481522956,1995.5,1973.0,1828.5,-1.212534775077423,-1.3823242750395703,-5.687797544475071,-4.612265585402941,True,False,7224311270.0,2708800.0,2461500.0,1.1004671947999187,3785900.0,0.7154969756200639
7187,ジェイリース,プライム（内国株式）,金融（除く銀行）,2026-10-07,400,True,1321.0,1335.0,1320.0,1333.0,1311.0,1334.0,1311.0,1330.0,1319.8,1335.56,1347.2933333333333,1337.24,-1.6800000000000637,down,-25.416666666666664,-59.63064713064714,56.08108108108109,1669.0,1368.0,1296.0,1.0001515381118375,-0.19167989457605783,-20.131815458358293,-2.5584795321637377,False,False,69081920.0,51600.0,48300.0,1.0683229813664596,57100.0,0.9036777583187391
7189,西日本フィナンシャルホールディングス,プライム（内国株式）,銀行,2026-10-07,400,True,5012.0,5057.0,4933.0,4935.0,4967.0,5079.0,4938.0,5079.0,4954.0,4943.52,4586.906666666667,4939.68,3.8400000000001455,up,-66.66666666666667,48.35164835164834,48.55355746677091,5163.0,5163.0,4678.0,-0.38352846184901423,-0.17234682978930493,-4.416037187681576,-4.416037187681576,True,False,2347294000.0,418700.0,527500.0,0.7937440758293839,471300.0,0.888393804370889
7198,ＳＢＩアルヒ,プライム（内国株式）,金融（除く銀行）,2026-10-07,400,True,776.0,777.0,774.0,774.0,779.0,783.0,776.0,777.0,781.2,823.64,814.96,826.32,-2.6800000000000637,down,-98.33333333333334,-49.64896214896215,12.359550561797752,950.0,845.0,774.0,-0.9216589861751223,-6.026904958477008,-18.526315789473678,-8.40236686390533,False,False,123743960.0,161000.0,136200.0,1.18208516886931,154000.0,1.0454545454545454
7199,プレミアグループ,プライム（内国株式）,金融（除く銀行）,2026-10-07,400,True,2110.0,2138.0,2098.0,2133.0,2099.0,2125.0,2087.0,2119.0,2100.0,2092.52,2085.4133333333334,2093.52,-1.0,down,28.333333333333332,1.3736263736263687,56.932153392330385,2265.0,2158.0,2005.0,1.5714285714285792,1.9345095865272555,-5.827814569536427,-1.1584800741427204,False,False,452261040.0,137100.0,185300.0,0.7398812736103616,169200.0,0.8102836879432624
7201,日産自動車,プライム（内国株式）,自動車・輸送機,2026-10-07,400,True,287.6000061035156,290.1000061035156,284.70001220703125,285.1000061035156,283.79998779296875,288.20001220703125,282.29998779296875,286.8999938964844,285.7,306.2720007324219,317.8746667480469,307.70800048828124,-1.4359997558593705,down,-83.33333333333333,-86.14163614163614,19.65439305226816,466.0,320.3999938964844,279.3999938964844,-0.2100083641877415,-6.9128077585529635,-38.81974117950308,-11.01747455225407,False,False,14700039791.262817,27320200.0,42766700.0,0.6388194553238852,40616700.0,0.6726346552034016
7202,いすゞ自動車,プライム（内国株式）,自動車・輸送機,2026-10-07,400,True,2080.0,2110.5,2071.0,2105.5,2055.5,2070.0,2047.5,2069.5,2062.6,2170.68,2244.56,2175.56,-4.880000000000109,down,-60.00000000000001,-79.30402930402931,38.77038895859473,2929.0,2262.0,2019.0,2.079899156404541,-3.0027456833803146,-28.11539774667122,-6.918656056587091,False,False,5680599610.0,3548400.0,1992700.0,1.7806995533697998,2655800.0,1.3360945854356503
7203,トヨタ自動車,プライム（内国株式）,自動車・輸送機,2026-10-07,400,True,2930.5,2944.5,2900.5,2900.5,2920.0,2937.5,2904.0,2930.5,2901.2,3006.56,2952.306666666667,3015.18,-8.61999999999989,down,-41.66666666666667,-86.00427350427351,35.738831615120276,4000.0,3120.0,2853.0,-0.02412794705638488,-3.5276196051301167,-27.487499999999997,-7.035256410256407,False,False,70963162990.0,21035200.0,19613500.0,1.0724857878502052,21768900.0,0.966295954320154
7211,三菱自動車工業,プライム（内国株式）,自動車・輸送機,2026-10-07,400,True,347.20001220703125,349.0,341.70001220703125,342.0,343.0,353.29998779296875,342.1000061035156,348.8999938964844,343.8199951171875,363.1440002441406,354.3560009765625,365.0120007324219,-1.8680004882812682,down,-81.66666666666667,-75.56471306471306,37.63703177248823,458.0,381.20001220703125,335.20001220703125,-0.5293453385592506,-5.822483706167681,-25.327510917030573,-10.283318717666134,False,False,2888068702.015381,7005700.0,8652600.0,0.8096641471927513,13220500.0,0.5299118792783934
7220,武蔵精密工業,プライム（内国株式）,自動車・輸送機,2026-10-07,400,True,3215.0,3225.0,3090.0,3090.0,3190.0,3215.0,3120.0,3195.0,3133.0,2928.76,3344.2533333333336,2930.76,-2.0,down,76.66666666666666,12.942612942612941,73.89705882352942,10550.0,3230.0,2635.0,-1.3724864347270938,5.505401603408933,-70.71090047393365,-4.334365325077394,False,False,1780428700.0,465200.0,546500.0,0.851235132662397,1104300.0,0.42126233813275377
7224,新明和工業,プライム（内国株式）,自動車・輸送機,2026-10-07,400,True,1883.0,1898.0,1866.0,1874.0,1883.0,1889.0,1853.0,1886.0,1879.8,1928.2,1981.9333333333334,1932.4,-4.2000000000000455,down,-83.33333333333333,-60.08852258852259,42.803030303030305,2744.0,1989.0,1849.0,-0.30854346207043193,-2.8109117311482246,-31.70553935860059,-5.78179989944696,False,False,341345020.0,157100.0,137700.0,1.1408859840232388,146300.0,1.0738209159261791
7226,極東開発工業,プライム（内国株式）,自動車・輸送機,2026-10-07,400,True,2145.0,2164.0,2141.0,2158.0,2140.0,2157.0,2137.0,2149.0,2151.0,2263.32,2273.693333333333,2270.48,-7.1599999999998545,down,-81.66666666666667,-63.99572649572649,26.031746031746035,3550.0,2335.0,2128.0,0.32543003254299485,-4.653341109520537,-39.21126760563381,-7.58029978586724,False,False,546534920.0,178200.0,178600.0,0.9977603583426652,233100.0,0.7644787644787645
7231,トピー工業,プライム（内国株式）,自動車・輸送機,2026-10-07,400,True,3015.0,3025.0,2982.0,2994.0,2999.0,3050.0,2999.0,3050.0,3025.6,3085.72,2952.4533333333334,3089.16,-3.4400000000000546,down,-88.33333333333333,-20.55860805860805,47.86184210526316,3710.0,3195.0,2971.0,-1.0444209413008942,-2.9724019029594317,-19.29919137466307,-6.2910798122065685,False,False,114093460.0,54600.0,32000.0,1.70625,50500.0,1.0811881188118813
7236,ティラド,プライム（内国株式）,自動車・輸送機,2026-10-07,400,True,1487.0,1501.0,1474.0,1483.0,1497.0,1506.0,1488.0,1500.0,1485.0,1496.76,1506.2533333333333,1499.44,-2.6800000000000637,down,-38.33333333333333,-45.31440781440781,55.79268292682927,1611.0,1550.0,1413.0,-0.13468013468013185,-0.9193190625083503,-7.9453755431409085,-4.322580645161289,True,False,236364080.0,125600.0,137100.0,0.9161196207148067,252300.0,0.49782005548949665
7238,曙ブレーキ工業,プライム（内国株式）,自動車・輸送機,2026-10-07,400,True,106.0,106.0,103.0,105.0,106.0,107.0,105.0,105.0,105.4,106.2,108.2,106.32,-0.11999999999999034,down,-42.08333333333334,-28.556166056166067,46.15384615384615,183.0,109.0,102.0,-0.379506641366234,-1.1299435028248594,-42.622950819672134,-3.669724770642202,False,False,444920980.0,6270900.0,2497600.0,2.510770339525945,6393800.0,0.980778253933498
7239,タチエス,プライム（内国株式）,自動車・輸送機,2026-10-07,400,True,2301.0,2320.0,2287.0,2290.0,2293.0,2318.0,2282.0,2310.0,2299.4,2339.4,2260.56,2342.0,-2.599999999999909,down,-78.75000000000001,-39.11782661782661,44.29530201342282,2413.0,2413.0,2260.0,-0.40880229625119835,-2.1116525604855996,-5.097389142146702,-5.097389142146702,False,False,233308340.0,78800.0,87500.0,0.9005714285714286,72600.0,1.0853994490358128
7241,フタバ産業,プライム（内国株式）,自動車・輸送機,2026-10-07,400,True,1045.0,1059.0,1044.0,1046.0,1048.0,1055.0,1041.0,1048.0,1049.6,1091.84,1043.1333333333334,1094.6,-2.759999999999991,down,-85.00000000000001,-65.18620268620268,35.86206896551724,1179.0,1131.0,1036.0,-0.3429878048780366,-4.198417350527539,-11.280746395250208,-7.515473032714414,False,False,214853200.0,169900.0,127300.0,1.3346425765907306,270400.0,0.6283284023668639
7242,カヤバ,プライム（内国株式）,自動車・輸送機,2026-10-07,400,True,1570.0,1592.0,1563.0,1569.0,1555.0,1583.0,1532.0,1583.0,1552.4,1568.586669921875,1480.7066666666667,1568.8933349609374,-0.30666503906240905,down,0.0,-40.6898656898657,53.811154388884184,1773.3333740234375,1625.0,1502.0,1.0693120329811956,0.026350477538206185,-11.522558421140783,-3.4461538461538432,True,True,477448240.0,383200.0,315600.0,1.214195183776933,459300.0,0.8343130851295449
7244,市光工業,プライム（内国株式）,電機・精密,2026-10-07,400,True,549.0,562.0,548.0,550.0,544.0,563.0,543.0,559.0,550.8,563.8,543.4266666666666,564.24,-0.44000000000005457,down,-72.91666666666667,-50.305250305250304,47.61904761904761,606.0,606.0,539.0,-0.1452432824981753,-2.4476764810216323,-9.24092409240924,-9.24092409240924,False,False,68846320.0,153200.0,147900.0,1.0358350236646383,235300.0,0.6510837229069273
7245,大同メタル工業,プライム（内国株式）,自動車・輸送機,2026-10-07,400,True,1295.0,1329.0,1282.0,1297.0,1278.0,1308.0,1231.0,1300.0,1269.0,1176.24,1343.1866666666667,1173.36,2.880000000000109,up,91.66666666666666,20.680708180708184,89.77272727272727,1857.0,1329.0,1074.0,2.206461780929869,10.266612256002183,-30.15616585891222,-2.40782543265613,False,False,695514820.0,372900.0,496300.0,0.7513600644771308,346200.0,1.0771230502599654
7246,プレス工業,プライム（内国株式）,自動車・輸送機,2026-10-07,400,True,980.0,987.0,976.0,979.0,981.0,988.0,973.0,986.0,977.0,1001.4,913.04,1002.12,-0.7200000000000273,down,-66.25000000000001,-53.08302808302807,43.57142857142857,1056.0,1056.0,961.0,0.20470829068577334,-2.2368683842620363,-7.2916666666666625,-7.2916666666666625,False,False,249119960.0,201100.0,187000.0,1.0754010695187166,455000.0,0.441978021978022
7259,アイシン,プライム（内国株式）,自動車・輸送機,2026-10-07,400,True,2204.5,2225.0,2203.0,2218.5,2200.0,2219.5,2189.0,2211.0,2188.9,2223.6,2254.4866666666667,2224.18,-0.5799999999999272,down,-21.666666666666657,-47.161172161172175,47.704081632653065,3155.0,2304.5,2132.0,1.3522773996071047,-0.2293577981651307,-29.683042789223457,-3.7318290301583845,True,False,4906448180.0,1973000.0,1863400.0,1.0588172158420093,2439300.0,0.8088386012380601
7261,マツダ,プライム（内国株式）,自動車・輸送機,2026-10-07,400,True,1080.5,1087.0,1077.0,1077.0,1085.5,1092.0,1076.0,1084.0,1083.7,1145.14,1146.0866666666666,1150.7,-5.559999999999945,down,-85.00000000000001,-79.8076923076923,28.362573099415204,1395.0,1182.0,1071.5,-0.618252283842391,-5.950364147615151,-22.795698924731177,-8.883248730964466,False,False,5730866570.0,4380500.0,4479900.0,0.9778120047322485,8786900.0,0.4985262151612059
7267,本田技研工業,プライム（内国株式）,自動車・輸送機,2026-10-07,400,True,1695.0,1695.5,1666.0,1683.5,1692.5,1694.5,1678.5,1687.5,1681.6,1686.2,1614.0533333333333,1686.96,-0.7599999999999909,down,-38.33333333333333,-8.394383394383386,50.88062622309197,1766.5,1766.5,1588.0,0.11298763082778773,-0.1601233542877556,-4.6985564675912865,-4.6985564675912865,True,False,22569014460.0,13238400.0,12361400.0,1.0709466565275778,16244700.0,0.8149365639254649
7269,スズキ,プライム（内国株式）,自動車・輸送機,2026-10-07,400,True,2000.0,2065.0,1999.5,2039.5,1985.0,1999.5,1967.0,1981.5,1989.1,2034.64,2033.5266666666666,2039.86,-5.2199999999998,down,8.333333333333337,-77.22832722832722,49.24137931034483,2473.0,2074.0,1924.0,2.533809260469555,0.23886289466441557,-17.529316619490498,-1.6634522661523654,True,True,15064054030.0,10329200.0,5208700.0,1.9830667920978362,6122500.0,1.6870886075949367
7270,ＳＵＢＡＲＵ,プライム（内国株式）,自動車・輸送機,2026-10-07,400,True,2530.0,2545.0,2521.0,2539.5,2521.5,2536.5,2510.5,2532.5,2521.5,2604.4,2570.1666666666665,2608.38,-3.980000000000018,down,-61.66666666666667,-62.56105006105006,37.34104046242774,3642.0,2690.0,2476.0,0.7138607971445499,-2.4919367224696676,-30.271828665568368,-5.594795539033459,False,False,7147522620.0,2648000.0,1943700.0,1.3623501569172198,3927600.0,0.6742030756696201
7272,ヤマハ発動機,プライム（内国株式）,自動車・輸送機,2026-10-07,400,True,1830.0,1850.0,1821.0,1832.5,1793.0,1800.0,1779.5,1790.0,1797.0,1813.6,1600.8133333333333,1817.28,-3.6800000000000637,down,11.66666666666667,-45.360195360195355,61.69544740973313,1987.0,1896.0,1699.0,1.975514746800222,1.0421261579179664,-7.775541016607956,-3.3491561181434593,False,False,8474824920.0,6028100.0,3375800.0,1.7856804313051722,4887100.0,1.2334717930879253
7276,小糸製作所,プライム（内国株式）,電機・精密,2026-10-07,400,True,2723.5,2769.5,2723.5,2752.0,2700.0,2749.0,2700.0,2741.5,2724.6,2671.66,2644.52,2669.28,2.3799999999996544,up,71.66666666666667,17.03296703296703,67.33021077283372,2973.0,2769.5,2541.0,1.0056522058283779,3.007119169355388,-7.433568785738309,-0.6318830113738905,False,False,2173922610.0,831600.0,982400.0,0.8464983713355049,774800.0,1.073309241094476
7278,エクセディ,プライム（内国株式）,自動車・輸送機,2026-10-07,400,True,5740.0,5780.0,5740.0,5780.0,5680.0,5750.0,5660.0,5750.0,5716.0,5923.6,5975.066666666667,5940.0,-16.399999999999636,down,-53.33333333333334,-82.6007326007326,43.75,6290.0,6220.0,5600.0,1.1196641007697794,-2.4242014990883964,-8.108108108108103,-7.0739549839228255,False,False,1297883600.0,160200.0,178700.0,0.8964745383324007,288200.0,0.5558639833448994
7280,ミツバ,プライム（内国株式）,電機・精密,2026-10-07,400,True,1315.0,1324.0,1303.0,1303.0,1309.0,1333.0,1308.0,1325.0,1315.2,1332.08,1245.5466666666666,1333.72,-1.6400000000001,down,-83.33333333333333,14.392551892551896,44.565217391304344,2152.0,1395.0,1232.0,-0.9276155717761636,-2.183052068944802,-39.451672862453535,-6.594982078853051,False,False,225485540.0,120300.0,157800.0,0.7623574144486692,144400.0,0.8331024930747922
7282,豊田合成,プライム（内国株式）,自動車・輸送機,2026-10-07,400,True,1065.0,1080.5,1060.0,1074.0,1054.0,1071.0,1045.5,1071.0,1055.5,1052.5159985351563,1039.3746687825521,1052.8119995117188,-0.2960009765624818,down,37.083333333333336,-37.82051282051282,64.31843414499092,1144.0,1109.5999755859375,995.2000122070312,1.7527238275698798,2.041204266229135,-6.118881118881115,-3.20836124452315,False,False,2716783050.0,2658200.0,2523000.0,1.0535869996036464,1930500.0,1.3769489769489769
7283,愛三工業,プライム（内国株式）,自動車・輸送機,2026-10-07,400,True,2163.0,2187.0,2140.0,2140.0,2166.0,2179.0,2153.0,2164.0,2161.6,2210.8,2211.346666666667,2216.12,-5.319999999999709,down,-75.0,-52.060439560439555,55.23809523809524,2527.0,2346.0,2067.0,-0.999259807549957,-3.2024606477293327,-15.31460229521171,-8.780903665814154,False,False,316105420.0,95500.0,71200.0,1.3412921348314606,122000.0,0.7827868852459017
7294,ヨロズ,プライム（内国株式）,自動車・輸送機,2026-10-07,400,True,840.0,843.0,837.0,838.0,837.0,848.0,837.0,848.0,842.4,883.4,885.0666666666667,886.84,-3.4400000000000546,down,-86.66666666666667,-85.51587301587303,33.33333333333333,1140.0,914.0,835.0,-0.5223171889838563,-5.13923477473398,-26.491228070175442,-8.315098468271332,False,False,51253940.0,43100.0,43400.0,0.9930875576036866,45700.0,0.9431072210065645
7296,エフ・シー・シー,プライム（内国株式）,自動車・輸送機,2026-10-07,400,True,4085.0,4150.0,4085.0,4120.0,4060.0,4095.0,4040.0,4085.0,4074.0,4143.4,3872.6,4145.6,-2.2000000000007276,down,-56.666666666666664,-33.4096459096459,47.87234042553192,4330.0,4280.0,3970.0,1.129111438389785,-0.5647535840131224,-4.84988452655889,-3.738317757009346,True,False,394522800.0,108300.0,61100.0,1.772504091653028,171800.0,0.630384167636787
7309,シマノ,プライム（内国株式）,自動車・輸送機,2026-10-07,400,True,17460.0,17605.0,17460.0,17480.0,17555.0,17645.0,17410.0,17460.0,17544.0,18278.8,18560.866666666665,18374.6,-95.79999999999927,down,-96.66666666666666,-93.94078144078144,38.25301204819277,21530.0,19015.0,17410.0,-0.364797081623347,-4.370089940258659,-18.810961449140727,-8.07257428346042,False,False,4166648300.0,212000.0,217800.0,0.9733700642791552,304300.0,0.6966809069996713
7313,テイ・エス　テック,プライム（内国株式）,自動車・輸送機,2026-10-07,400,True,1757.0,1763.5,1753.5,1753.5,1755.0,1763.5,1744.5,1759.0,1756.2,1811.88,1796.1666666666667,1815.46,-3.5799999999999272,down,-80.41666666666667,-76.22100122100122,36.81710213776722,2018.5,1866.5,1741.0,-0.1537410317731469,-3.2220676866017706,-13.128560812484514,-6.0541119742834155,False,False,602611280.0,277500.0,328600.0,0.8444917833231893,310700.0,0.8931445123913743
7322,三十三フィナンシャルグループ,プライム（内国株式）,銀行,2026-10-07,400,True,2267.0,2327.0,2236.0,2247.0,2264.0,2303.0,2245.0,2296.0,2263.4,2163.56,1974.8133333333333,2159.76,3.799999999999727,up,15.000000000000002,42.75030525030525,68.92655367231639,2333.0,2333.0,1893.0,-0.7245736502606737,3.856606703766019,-3.6862408915559364,-3.6862408915559364,False,False,881504640.0,261700.0,271600.0,0.9635493372606775,360700.0,0.7255336845023566
7327,第四北越フィナンシャルグループ,プライム（内国株式）,銀行,2026-10-07,400,True,2741.0,2777.0,2712.0,2717.0,2719.0,2780.0,2709.0,2775.0,2726.6,2682.32,2435.4933333333333,2677.08,5.2400000000002365,up,-76.66666666666666,83.57753357753359,53.963838664812236,2887.0,2887.0,2529.0,-0.35208684808919477,1.2929106146917446,-5.888465535157605,-5.888465535157605,False,False,3162356880.0,1067200.0,981700.0,1.0870938168483244,880600.0,1.211900976606859
7337,ひろぎんホールディングス,プライム（内国株式）,銀行,2026-10-07,400,True,2408.5,2448.0,2390.0,2393.0,2406.0,2439.0,2399.0,2434.5,2399.9,2394.02,2283.7266666666665,2393.42,0.599999999999909,up,-66.66666666666667,25.931013431013426,49.843260188087775,2486.5,2486.5,2287.0,-0.2875119796658221,-0.04260616034953424,-3.760305650512774,-3.760305650512774,True,False,1628817160.0,619100.0,642500.0,0.963579766536965,652800.0,0.9483762254901961
7347,マーキュリアホールディングス,プライム（内国株式）,金融（除く銀行）,2026-10-07,400,True,810.0,812.0,806.0,806.0,802.0,810.0,802.0,810.0,806.0,800.72,781.2133333333334,800.84,-0.12000000000000455,down,53.75,37.17948717948718,56.14035087719298,892.0,820.0,785.0,0.0,0.659406534119289,-9.641255605381161,-1.7073170731707332,False,False,5514080.0,4000.0,5400.0,0.7407407407407407,4500.0,0.8888888888888888
7350,おきなわフィナンシャルグループ,プライム（内国株式）,銀行,2026-10-07,400,True,7960.0,8050.0,7740.0,7740.0,7900.0,8050.0,7830.0,8040.0,7880.0,7879.2,7382.4,7887.2,-8.0,down,-86.66666666666667,38.537851037851034,47.159090909090914,8380.0,8380.0,7480.0,-1.7766497461928932,-1.7666768199817162,-7.637231503579955,-7.637231503579955,True,False,618523600.0,81600.0,76600.0,1.0652741514360313,76500.0,1.0666666666666667
7366,ＬＩＴＡＬＩＣＯ,プライム（内国株式）,情報通信・サービスその他,2026-10-07,400,True,1989.0,1998.0,1960.0,1989.0,1983.0,2016.0,1983.0,1989.0,1966.4,1873.0,1750.5866666666666,1868.88,4.119999999999891,up,89.58333333333334,67.24664224664225,80.70866141732283,2016.0,2016.0,1734.0,1.149308380797387,6.193272824345963,-1.3392857142857095,-1.3392857142857095,False,False,184392720.0,60500.0,130400.0,0.4639570552147239,47100.0,1.2845010615711252
7380,十六フィナンシャルグループ,プライム（内国株式）,銀行,2026-10-07,400,True,2912.0,2940.0,2830.0,2849.0,2860.0,2936.0,2854.0,2936.0,2843.2,2715.92,2530.56,2706.64,9.2800000000002,up,-1.2499999999999956,79.12087912087912,61.78343949044586,2940.0,2940.0,2512.0,0.20399549803038486,4.899997054405136,-3.0952380952380953,-3.0952380952380953,False,False,1654219680.0,530900.0,564100.0,0.9411451870235774,369800.0,1.4356408869659276
7381,ＣＣＩグループ,プライム（内国株式）,銀行,2026-10-07,400,True,1371.0,1395.0,1330.0,1333.0,1353.0,1382.0,1331.0,1376.0,1344.2,1317.4,1186.8933333333334,1315.0,2.400000000000091,up,-52.91666666666666,84.81379731379731,53.55029585798816,1427.0,1427.0,1242.0,-0.8332093438476407,1.1841505996660118,-6.587245970567624,-6.587245970567624,False,False,598125800.0,476200.0,492800.0,0.966314935064935,404800.0,1.176383399209486
7383,ネットプロテクションズホールディングス,プライム（内国株式）,金融（除く銀行）,2026-10-07,400,True,383.0,383.0,368.0,369.0,380.0,386.0,375.0,378.0,374.4,391.72,402.5733333333333,395.16,-3.4399999999999977,down,-83.33333333333333,-80.78449328449328,42.30769230769231,940.0,415.0,368.0,-1.4423076923076872,-5.800061268252843,-60.74468085106383,-11.084337349397588,False,False,204910000.0,588700.0,493500.0,1.1929078014184398,677700.0,0.8686734543308249
7384,プロクレアホールディングス,プライム（内国株式）,銀行,2026-10-07,400,True,6030.0,6070.0,5800.0,5830.0,5930.0,6040.0,5790.0,6000.0,5768.0,5259.4,4501.533333333334,5212.2,47.19999999999982,up,66.66666666666667,97.16117216117216,70.80745341614907,6070.0,6070.0,4820.0,1.0748959778086098,10.849146290451394,-3.953871499176276,-3.953871499176276,False,False,1524875200.0,153500.0,179700.0,0.8542014468558708,112000.0,1.3705357142857142
7388,ＦＰパートナー,プライム（内国株式）,金融（除く銀行）,2026-10-07,400,True,2262.0,2280.0,2262.0,2272.0,2234.0,2267.0,2234.0,2264.0,2274.8,2315.76,2225.9733333333334,2318.44,-2.6799999999998363,down,-85.00000000000001,-28.434065934065945,41.52823920265781,2514.0,2360.0,2234.0,-0.12308774397750133,-1.8896604138598172,-9.626093874303898,-3.7288135593220306,False,False,83316380.0,17100.0,29300.0,0.5836177474402731,54300.0,0.3149171270718232
7389,あいちフィナンシャルグループ,プライム（内国株式）,銀行,2026-10-07,400,True,2021.0,2053.0,1990.0,1999.0,2005.0,2043.0,1994.0,2042.0,2022.2,1984.24,1753.3466666666666,1982.6,1.6400000000001,up,-81.66666666666667,71.10805860805861,54.054054054054056,2156.0,2156.0,1804.0,-1.1472653545643419,0.7438616296415734,-7.282003710575136,-7.282003710575136,False,False,2246919940.0,1034900.0,1019400.0,1.0152050225622915,1278800.0,0.809274319674695
7414,小野建,プライム（内国株式）,商社・卸売,2026-10-07,400,True,1368.0,1376.0,1361.0,1362.0,1361.0,1372.0,1361.0,1368.0,1373.6,1417.08,1407.1866666666667,1420.88,-3.800000000000182,down,-95.0,-77.85409035409035,31.543624161073826,1496.0,1448.0,1361.0,-0.844496214327306,-3.8868659496993807,-8.957219251336902,-5.939226519337016,False,False,76931080.0,58800.0,49800.0,1.180722891566265,48400.0,1.2148760330578512
7419,ノジマ,プライム（内国株式）,小売,2026-10-07,400,True,1240.0,1247.0,1229.0,1246.0,1231.0,1256.0,1223.0,1250.0,1238.2,1254.76,1311.2133333333334,1255.84,-1.0799999999999272,down,-35.41666666666667,-33.028083028083024,47.27272727272727,1607.0,1301.0,1209.0,0.6299466968179512,-0.6981414772546102,-22.46421904169259,-4.227517294388927,False,False,643547940.0,751100.0,468800.0,1.6021757679180888,419000.0,1.792601431980907
7421,カッパ・クリエイト,プライム（内国株式）,小売,2026-10-07,400,True,1450.0,1502.0,1449.0,1485.0,1468.0,1482.0,1444.0,1461.0,1485.2,1588.44,1556.3466666666666,1594.72,-6.279999999999973,down,-88.33333333333333,-56.92918192918193,27.430555555555557,1699.0,1640.0,1444.0,-0.0134661998384078,-6.512049558056965,-12.595644496762803,-9.45121951219512,False,False,246532500.0,151200.0,209100.0,0.7230989956958394,90000.0,1.68
7433,伯東,プライム（内国株式）,商社・卸売,2026-10-07,400,True,1867.0,1899.0,1858.0,1877.0,1875.0,1885.0,1846.0,1876.0,1870.6,1821.69333984375,1681.8533317057293,1816.8800048828125,4.813334960937482,up,-6.666666666666665,80.93711843711844,58.353134728840004,1933.0,1933.0,1713.3333740234375,0.34213621297980445,3.036002764383694,-2.8970512157268535,-2.8970512157268535,False,False,601552720.0,238400.0,218100.0,1.0930765703805594,185700.0,1.2837910608508347
7438,コンドーテック,プライム（内国株式）,商社・卸売,2026-10-07,400,True,1626.0,1633.0,1620.0,1620.0,1625.0,1641.0,1620.0,1636.0,1653.0,1723.48,1610.9733333333334,1726.12,-2.6399999999998727,down,-95.41666666666666,9.6001221001221,33.126934984520126,1820.0,1820.0,1620.0,-1.9963702359346636,-6.004131176456939,-10.989010989010994,-10.989010989010994,False,False,74286780.0,19400.0,35800.0,0.5418994413407822,34300.0,0.565597667638484
7447,ナガイレーベン,プライム（内国株式）,商社・卸売,2026-10-07,400,True,1700.0,1708.0,1678.0,1686.0,1682.0,1726.0,1682.0,1716.0,1684.8,1666.68,1718.8933333333334,1667.72,-1.0399999999999636,down,61.66666666666667,-37.301587301587304,58.26086956521739,2055.0,1726.0,1620.0,0.07122507122507837,1.1591907264741907,-17.956204379562045,-2.3174971031286185,False,False,381958620.0,125600.0,152600.0,0.8230668414154653,72500.0,1.7324137931034482
7453,良品計画,プライム（内国株式）,小売,2026-10-07,400,True,4422.0,4455.0,4367.0,4379.0,4340.0,4389.0,4297.0,4360.0,4303.8,4138.48,4085.76,4138.32,0.15999999999985448,up,96.66666666666667,-12.026862026862029,73.68421052631578,4625.0,4455.0,3861.0,1.7472930898275951,5.811795635112427,-5.318918918918913,-1.7059483726150404,False,False,12004120440.0,3296000.0,3033400.0,1.0865695259444847,2968300.0,1.1103998921941853
7456,松田産業,プライム（内国株式）,商社・卸売,2026-10-07,400,True,6750.0,6820.0,6640.0,6700.0,6740.0,6750.0,6650.0,6700.0,6724.0,6953.6,6347.066666666667,6978.4,-24.799999999999272,down,-63.74999999999999,-51.14468864468864,46.82080924855491,8860.0,7550.0,6640.0,-0.35693039857227493,-3.647031753336405,-24.379232505643344,-11.258278145695366,False,False,485779600.0,53800.0,51900.0,1.0366088631984585,122100.0,0.4406224406224406
7458,第一興商,プライム（内国株式）,商社・卸売,2026-10-07,400,True,1748.5,1758.5,1731.0,1737.0,1756.0,1762.5,1744.5,1750.5,1758.1,1842.6,1799.8866666666668,1848.84,-6.240000000000009,down,-98.33333333333334,-59.17277167277166,24.76894639556377,1919.0,1919.0,1731.0,-1.200159262840561,-5.731032237056333,-9.48410630536738,-9.48410630536738,False,False,461952820.0,380700.0,195700.0,1.9453244762391415,206900.0,1.8400193330111165
7459,メディパルホールディングス,プライム（内国株式）,商社・卸売,2026-10-07,400,True,2951.5,2972.0,2935.5,2941.5,2964.5,2965.0,2927.5,2956.5,2942.4,2950.22,2838.1466666666665,2947.9,2.319999999999709,up,-66.66666666666667,65.93406593406593,50.20435967302453,3182.0,3182.0,2861.0,-0.030587275693316762,-0.2955711777426706,-7.558139534883724,-7.558139534883724,True,False,1247117950.0,348000.0,325900.0,1.0678122123350722,727800.0,0.47815333882934874
7466,ＳＰＫ,プライム（内国株式）,商社・卸売,2026-10-07,400,True,1453.0,1462.0,1450.0,1450.0,1449.0,1465.0,1441.0,1456.0,1454.8,1456.36,1391.56,1456.52,-0.16000000000008185,down,-84.58333333333334,17.429792429792435,60.55555555555555,1511.0,1511.0,1405.0,-0.3299422601044766,-0.43670521025021003,-4.037061548643283,-4.037061548643283,True,False,40205400.0,16200.0,27700.0,0.5848375451263538,25800.0,0.627906976744186
7475,アルビス,プライム（内国株式）,小売,2026-10-07,400,True,3770.0,3775.0,3770.0,3770.0,3770.0,3775.0,3770.0,3770.0,3770.0,3382.0,2812.64,3332.8,49.19999999999982,up,87.5,79.71611721611723,50.0,3775.0,3775.0,2487.0,0.0,11.472501478415143,-0.13245033112583293,-0.13245033112583293,False,False,299488800.0,22700.0,58600.0,0.3873720136518771,16600.0,1.3674698795180722
7476,アズワン,プライム（内国株式）,商社・卸売,2026-10-07,400,True,2481.0,2498.0,2464.0,2478.0,2492.5,2500.0,2464.5,2492.0,2477.8,2494.92,2419.6466666666665,2496.48,-1.5599999999999454,down,-44.99999999999999,-10.637973137973145,42.06896551724138,2651.5,2562.0,2413.5,0.008071676487197976,-0.6781780578134833,-6.543465962662642,-3.2786885245901676,True,False,295105080.0,107500.0,126500.0,0.849802371541502,182400.0,0.5893640350877193
7482,シモジマ,プライム（内国株式）,商社・卸売,2026-10-07,400,True,1420.0,1428.0,1417.0,1422.0,1421.0,1438.0,1421.0,1430.0,1435.2,1501.72,1433.6133333333332,1506.52,-4.7999999999999545,down,-96.66666666666666,-80.78449328449328,29.949238578680205,1579.0,1549.0,1401.0,-0.9197324414715768,-5.308579495511811,-9.943001899936665,-8.198837959974181,False,False,45832020.0,24200.0,28500.0,0.8491228070175438,37200.0,0.6505376344086021
7483,ドウシシャ,プライム（内国株式）,商社・卸売,2026-10-07,400,True,2975.0,2992.0,2958.0,2978.0,2995.0,3010.0,2982.0,2988.0,2992.8,3054.16,2984.12,3055.84,-1.680000000000291,down,-92.5,-23.046398046398053,30.82706766917293,3755.0,3175.0,2958.0,-0.49452018176958656,-2.493648007962901,-20.69241011984021,-6.204724409448814,False,False,257777520.0,69800.0,73300.0,0.9522510231923602,60100.0,1.161397670549085
7504,高速,プライム（内国株式）,商社・卸売,2026-10-07,400,True,4355.0,4470.0,4350.0,4455.0,4450.0,4460.0,4350.0,4405.0,4482.0,4515.2,4207.933333333333,4528.0,-12.800000000000182,down,-25.416666666666664,-47.22222222222223,56.52173913043478,5200.0,4810.0,4225.0,-0.6024096385542133,-1.333274273564844,-14.326923076923082,-7.380457380457384,False,False,221729200.0,43600.0,60200.0,0.7242524916943521,46800.0,0.9316239316239316
7508,Ｇ‐７ホールディングス,プライム（内国株式）,小売,2026-10-07,400,True,1387.0,1387.0,1372.0,1372.0,1376.0,1392.0,1376.0,1387.0,1387.2,1422.8,1414.4266666666667,1425.72,-2.9200000000000728,down,-88.33333333333333,-44.82600732600732,27.058823529411764,1562.0,1463.0,1372.0,-1.0957324106113053,-3.57042451504076,-12.163892445582592,-6.2200956937799035,False,False,78400940.0,44400.0,34300.0,1.2944606413994169,44500.0,0.9977528089887641
7510,たけびし,プライム（内国株式）,商社・卸売,2026-10-07,400,True,2856.0,2947.0,2855.0,2905.0,2855.0,2899.0,2851.0,2887.0,2880.4,2781.32,2619.0133333333333,2774.92,6.400000000000091,up,21.666666666666668,63.79731379731379,71.27659574468085,2952.0,2947.0,2590.0,0.8540480488820945,4.446809428616616,-1.592140921409213,-1.4251781472684133,False,False,99567720.0,41400.0,29700.0,1.393939393939394,39100.0,1.0588235294117647
7513,コジマ,プライム（内国株式）,小売,2026-10-07,400,True,1460.0,1460.0,1420.0,1440.0,1463.0,1475.0,1455.0,1464.0,1453.0,1442.0,1381.5733333333333,1439.76,2.240000000000009,up,-72.08333333333334,67.07875457875458,47.19101123595505,1517.0,1499.0,1392.0,-0.8947006194081175,-0.1386962552011095,-5.07580751483191,-3.935957304869908,True,False,216636780.0,173900.0,130700.0,1.3305279265493497,228500.0,0.7610503282275711
7516,コーナン商事,プライム（内国株式）,小売,2026-10-07,400,True,4335.0,4390.0,4335.0,4365.0,4345.0,4365.0,4310.0,4340.0,4342.0,4465.2,4286.4,4467.4,-2.199999999999818,down,-83.74999999999999,-26.068376068376065,32.631578947368425,4650.0,4650.0,4280.0,0.5297098111469278,-2.2440204246170325,-6.129032258064515,-6.129032258064515,False,False,295131500.0,79500.0,43400.0,1.8317972350230414,60200.0,1.3205980066445182
7520,エコス,プライム（内国株式）,小売,2026-10-07,400,True,2450.0,2493.0,2450.0,2487.0,2500.0,2517.0,2452.0,2452.0,2501.6,2549.68,2468.786666666667,2552.8,-3.1200000000003456,down,-98.33333333333334,-31.349206349206348,29.77941176470588,3295.0,2621.0,2450.0,-0.5836264790534007,-2.4583477142229526,-24.522003034901363,-5.112552460892794,False,False,32835200.0,11600.0,13300.0,0.8721804511278195,14200.0,0.8169014084507042
7522,ワタミ,プライム（内国株式）,小売,2026-10-07,400,True,862.0,870.0,861.0,863.0,863.0,870.0,861.0,864.0,865.4,908.04,932.96,912.08,-4.040000000000077,down,-93.33333333333333,-97.68009768009769,21.686746987951807,1050.0,944.0,859.0,-0.277328403050614,-4.960133914805509,-17.80952380952381,-8.580508474576277,False,False,154251200.0,106300.0,147200.0,0.7221467391304348,145200.0,0.7320936639118457
7525,リックス,プライム（内国株式）,商社・卸売,2026-10-07,400,True,3515.0,3545.0,3495.0,3505.0,3525.0,3545.0,3480.0,3500.0,3525.0,3575.6,3586.9333333333334,3580.8,-5.200000000000273,down,-90.41666666666666,-57.7075702075702,45.45454545454545,3980.0,3665.0,3475.0,-0.5673758865248235,-1.974493791251819,-11.93467336683417,-4.365620736698494,False,False,38649800.0,11100.0,17000.0,0.6529411764705882,13600.0,0.8161764705882353
7532,パン・パシフィック・インターナショナルホールディングス,プライム（内国株式）,小売,2026-10-07,400,True,684.4000244140625,689.4000244140625,679.9000244140625,679.9000244140625,687.9000244140625,693.4000244140625,684.4000244140625,687.4000244140625,689.9200073242188,732.4519970703125,819.1880013020833,737.63599609375,-5.183999023437536,down,-83.33333333333333,-96.82539682539681,25.0228533461758,1067.0,786.7999877929688,679.0,-1.4523398080623418,-7.174800924353986,-36.27928543448336,-13.586675780050328,False,False,13421505609.86084,19131000.0,17216300.0,1.111214372426131,20649700.0,0.9264541373482423
7537,丸文,プライム（内国株式）,商社・卸売,2026-10-07,400,True,1925.0,1942.0,1911.0,1925.0,1914.0,1958.0,1907.0,1951.0,1920.2,1847.8,1764.1733333333334,1845.44,2.3599999999999,up,63.74999999999999,57.53968253968254,72.45179063360881,1958.0,1958.0,1710.0,0.249973961045713,4.177941335642399,-1.6853932584269704,-1.6853932584269704,False,False,212630140.0,89700.0,117000.0,0.7666666666666667,83000.0,1.080722891566265
7545,西松屋チェーン,プライム（内国株式）,小売,2026-10-07,400,True,1937.0,1948.0,1930.0,1931.0,1940.0,1951.0,1932.0,1937.0,1938.8,1966.48,1979.2933333333333,1969.88,-3.400000000000091,down,-75.0,-78.66300366300368,42.473118279569896,2281.0,2004.0,1870.0,-0.4023107076542187,-1.8042390464179658,-15.344147303814115,-3.6427145708582853,False,False,632853780.0,220800.0,210500.0,1.0489311163895487,190500.0,1.1590551181102362
7550,ゼンショーホールディングス,プライム（内国株式）,小売,2026-10-07,400,True,11115.0,11605.0,11105.0,11525.0,11165.0,11185.0,10955.0,11055.0,11110.0,11167.2,10184.866666666667,11186.2,-19.0,down,95.0,-70.02442002442002,50.89928057553957,12070.0,11920.0,10220.0,3.7353735373537367,3.204026076366495,-4.5153272576636265,-3.313758389261745,True,True,6098438900.0,755900.0,293000.0,2.579863481228669,451400.0,1.6745680106335845
7552,ハピネット,プライム（内国株式）,商社・卸売,2026-10-07,400,True,5080.0,5150.0,5000.0,5100.0,4900.0,5130.0,4825.0,5080.0,5022.0,4208.6,3545.213333333333,4154.8,53.80000000000018,up,56.25,85.80586080586082,81.72043010752688,5260.0,5260.0,3605.0,1.5531660692950977,21.18044005132347,-3.041825095057038,-3.041825095057038,False,False,1983776400.0,203300.0,380700.0,0.5340162857893355,174200.0,1.1670493685419059
7554,幸楽苑,プライム（内国株式）,小売,2026-10-07,400,True,1149.0,1162.0,1148.0,1160.0,1141.0,1150.0,1141.0,1150.0,1152.8,1172.52,1141.8133333333333,1174.12,-1.599999999999909,down,-48.75000000000001,-81.13553113553114,49.152542372881356,1249.0,1192.0,1138.0,0.6245662734212454,-1.0677856241258166,-7.125700560448356,-2.684563758389258,False,False,51081880.0,31300.0,52600.0,0.5950570342205324,52500.0,0.5961904761904762
7575,日本ライフライン,プライム（内国株式）,商社・卸売,2026-10-07,400,True,1464.0,1483.0,1462.0,1480.0,1485.0,1491.0,1466.0,1475.0,1489.6,1534.08,1461.8266666666666,1538.24,-4.160000000000082,down,-91.66666666666667,-58.73015873015872,33.16831683168317,1645.0,1586.0,1462.0,-0.6444683136412444,-3.5252398831873144,-10.030395136778115,-6.6834804539722565,False,False,317131300.0,113400.0,189000.0,0.6,164100.0,0.6910420475319927
7581,サイゼリヤ,プライム（内国株式）,小売,2026-10-07,400,True,6800.0,6830.0,6620.0,6650.0,6740.0,6790.0,6600.0,6780.0,6640.0,6749.2,6719.866666666667,6774.0,-24.800000000000182,down,91.66666666666666,-71.36752136752136,44.07894736842105,8420.0,7540.0,6220.0,0.1506024096385561,-1.469803828601901,-21.02137767220903,-11.803713527851457,True,False,2809221800.0,505400.0,395600.0,1.2775530839231548,468800.0,1.0780716723549488
7593,ＶＴホールディングス,プライム（内国株式）,小売,2026-10-07,400,True,500.0,509.0,500.0,506.0,504.0,508.0,502.0,506.0,509.2,522.84,497.46666666666664,523.96,-1.1200000000000045,down,-82.08333333333333,-80.41819291819291,40.625,575.0,539.0,500.0,-0.628436763550666,-3.2208706296381395,-12.0,-6.122448979591832,False,False,218069560.0,327300.0,435300.0,0.7518952446588559,379800.0,0.8617693522906793
7595,アルゴグラフィックス,プライム（内国株式）,情報通信・サービスその他,2026-10-07,400,True,1224.0,1235.0,1224.0,1226.0,1220.0,1235.0,1219.0,1228.0,1220.0,1267.76,1282.36,1272.6,-4.839999999999918,down,-72.08333333333334,-82.37179487179486,38.028169014084504,1709.0,1310.0,1200.0,0.4918032786885185,-3.2939988641383255,-28.26214160327677,-6.412213740458017,False,False,281948660.0,205700.0,217100.0,0.9474896361123906,130800.0,1.5726299694189603
7596,魚力,プライム（内国株式）,小売,2026-10-07,400,True,2113.0,2121.0,2110.0,2110.0,2129.0,2139.0,2112.0,2112.0,2157.8,2291.84,2294.16,2302.64,-10.799999999999727,down,-95.0,-77.24358974358974,9.574468085106384,2577.0,2357.0,2110.0,-2.2152192047455777,-7.934236246858428,-18.12184710904152,-10.479422995333055,False,False,69976000.0,35300.0,38300.0,0.9216710182767625,32300.0,1.0928792569659442
7599,ＩＤＯＭ,プライム（内国株式）,商社・卸売,2026-10-07,400,True,1162.0,1162.0,1147.0,1153.0,1156.0,1171.0,1147.0,1165.0,1156.2,1208.88,1287.1866666666667,1212.68,-3.7999999999999545,down,-81.66666666666667,-92.58241758241759,29.13907284768212,1567.0,1258.0,1145.0,-0.2767687251340689,-4.622460459268096,-26.419910657306957,-8.346581875993643,False,False,925792500.0,709800.0,823300.0,0.8621401676181222,482900.0,1.469869538206668
7600,日本エム・ディ・エム,プライム（内国株式）,電機・精密,2026-10-07,400,True,635.0,635.0,622.0,628.0,634.0,639.0,621.0,636.0,626.4,652.64,812.24,659.8,-7.159999999999968,down,-59.58333333333334,-57.234432234432234,42.168674698795186,1005.0,686.0,603.0,0.25542784163474774,-3.7754351556754107,-37.51243781094528,-8.45481049562682,False,False,115040640.0,85800.0,116400.0,0.7371134020618557,297900.0,0.2880161127895267
7606,ユナイテッドアローズ,プライム（内国株式）,小売,2026-10-07,400,True,2392.0,2428.0,2387.0,2419.0,2391.0,2419.0,2391.0,2399.0,2403.6,2389.48,2442.7466666666664,2391.64,-2.1599999999998545,down,3.3333333333333326,-2.8846153846153744,58.520900321543415,2756.0,2457.0,2285.0,0.6407056082542884,1.2354152367879179,-12.227866473149495,-1.5466015466015448,True,True,477036200.0,185700.0,153100.0,1.2129327237099934,210900.0,0.8805120910384068
7607,進和,プライム（内国株式）,商社・卸売,2026-10-07,400,True,3015.0,3020.0,3000.0,3000.0,3005.0,3025.0,3000.0,3015.0,3015.0,3032.64,3117.6133333333332,3034.84,-2.200000000000273,down,-85.83333333333334,-29.792429792429797,50.0,3465.0,3085.0,2942.0,-0.497512437810943,-1.076289965178845,-13.41991341991342,-2.7552674230145846,False,False,61247700.0,12900.0,19300.0,0.6683937823834197,22100.0,0.583710407239819
7609,ダイトロン,プライム（内国株式）,商社・卸売,2026-10-07,400,True,4490.0,4750.0,4480.0,4710.0,4480.0,4565.0,4445.0,4550.0,4498.0,4126.4,3918.6,4097.6,28.799999999999272,up,87.91666666666667,73.50427350427351,86.8995633187773,4910.0,4750.0,3775.0,4.713205869275239,14.143078712679348,-4.073319755600813,-0.8421052631578996,False,False,468770600.0,168100.0,60100.0,2.7970049916805326,77400.0,2.1718346253229974
7611,ハイデイ日高,プライム（内国株式）,小売,2026-10-07,400,True,2926.0,2975.0,2913.0,2972.0,2946.0,2958.0,2904.0,2925.0,2947.0,2967.92,2841.76,2968.84,-0.9200000000000728,down,88.33333333333333,-74.2979242979243,45.45454545454545,3760.0,3060.0,2826.0,0.8483203257550143,0.13747001266879444,-20.95744680851064,-2.875816993464053,True,True,811181500.0,177100.0,200100.0,0.8850574712643678,127100.0,1.3933910306845003
7613,シークス,プライム（内国株式）,商社・卸売,2026-10-07,400,True,1664.0,1664.0,1623.0,1644.0,1630.0,1672.0,1609.0,1672.0,1634.6,1585.04,1493.16,1585.08,-0.03999999999996362,down,66.66666666666667,15.873015873015872,75.95419847328245,1693.0,1672.0,1446.0,0.5750642358987035,3.7197799424620204,-2.8942705256940315,-1.674641148325362,False,False,281915960.0,173800.0,221000.0,0.7864253393665158,246000.0,0.7065040650406504
7616,コロワイド,プライム（内国株式）,小売,2026-10-07,400,True,1970.0,2027.0,1970.0,2017.0,1995.5,2008.5,1944.0,1967.5,1997.0,2040.16,1983.52,2045.2,-5.039999999999964,down,9.583333333333332,-87.01159951159951,46.65792922673656,2168.0,2108.5,1944.0,1.001502253380071,-1.1352050819543602,-6.964944649446492,-4.339577898980318,False,False,999065670.0,532600.0,464400.0,1.1468561584840655,360600.0,1.4769828064337216
7628,オーハシテクニカ,プライム（内国株式）,商社・卸売,2026-10-07,400,True,1135.0,1145.0,1127.0,1127.0,1138.0,1151.0,1136.0,1141.0,1139.0,1158.76,1155.24,1161.68,-2.9200000000000728,down,-69.16666666666667,-57.967032967032964,46.54377880184332,1294.0,1190.0,1102.0,-1.0535557506584747,-2.740860920294108,-12.905718701700152,-5.294117647058827,False,False,49195360.0,22300.0,25200.0,0.8849206349206349,24300.0,0.9176954732510288
7630,壱番屋,プライム（内国株式）,小売,2026-10-07,400,True,1046.0,1046.0,1021.0,1026.0,1075.0,1084.0,1042.0,1051.0,1077.6,1090.32,971.3066666666666,1086.92,3.3999999999998636,up,-53.33333333333334,17.62820512820513,32.450331125827816,1191.0,1160.0,1021.0,-4.788418708240528,-5.899185560202502,-13.85390428211587,-11.55172413793103,False,False,735224520.0,673900.0,1284200.0,0.5247624980532627,817400.0,0.824443356985564
7637,白銅,プライム（内国株式）,商社・卸売,2026-10-07,400,True,3520.0,3580.0,3505.0,3525.0,3525.0,3565.0,3525.0,3550.0,3542.0,3588.0,3554.0666666666666,3597.2,-9.199999999999818,down,-85.00000000000001,-54.761904761904766,66.38655462184873,4085.0,3740.0,3305.0,-0.47995482778091514,-1.755852842809369,-13.708690330477358,-5.748663101604279,False,False,76754000.0,30500.0,16500.0,1.8484848484848484,20900.0,1.4593301435406698
7649,スギホールディングス,プライム（内国株式）,小売,2026-10-07,400,True,1244.5,1248.5,1231.0,1242.5,1240.0,1246.5,1226.0,1228.0,1239.4,1275.58,1401.3033333333333,1278.72,-3.1400000000001,down,-66.66666666666667,-90.78144078144079,38.297872340425535,1991.0,1324.0,1223.0,0.25012102630304067,-2.5933300929773084,-37.59417378201909,-6.155589123867067,False,False,2141134570.0,1690600.0,1364600.0,1.2388978455224975,1599800.0,1.0567570946368297
7679,薬王堂ホールディングス,プライム（内国株式）,小売,2026-10-07,400,True,1564.0,1582.0,1540.0,1540.0,1537.0,1575.0,1537.0,1560.0,1572.2,1626.52,1677.0133333333333,1631.72,-5.2000000000000455,down,-98.33333333333334,-72.35958485958487,16.352201257861633,2332.0,1667.0,1537.0,-2.048085485307216,-5.319332070924432,-33.9622641509434,-7.618476304739053,False,False,150926720.0,104100.0,116400.0,0.8943298969072165,55800.0,1.8655913978494623
7683,ダブルエー,プライム（内国株式）,小売,2026-10-07,400,True,1403.0,1409.0,1402.0,1407.0,1400.0,1406.0,1400.0,1403.0,1405.4,1409.56,1410.1066666666666,1410.08,-0.5199999999999818,down,-78.33333333333334,-5.921855921855923,50.0,1463.0,1423.0,1390.0,0.11384659171764788,-0.18161695848349924,-3.8277511961722466,-1.124385101897396,False,False,33627740.0,8600.0,10700.0,0.8037383177570093,14900.0,0.5771812080536913
7701,島津製作所,プライム（内国株式）,電機・精密,2026-10-07,400,True,4151.0,4221.0,4138.0,4214.0,4044.0,4145.0,4008.0,4117.0,4050.2,3932.44,4036.0933333333332,3929.08,3.3600000000001273,up,38.33333333333333,17.5976800976801,71.71129220023282,4540.0,4221.0,3675.0,4.044244728655388,7.159931238620287,-7.180616740088109,-0.16583747927031434,False,False,5780765120.0,1895200.0,1625000.0,1.166276923076923,894700.0,2.1182519280205656
7715,長野計器,プライム（内国株式）,電機・精密,2026-10-07,400,True,4515.0,4555.0,4425.0,4510.0,4540.0,4540.0,4410.0,4490.0,4467.0,4105.8,4072.6666666666665,4085.6,20.200000000000273,up,91.66666666666666,63.156288156288156,84.46601941747572,4845.0,4585.0,3645.0,0.9626147302440158,9.844610063812166,-6.914344685242513,-1.6357688113413316,False,False,389107100.0,75300.0,77100.0,0.9766536964980544,70000.0,1.0757142857142856
7717,ブイ・テクノロジー,プライム（内国株式）,電機・精密,2026-10-07,400,True,6870.0,7010.0,6750.0,6920.0,6920.0,6990.0,6850.0,6960.0,6790.0,5944.0,6410.466666666666,5890.4,53.600000000000364,up,88.33333333333333,80.8913308913309,89.23076923076924,10180.0,7020.0,5240.0,1.9145802650957222,16.419919246298797,-32.02357563850688,-1.4245014245014231,False,False,1695126000.0,225400.0,187000.0,1.2053475935828877,158300.0,1.4238787113076437
7721,東京計器,プライム（内国株式）,電機・精密,2026-10-07,400,True,7330.0,7670.0,7280.0,7360.0,7450.0,7480.0,7240.0,7330.0,7394.0,7134.0,6907.866666666667,7137.6,-3.600000000000364,down,-30.41666666666667,32.11233211233211,68.75,9540.0,7690.0,6250.0,-0.45983229645658596,3.167928231006445,-22.851153039832283,-4.29128738621587,False,False,1888317000.0,297500.0,194700.0,1.5279917822290703,248000.0,1.1995967741935485
7723,愛知時計電機,プライム（内国株式）,電機・精密,2026-10-07,400,True,2863.0,2869.0,2841.0,2858.0,2836.0,2878.0,2836.0,2863.0,2865.6,2872.52,2913.5333333333333,2875.08,-2.5599999999999454,down,-51.66666666666666,-23.550061050061053,49.275362318840585,3340.0,2914.0,2799.0,-0.2652149637074275,-0.5054795092810482,-14.431137724550902,-1.9217570350034352,False,False,51476520.0,9600.0,20900.0,0.45933014354066987,25100.0,0.38247011952191234
7725,インターアクション,プライム（内国株式）,電機・精密,2026-10-07,400,True,1838.0,1838.0,1770.0,1816.0,1841.0,1860.0,1820.0,1835.0,1830.0,1769.72,1801.4933333333333,1770.2,-0.4800000000000182,down,36.66666666666667,38.827838827838825,68.52300242130751,2288.0,1889.0,1639.0,-0.7650273224043769,2.6151029541396253,-20.629370629370626,-3.8644785600847054,False,False,149850380.0,78600.0,61900.0,1.2697899838449112,60700.0,1.2948929159802307
7729,東京精密,プライム（内国株式）,電機・精密,2026-10-07,400,True,20210.0,20635.0,19865.0,20410.0,19930.0,20500.0,19850.0,20445.0,19971.0,17674.0,18118.2,17577.2,96.79999999999927,up,96.66666666666667,46.76434676434676,86.71808054841473,21310.0,20635.0,15540.0,2.1981873716889533,15.480366640262533,-4.223369310183012,-1.090380421613768,False,False,6516450300.0,267100.0,260500.0,1.0253358925143954,197500.0,1.3524050632911393
7730,マニー,プライム（内国株式）,電機・精密,2026-10-07,400,True,1478.0,1489.0,1475.0,1481.0,1467.0,1482.0,1462.0,1479.0,1466.0,1471.0,1575.1333333333334,1474.84,-3.839999999999918,down,34.166666666666664,-39.01098901098901,65.18518518518519,1955.0,1503.0,1400.0,1.023192360163705,0.679809653297081,-24.245524296675192,-1.4637391882900919,False,False,387296160.0,226600.0,206800.0,1.0957446808510638,181900.0,1.245739417262232
7731,ニコン,プライム（内国株式）,電機・精密,2026-10-07,400,True,1940.0,1951.5,1910.5,1910.5,1920.0,1945.5,1896.5,1940.0,1925.5,1843.22,2013.7666666666667,1844.48,-1.259999999999991,down,60.0,-0.06105006105006083,74.36208991494532,2390.0,1968.0,1660.5,-0.779018436769674,3.650134004622352,-20.06276150627615,-2.921747967479671,False,False,2856120500.0,949200.0,1357300.0,0.6993295513151109,2020000.0,0.4699009900990099
7733,オリンパス,プライム（内国株式）,電機・精密,2026-10-07,400,True,1991.0,2012.5,1986.5,2000.0,1980.5,2022.5,1971.0,2010.0,1986.3,2009.6,1908.2066666666667,2015.56,-5.960000000000036,down,-76.66666666666666,-47.75641025641026,52.64150943396226,2210.5,2064.5,1892.0,0.6897246136031931,-0.4777070063694211,-9.522732413481116,-3.1242431581496755,True,False,8004642890.0,2932100.0,4256800.0,0.688803796278895,4332400.0,0.6767842304496353
7734,理研計器,プライム（内国株式）,電機・精密,2026-10-07,400,True,3670.0,3690.0,3610.0,3665.0,3615.0,3675.0,3595.0,3665.0,3606.0,3470.4,3480.0666666666666,3458.0,12.400000000000091,up,57.91666666666666,85.11904761904762,73.55371900826447,3930.0,3690.0,3255.0,1.636161952301718,5.60742277547257,-6.743002544529264,-0.6775067750677488,False,False,425515400.0,78000.0,117600.0,0.6632653061224489,77900.0,1.0012836970474968
7735,ＳＣＲＥＥＮホールディングス,プライム（内国株式）,電機・精密,2026-10-07,400,True,16100.0,16130.0,15725.0,15915.0,15850.0,16230.0,15660.0,16230.0,15797.0,13696.2,14879.666666666666,13608.2,88.0,up,96.66666666666667,49.81684981684982,85.34322820037106,19770.0,16230.0,11660.0,0.7469772741659719,16.20011390020588,-19.499241274658573,-1.9408502772643277,False,False,31016221000.0,1587400.0,1813000.0,0.875565361279647,1576000.0,1.007233502538071
7740,タムロン,プライム（内国株式）,電機・精密,2026-10-07,400,True,1475.0,1565.0,1469.0,1550.0,1437.0,1486.0,1428.0,1481.0,1442.4,1373.56,1297.56,1366.56,7.0,up,86.66666666666667,8.623321123321126,90.14598540145985,1565.0,1565.0,1321.0,7.45978924015529,12.845452692274083,-0.9584664536741228,-0.9584664536741228,False,False,1277323860.0,1346500.0,1263500.0,1.0656905421448357,568500.0,2.3685136323658753
7741,ＨＯＹＡ,プライム（内国株式）,電機・精密,2026-10-07,400,True,25350.0,25365.0,25060.0,25135.0,24855.0,25400.0,24630.0,25300.0,24701.0,23678.0,24881.866666666665,23648.8,29.200000000000728,up,88.33333333333333,-5.067155067155071,80.15607580824971,30400.0,25400.0,22165.0,1.7570138860774964,6.15339133372752,-17.319078947368418,-1.0433070866141758,False,False,29255832500.0,949700.0,1309000.0,0.7255156608097785,985000.0,0.9641624365482233
7744,ノーリツ鋼機,プライム（内国株式）,電機・精密,2026-10-07,400,True,1996.0,2021.0,1992.0,2020.0,1972.0,1997.0,1968.0,1991.0,1991.4,2007.84,2016.8533333333332,2007.64,0.1999999999998181,up,-53.33333333333334,-29.380341880341888,60.256410256410255,2360.0,2078.0,1907.0,1.436175554885999,0.6056259462905444,-14.406779661016945,-2.791145332050049,True,True,464123460.0,273600.0,197500.0,1.3853164556962025,225600.0,1.2127659574468086
7745,Ａ＆Ｄホロンホールディングス,プライム（内国株式）,電機・精密,2026-10-07,400,True,2965.0,3015.0,2951.0,2965.0,3010.0,3010.0,2964.0,2992.0,2976.4,2893.76,2895.653333333333,2890.84,2.9200000000000728,up,3.749999999999998,64.23992673992673,63.62126245847176,3410.0,3050.0,2727.0,-0.38301303588227364,2.4618489439345304,-13.049853372434017,-2.786885245901638,False,False,236064200.0,80100.0,61500.0,1.302439024390244,90400.0,0.8860619469026548
7747,朝日インテック,プライム（内国株式）,電機・精密,2026-10-07,400,True,3452.0,3466.0,3412.0,3458.0,3399.0,3467.0,3360.0,3459.0,3388.0,3384.6,3603.2266666666665,3398.68,-14.079999999999927,down,50.416666666666664,-36.00427350427351,67.81411359724613,4282.0,3520.0,3130.0,2.066115702479343,2.168646221119186,-19.243344231667447,-1.7613636363636331,False,False,4668284580.0,1359800.0,1506500.0,0.9026219714570196,2172500.0,0.6259148446490219
7751,キヤノン,プライム（内国株式）,電機・精密,2026-10-07,400,True,4621.0,4657.0,4607.0,4619.0,4651.0,4663.0,4607.0,4643.0,4634.4,4550.68,4477.386666666666,4553.36,-2.6799999999993815,down,59.583333333333336,-15.216727716727707,66.28131021194605,5033.0,4703.0,4289.0,-0.3322976005523781,1.5013140893229027,-8.225710311941192,-1.7860939825643185,False,False,13581166340.0,2317500.0,2532300.0,0.9151759270228645,3045600.0,0.7609338061465721
7752,リコー,プライム（内国株式）,電機・精密,2026-10-07,400,True,1677.5,1685.5,1664.5,1670.5,1670.0,1691.0,1655.5,1681.0,1667.9,1652.58,1583.3533333333332,1653.56,-0.9800000000000182,down,17.91666666666667,-28.83089133089134,61.81818181818181,1747.5,1699.0,1530.0,0.1558846453624252,1.084365053431613,-4.40629470672389,-1.677457327839904,False,False,3257700930.0,2018100.0,1716500.0,1.1757063792601223,1647000.0,1.2253187613843353
7762,シチズン時計,プライム（内国株式）,電機・精密,2026-10-07,400,True,2471.0,2480.0,2423.0,2431.0,2462.0,2497.0,2434.0,2488.0,2441.2,2436.6,2416.5733333333333,2448.96,-12.360000000000127,down,61.66666666666667,-34.004884004884,64.73880597014924,2920.0,2667.0,2143.0,-0.41782729805013297,-0.229828449478775,-16.746575342465754,-8.848893888263964,True,False,2921491680.0,1103100.0,955000.0,1.1550785340314136,2073500.0,0.5319990354473113
7769,リズム,プライム（内国株式）,電機・精密,2026-10-07,400,True,3780.0,3790.0,3770.0,3780.0,3770.0,3790.0,3770.0,3785.0,3787.0,3845.2,3868.4,3854.2,-9.0,down,-60.41666666666667,-75.94627594627595,44.927536231884055,4365.0,3920.0,3735.0,-0.1848428835489857,-1.6956205138874414,-13.4020618556701,-3.57142857142857,False,False,54252100.0,10300.0,10100.0,1.0198019801980198,20200.0,0.5099009900990099
7780,メニコン,プライム（内国株式）,電機・精密,2026-10-07,400,True,1770.0,1822.0,1762.0,1822.0,1802.0,1841.0,1798.0,1800.0,1795.0,1785.72,1776.12,1789.88,-4.160000000000082,down,83.33333333333334,-40.27777777777777,73.17073170731707,2086.0,1868.0,1648.0,1.5041782729805053,2.0316734986447926,-12.655800575263665,-2.4625267665952855,True,True,497591760.0,165700.0,196200.0,0.8445463812436289,306800.0,0.5400912646675359
7818,トランザクション,プライム（内国株式）,情報通信・サービスその他,2026-10-07,400,True,1200.0,1211.0,1188.0,1201.0,1175.0,1196.0,1168.0,1183.0,1186.6,1186.92,1252.1733333333334,1186.76,0.16000000000008185,up,-68.33333333333333,34.87484737484737,52.46913580246913,1438.0,1255.0,1135.0,1.213551323108053,1.1862636066457766,-16.48122392211405,-4.302788844621519,False,False,118438080.0,133500.0,96100.0,1.3891779396462018,110900.0,1.2037871956717763
7820,ニホンフラッシュ,プライム（内国株式）,情報通信・サービスその他,2026-10-07,400,True,675.0,675.0,665.0,668.0,676.0,680.0,674.0,675.0,679.0,700.92,711.2133333333334,702.64,-1.7200000000000273,down,-96.66666666666666,-57.14285714285714,25.37313432835821,870.0,718.0,665.0,-1.6200294550810068,-4.696684357701297,-23.2183908045977,-6.963788300835649,False,False,45522960.0,92200.0,51800.0,1.77992277992278,35800.0,2.5754189944134076
7821,前田工繊,プライム（内国株式）,情報通信・サービスその他,2026-10-07,400,True,1947.0,1967.0,1943.0,1967.0,1929.0,1951.0,1927.0,1951.0,1948.2,1965.48,1924.9333333333334,1969.0,-3.519999999999982,down,-3.750000000000009,-52.93040293040292,58.46774193548387,2241.0,2005.0,1893.0,0.9649933271737909,0.07733479862426229,-12.226684515841146,-1.895261845386531,True,True,328702960.0,121600.0,171800.0,0.7077997671711292,110200.0,1.103448275862069
7826,フルヤ金属,プライム（内国株式）,情報通信・サービスその他,2026-10-07,400,True,11740.0,11890.0,11670.0,11790.0,11660.0,12010.0,11560.0,11880.0,11808.0,10827.6,8803.6,10714.8,112.80000000000109,up,70.0,85.48534798534799,65.38461538461539,12380.0,12380.0,9830.0,-0.1524390243902385,8.888396320514236,-4.765751211631663,-4.765751211631663,False,False,4055308200.0,186700.0,239000.0,0.7811715481171548,707700.0,0.26381234986576235
7832,バンダイナムコホールディングス,プライム（内国株式）,情報通信・サービスその他,2026-10-07,400,True,5722.0,5783.0,5634.0,5639.0,5725.0,5765.0,5701.0,5714.0,5712.0,5574.24,4865.0,5576.16,-1.9200000000000728,down,48.33333333333333,19.9023199023199,51.203501094091905,5850.0,5843.0,5161.0,-1.2780112044817882,1.1617727259680244,-3.6068376068376096,-3.4913571795310627,False,False,11206237760.0,2297800.0,1471700.0,1.5613236393286676,2312200.0,0.9937721650376266
7839,ＳＨＯＥＩ,プライム（内国株式）,情報通信・サービスその他,2026-10-07,400,True,2252.0,2255.0,2193.0,2219.0,2215.0,2259.0,2207.0,2259.0,2199.2,2116.96,1988.9066666666668,2112.72,4.2400000000002365,up,72.91666666666667,59.08119658119658,67.42081447963801,2259.0,2259.0,2030.0,0.9003273917788324,4.820119416521806,-1.770694997786626,-1.770694997786626,False,False,471648540.0,242900.0,220800.0,1.100090579710145,207300.0,1.171731789676797
7840,フランスベッドホールディングス,プライム（内国株式）,情報通信・サービスその他,2026-10-07,400,True,1279.0,1288.0,1279.0,1285.0,1283.0,1289.0,1283.0,1286.0,1282.2,1296.08,1271.7733333333333,1296.88,-0.8000000000001819,down,-19.58333333333333,-50.03052503052503,44.26229508196721,1392.0,1315.0,1259.0,0.21837466853844578,-0.8548855008949974,-7.686781609195403,-2.281368821292773,False,False,44424880.0,19100.0,23100.0,0.8268398268398268,32700.0,0.5840978593272171
7844,マーベラス,プライム（内国株式）,情報通信・サービスその他,2026-10-07,400,True,514.0,514.0,507.0,508.0,519.0,524.0,516.0,516.0,520.0,525.08,483.04,525.4,-0.31999999999993634,down,-98.75,21.42857142857143,40.625,620.0,546.0,498.0,-2.3076923076923106,-3.252837662832342,-18.06451612903226,-6.959706959706957,False,False,60482540.0,79600.0,105600.0,0.7537878787878788,136300.0,0.5840058694057226
7846,パイロットコーポレーション,プライム（内国株式）,情報通信・サービスその他,2026-10-07,400,True,2120.0,2140.0,2105.0,2119.0,2124.0,2146.0,2106.0,2138.5,2115.5,2104.52,1916.604443359375,2102.62,1.900000000000091,up,-30.000000000000004,28.89194139194139,55.57692307692308,2170.0,2170.0,1976.0,0.1654455211533845,0.6880428791363302,-2.350230414746546,-2.350230414746546,False,False,583671910.0,312400.0,215600.0,1.4489795918367347,482300.0,0.6477296288617044
7856,萩原工業,プライム（内国株式）,情報通信・サービスその他,2026-10-07,400,True,2042.0,2046.0,2013.0,2023.0,2021.0,2049.0,2021.0,2037.0,2037.2,1994.76,1861.0666666666666,1990.04,4.720000000000027,up,-73.33333333333334,84.2948717948718,51.29032258064517,2110.0,2110.0,1876.0,-0.6970351462792124,1.4157091579939385,-4.12322274881517,-4.12322274881517,False,False,249180620.0,102500.0,90400.0,1.133849557522124,47200.0,2.1716101694915255
7860,エイベックス,プライム（内国株式）,情報通信・サービスその他,2026-10-07,400,True,1219.0,1232.0,1214.0,1229.0,1217.0,1232.0,1217.0,1227.0,1220.6,1255.2,1252.24,1257.56,-2.3599999999999,down,-32.08333333333333,-77.8083028083028,31.25,1361.0,1291.0,1204.0,0.6881861379649523,-2.087316762268965,-9.698750918442322,-4.802478698683188,False,False,192979320.0,155900.0,101200.0,1.540513833992095,84700.0,1.8406139315230223
7864,フジシールインターナショナル,プライム（内国株式）,情報通信・サービスその他,2026-10-07,400,True,3455.0,3480.0,3410.0,3420.0,3375.0,3405.0,3360.0,3390.0,3364.0,3324.2,3148.8133333333335,3320.4,3.799999999999727,up,28.749999999999996,48.93162393162393,64.21052631578948,3480.0,3480.0,3170.0,1.6646848989298357,2.881896396125394,-1.7241379310344862,-1.7241379310344862,False,False,609706200.0,340000.0,150100.0,2.2651565622918053,100000.0,3.4
7867,タカラトミー,プライム（内国株式）,情報通信・サービスその他,2026-10-07,400,True,4250.0,4267.0,4111.0,4173.0,4189.0,4215.0,4152.0,4214.0,4193.4,3905.44,3594.4933333333333,3887.6,17.840000000000146,up,51.66666666666666,82.46336996336996,79.40663176265271,4267.0,4267.0,3466.0,-0.4864787523250702,6.850956614363546,-2.2029528943051324,-2.2029528943051324,False,False,2725533820.0,744200.0,600600.0,1.239094239094239,406500.0,1.830750307503075
7868,広済堂ホールディングス,プライム（内国株式）,情報通信・サービスその他,2026-10-07,400,True,523.0,536.0,522.0,534.0,522.0,528.0,520.0,523.0,528.6,535.08,537.5066666666667,535.96,-0.8799999999999955,down,-75.0,-51.4041514041514,61.1764705882353,753.0,562.0,504.0,1.0215664018161208,-0.2018389773491891,-29.083665338645414,-4.982206405693946,True,False,242630300.0,271300.0,249700.0,1.0865038045654787,158300.0,1.7138344914718888
7874,レック,プライム（内国株式）,素材・化学,2026-10-07,400,True,953.0,959.0,951.0,959.0,955.0,963.0,955.0,955.0,960.6,961.16,957.16,961.16,0.0,flat,-33.74999999999999,11.050061050061055,48.62385321100918,1248.0,983.0,925.0,-0.16656256506349942,-0.22472845311914957,-23.157051282051277,-2.4415055951169884,False,False,56213900.0,55000.0,52000.0,1.0576923076923077,66900.0,0.8221225710014948
7888,三光合成,プライム（内国株式）,素材・化学,2026-10-07,400,True,918.0,926.0,911.0,911.0,910.0,925.0,905.0,922.0,912.4,898.08,877.8933333333333,898.04,0.04000000000007731,up,19.999999999999996,28.06776556776557,65.85365853658537,1088.0,932.0,843.0,-0.1534414730381406,1.4386246214145748,-16.26838235294118,-2.2532188841201672,False,False,87818680.0,100600.0,103500.0,0.9719806763285024,92900.0,1.0828848223896663
7893,プロネクサス,プライム（内国株式）,情報通信・サービスその他,2026-10-07,400,True,1045.0,1048.0,1041.0,1041.0,1050.0,1053.0,1047.0,1048.0,1053.4,1095.08,1117.5466666666666,1099.2,-4.120000000000118,down,-93.33333333333333,-77.36568986568986,32.23684210526316,1221.0,1125.0,1041.0,-1.1771406872982837,-4.938451985243086,-14.742014742014742,-7.466666666666666,False,False,48655160.0,40400.0,35000.0,1.1542857142857144,58600.0,0.689419795221843
7911,ＴＯＰＰＡＮホールディングス,プライム（内国株式）,情報通信・サービスその他,2026-10-07,400,True,2488.0,2505.0,2442.0,2452.5,2460.0,2467.0,2402.0,2438.0,2432.3,2438.02,2461.0733333333333,2440.3,-2.2800000000002,down,26.66666666666667,-54.929792429792435,60.89803554724041,2964.0,2634.0,2292.0,0.8304896599925948,0.5939245781412694,-17.25708502024291,-6.890660592255127,False,False,6633348930.0,2412300.0,2712100.0,0.8894583533055566,3272400.0,0.7371653832049871
7912,大日本印刷,プライム（内国株式）,情報通信・サービスその他,2026-10-07,400,True,3039.0,3062.0,2971.5,2971.5,3055.0,3065.0,2995.0,3045.0,3007.4,3017.88,3053.02,3022.74,-4.859999999999673,down,26.66666666666667,-74.87789987789988,46.43249176728869,3364.0,3125.0,2894.0,-1.1937221520250119,-1.5368404310310613,-11.667657550535083,-4.912000000000005,True,False,5020233250.0,1641800.0,1747700.0,0.9394060765577616,1212200.0,1.3543969641973272
7914,共同印刷,プライム（内国株式）,情報通信・サービスその他,2026-10-07,400,True,1694.0,1694.0,1666.0,1667.0,1690.0,1694.0,1677.0,1686.0,1690.2,1738.36,1675.6666666666667,1741.88,-3.520000000000209,down,-93.75,-37.89682539682539,30.630630630630627,1800.0,1800.0,1666.0,-1.3726186250147987,-4.105018523205772,-7.388888888888889,-7.388888888888889,False,False,93233380.0,62900.0,45000.0,1.3977777777777778,64300.0,0.9782270606531882
7915,ＮＩＳＳＨＡ,プライム（内国株式）,情報通信・サービスその他,2026-10-07,400,True,1095.0,1107.0,1086.0,1105.0,1074.0,1109.0,1072.0,1100.0,1084.8,1177.76,1281.56,1185.36,-7.599999999999909,down,-70.0,-84.43223443223444,38.38028169014084,1710.0,1230.0,1025.0,1.862094395280245,-6.177829099307164,-35.380116959064324,-10.162601626016265,False,False,1041607200.0,710200.0,577100.0,1.230635938312251,244300.0,2.9070814572247237
7917,ＺＡＣＲＯＳ,プライム（内国株式）,素材・化学,2026-10-07,400,True,1212.0,1224.0,1212.0,1217.0,1219.0,1224.0,1210.0,1219.0,1214.2,1239.84,1304.0933333333332,1242.36,-2.519999999999982,down,-87.5,-70.66544566544566,49.411764705882355,1548.0,1270.0,1193.0,0.23060451325975784,-1.8421731836365973,-21.382428940568477,-4.173228346456693,False,False,148559420.0,101700.0,114300.0,0.889763779527559,159300.0,0.6384180790960452
7921,ＴＡＫＡＲＡ　＆　ＣＯＭＰＡＮＹ,プライム（内国株式）,情報通信・サービスその他,2026-10-07,400,True,4135.0,4185.0,4120.0,4175.0,4090.0,4155.0,4075.0,4155.0,4116.0,4133.0,4030.4,4141.8,-8.800000000000182,down,20.41666666666667,-27.518315018315008,53.90625,4795.0,4330.0,3960.0,1.433430515063172,1.016210984756838,-12.930135557872779,-3.5796766743648956,True,True,114394000.0,12500.0,20100.0,0.6218905472636815,23700.0,0.5274261603375527
7931,未来工業,プライム（内国株式）,素材・化学,2026-10-07,400,True,3585.0,3635.0,3560.0,3575.0,3555.0,3625.0,3555.0,3605.0,3588.0,3637.8,3447.3333333333335,3642.8,-5.0,down,-43.75,-46.67277167277166,36.607142857142854,3885.0,3750.0,3530.0,-0.36231884057971175,-1.7263181043487896,-7.979407979407982,-4.666666666666663,False,False,48526200.0,7900.0,10800.0,0.7314814814814815,19600.0,0.4030612244897959
7936,アシックス,プライム（内国株式）,情報通信・サービスその他,2026-10-07,400,True,4509.0,4522.0,4428.0,4450.0,4347.0,4452.0,4302.0,4439.0,4311.6,4181.2,4537.36,4187.24,-6.039999999999964,down,75.0,-11.35531135531136,69.04522613065328,5440.0,4522.0,3949.0,3.20994526393914,6.42877642781976,-18.198529411764707,-1.5922158337019043,False,False,22781904120.0,6217400.0,6698600.0,0.9281640939897889,5062900.0,1.2280313654229789
7942,ＪＳＰ,プライム（内国株式）,素材・化学,2026-10-07,400,True,3005.0,3050.0,3005.0,3015.0,3015.0,3040.0,2992.0,3020.0,2999.6,2983.08,2796.213333333333,2986.88,-3.800000000000182,down,-29.58333333333334,-24.17582417582418,65.7088122605364,3240.0,3060.0,2789.0,0.5134017869049323,1.0700349973852497,-6.944444444444442,-1.4705882352941124,False,False,95846260.0,32800.0,29600.0,1.1081081081081081,90400.0,0.36283185840707965
7943,ニチハ,プライム（内国株式）,建設・資材,2026-10-07,400,True,2816.0,2837.0,2802.0,2802.0,2798.0,2820.0,2792.0,2800.0,2810.8,2973.88,3033.56,2985.2,-11.319999999999709,down,-83.33333333333333,-78.9835164835165,25.067385444743934,3735.0,3080.0,2787.0,-0.3130781272235761,-5.779654861662209,-24.979919678714857,-9.025974025974026,False,False,191113160.0,84900.0,47800.0,1.7761506276150627,43900.0,1.9339407744874715
7944,ローランド,プライム（内国株式）,情報通信・サービスその他,2026-10-07,400,True,3700.0,3705.0,3670.0,3680.0,3650.0,3715.0,3630.0,3705.0,3676.0,3736.2,4007.133333333333,3740.0,-3.800000000000182,down,-57.08333333333333,-60.85164835164836,46.666666666666664,4695.0,3875.0,3600.0,0.10881392818280489,-1.5042021305069264,-21.61874334398296,-5.032258064516126,False,False,238701500.0,53600.0,54400.0,0.9852941176470589,50600.0,1.0592885375494072
7947,エフピコ,プライム（内国株式）,素材・化学,2026-10-07,400,True,2754.0,2788.0,2745.0,2776.0,2718.0,2751.0,2705.0,2747.0,2760.2,2809.24,2692.92,2809.16,0.07999999999992724,up,-68.33333333333333,-43.25396825396825,43.88059701492537,2895.0,2890.0,2705.0,0.5724222882399932,-1.1832381711779583,-4.110535405872195,-3.944636678200697,False,False,479404340.0,172500.0,181400.0,0.9509371554575524,366900.0,0.47015535568274736
7949,小松ウオール工業,プライム（内国株式）,情報通信・サービスその他,2026-10-07,400,True,2732.0,2734.0,2707.0,2707.0,2714.0,2751.0,2714.0,2733.0,2735.2,2801.52,2714.32,2807.16,-5.639999999999873,down,-93.33333333333333,-59.874847374847384,32.33532934131736,3060.0,2865.0,2707.0,-1.0310032173149963,-3.3738827493646317,-11.535947712418304,-5.514834205933683,False,False,122151480.0,37900.0,36100.0,1.0498614958448753,49600.0,0.7641129032258065
7951,ヤマハ,プライム（内国株式）,情報通信・サービスその他,2026-10-07,400,True,1202.0,1209.0,1192.0,1192.0,1222.0,1222.5,1202.5,1209.5,1208.7,1258.08,1244.9733333333334,1263.68,-5.600000000000136,down,-88.33333333333333,-84.5848595848596,35.36895674300254,1432.0,1332.0,1190.0,-1.3816497062960287,-5.2524481749968155,-16.759776536312852,-10.510510510510507,False,False,2874367800.0,3399700.0,2172800.0,1.5646631075110458,2215600.0,1.5344376241198772
7952,河合楽器製作所,プライム（内国株式）,情報通信・サービスその他,2026-10-07,400,True,3480.0,3480.0,3405.0,3450.0,3400.0,3525.0,3400.0,3525.0,3454.0,3377.8,3372.5333333333333,3378.2,-0.3999999999996362,down,87.5,-20.268620268620264,69.1588785046729,3685.0,3565.0,3145.0,-0.11580775911985697,2.1374859375925093,-6.3772048846675755,-3.2258064516129004,False,False,41125100.0,12400.0,13300.0,0.9323308270676691,10900.0,1.1376146788990826
7955,クリナップ,プライム（内国株式）,情報通信・サービスその他,2026-10-07,400,True,897.0,904.0,894.0,896.0,887.0,906.0,887.0,896.0,904.0,953.0,941.84,956.92,-3.919999999999959,down,-88.75,-85.40903540903541,29.927007299270077,1104.0,997.0,882.0,-0.8849557522123908,-5.98111227701994,-18.840579710144922,-10.13039117352056,False,False,43210480.0,26800.0,40300.0,0.6650124069478908,32400.0,0.8271604938271605
7956,ピジョン,プライム（内国株式）,情報通信・サービスその他,2026-10-07,400,True,2063.5,2094.5,2062.5,2084.0,2022.0,2060.5,2019.5,2058.5,2045.5,2022.06,2042.1466666666668,2024.18,-2.1200000000001182,down,28.333333333333332,-29.94505494505495,82.26600985221675,2197.5,2094.5,1890.0,1.8821803959911954,3.063212763221679,-5.164960182025025,-0.5013129625208834,False,False,1715717240.0,610800.0,1104100.0,0.5532107598949371,918300.0,0.6651421104214309
7962,キングジム,プライム（内国株式）,情報通信・サービスその他,2026-10-07,400,True,772.0,773.0,770.0,770.0,776.0,780.0,773.0,773.0,776.2,792.0,790.96,793.52,-1.5199999999999818,down,-97.08333333333334,-66.5903540903541,29.82456140350877,857.0,805.0,770.0,-0.798763205359454,-2.777777777777779,-10.151691948658115,-4.347826086956519,False,False,21532320.0,26400.0,26400.0,1.0,34300.0,0.7696793002915452
7965,象印マホービン,プライム（内国株式）,電機・精密,2026-10-07,400,True,1428.0,1436.0,1421.0,1433.0,1419.0,1429.0,1404.0,1426.0,1426.2,1451.08,1434.8133333333333,1453.4,-2.3200000000001637,down,-83.74999999999999,-64.72832722832722,36.986301369863014,1754.0,1481.0,1400.0,0.4767914738465828,-1.2459685199988968,-18.301026225769668,-3.241053342336264,False,False,328504500.0,159500.0,163700.0,0.9743433109346366,100300.0,1.5902293120638085
7966,リンテック,プライム（内国株式）,情報通信・サービスその他,2026-10-07,400,True,6050.0,6060.0,5960.0,6020.0,5950.0,6040.0,5900.0,6040.0,5964.0,5587.2,6104.0,5567.2,20.0,up,93.33333333333333,72.64957264957265,93.25842696629213,7360.0,6060.0,5030.0,0.9389671361502261,7.746277205040086,-18.206521739130434,-0.660066006600657,False,False,3421197200.0,554200.0,555300.0,0.9980190887808392,2444300.0,0.22673157959333962
7970,信越ポリマー,プライム（内国株式）,素材・化学,2026-10-07,400,True,2496.0,2498.0,2448.0,2478.0,2461.0,2513.0,2441.0,2513.0,2461.6,2293.72,2318.4533333333334,2283.6,10.11999999999989,up,95.0,75.1068376068376,79.35871743486975,2547.0,2513.0,2140.0,0.6662333441664003,8.034110527876127,-2.7090694935217874,-1.392757660167132,False,False,380083740.0,174900.0,168400.0,1.0385985748218527,113100.0,1.546419098143236
7972,イトーキ,プライム（内国株式）,情報通信・サービスその他,2026-10-07,400,True,2434.0,2492.0,2427.0,2464.0,2429.0,2462.0,2422.0,2448.0,2434.6,2489.04,2641.5866666666666,2496.04,-7.0,down,-51.66666666666666,-76.87728937728937,50.80385852090033,3695.0,2540.0,2366.0,1.2075905692926936,-1.0060103493716444,-33.315290933694186,-2.99212598425197,True,False,394102720.0,147800.0,112100.0,1.3184656556645853,137000.0,1.0788321167883212
7974,任天堂,プライム（内国株式）,情報通信・サービスその他,2026-10-07,400,True,7899.0,7939.0,7757.0,7775.0,7727.0,7863.0,7727.0,7815.0,7824.2,8289.08,7846.746666666667,8337.8,-48.719999999999345,down,-89.99999999999999,-90.73565323565325,32.98826777087647,14630.0,8995.0,7727.0,-0.6288182817412613,-6.201894540769304,-46.855775803144226,-13.563090605892159,False,False,51156379400.0,5550600.0,5961300.0,0.9311056313220271,5577200.0,0.9952305816538765
7976,三菱鉛筆,プライム（内国株式）,情報通信・サービスその他,2026-10-07,400,True,3450.0,3505.0,3435.0,3485.0,3475.0,3495.0,3420.0,3450.0,3451.0,3281.0,2926.733333333333,3264.2,16.800000000000182,up,73.33333333333334,93.77289377289377,77.77777777777779,3510.0,3510.0,3085.0,0.9852216748768461,6.217616580310881,-0.7122507122507171,-0.7122507122507171,False,False,381432900.0,104600.0,113400.0,0.9223985890652557,54600.0,1.9157509157509158
7979,松風,プライム（内国株式）,電機・精密,2026-10-07,400,True,2257.0,2277.0,2250.0,2256.0,2229.0,2282.0,2228.0,2270.0,2235.6,2248.2,2194.0933333333332,2251.36,-3.1600000000003092,down,-33.33333333333333,-45.94017094017093,56.936416184971094,2420.0,2328.0,2139.0,0.9125067096081629,0.34694422204430975,-6.776859504132227,-3.0927835051546393,False,False,135674640.0,52500.0,66200.0,0.7930513595166163,74400.0,0.7056451612903226
7981,タカラスタンダード,プライム（内国株式）,情報通信・サービスその他,2026-10-07,400,True,3030.0,3050.0,3010.0,3010.0,3045.0,3050.0,3010.0,3030.0,3028.0,3086.8,3079.8533333333335,3090.4,-3.599999999999909,down,-68.75,-66.54456654456655,35.0,3330.0,3175.0,2995.0,-0.5944517833553542,-2.48801347673967,-9.609609609609615,-5.1968503937007915,False,False,254372200.0,79600.0,70900.0,1.1227080394922426,80700.0,0.9863692688971499
7984,コクヨ,プライム（内国株式）,情報通信・サービスその他,2026-10-07,400,True,853.7000122070312,866.9000244140625,853.5999755859375,857.4000244140625,858.2999877929688,862.5,853.2000122070312,853.2999877929688,856.7,896.2,870.009335123698,898.2519995117187,-2.051999511718691,down,-81.66666666666667,-83.33333333333333,27.302322044377732,975.0,936.2000122070312,848.7999877929688,0.0817117327025052,-4.329388036815174,-12.061535957532055,-8.417003499840048,False,False,671043512.2375488,666400.0,493400.0,1.350628293473855,998400.0,0.6674679487179487
7988,ニフコ,プライム（内国株式）,素材・化学,2026-10-07,400,True,2427.5,2458.0,2423.5,2450.5,2429.0,2450.0,2407.0,2429.0,2426.9,2470.84,2496.4533333333334,2474.08,-3.2399999999997817,down,-1.6666666666666607,-80.11294261294262,50.14792899408283,2781.0,2561.0,2350.0,0.9724339692611883,-0.8232018260996288,-11.884214311398777,-4.314720812182737,False,False,1158837670.0,405900.0,403800.0,1.0052005943536404,509600.0,0.7965070643642073
7989,立川ブラインド工業,プライム（内国株式）,建設・資材,2026-10-07,400,True,2601.0,2616.0,2593.0,2604.0,2605.0,2625.0,2605.0,2613.0,2616.4,2661.52,2608.16,2665.96,-4.440000000000055,down,-94.58333333333333,-43.00976800976801,35.406698564593306,2743.0,2739.0,2586.0,-0.4739336492891044,-2.161171060146083,-5.0674444039372935,-4.928806133625407,False,False,99459540.0,34600.0,26400.0,1.3106060606060606,34600.0,1.0
7990,グローブライド,プライム（内国株式）,情報通信・サービスその他,2026-10-07,400,True,2332.0,2353.0,2309.0,2338.0,2325.0,2359.0,2321.0,2356.0,2343.0,2400.12,2435.5333333333333,2405.48,-5.360000000000127,down,-77.08333333333333,-63.141025641025635,45.16129032258064,2745.0,2485.0,2309.0,-0.21340162185232714,-2.5882039231371667,-14.826958105646625,-5.915492957746482,False,False,137290240.0,73800.0,47600.0,1.550420168067227,91100.0,0.8100987925356751
7994,オカムラ,プライム（内国株式）,情報通信・サービスその他,2026-10-07,400,True,2195.0,2208.0,2174.0,2174.0,2197.0,2216.0,2196.0,2204.0,2203.6,2322.04,2309.7733333333335,2330.2,-8.159999999999854,down,-96.24999999999999,-85.19536019536021,24.290220820189273,2761.0,2398.0,2174.0,-1.3432564893810062,-6.375428502523639,-21.26041289387903,-9.341117597998327,False,False,524068120.0,360500.0,213200.0,1.6909005628517824,144100.0,2.501734906315059
7995,バルカー,プライム（内国株式）,素材・化学,2026-10-07,400,True,7410.0,7450.0,7250.0,7380.0,7250.0,7450.0,7150.0,7450.0,7170.0,6679.6,6809.066666666667,6651.2,28.400000000000546,up,91.66666666666666,48.35164835164834,87.31343283582089,8660.0,7450.0,6190.0,2.9288702928870203,10.485657823821782,-14.780600461893767,-0.9395973154362469,False,False,674260600.0,73500.0,101700.0,0.7227138643067846,38500.0,1.9090909090909092
8001,伊藤忠商事,プライム（内国株式）,商社・卸売,2026-10-07,400,True,2177.5,2198.5,2161.5,2161.5,2210.0,2216.5,2176.0,2183.0,2184.0,2234.02,2053.0866666666666,2232.22,1.800000000000182,up,-58.33333333333333,14.590964590964594,30.11111111111111,2399.0,2399.0,2156.0,-1.0302197802197766,-3.2461661041530476,-9.899958315964986,-9.899958315964986,False,False,27495618230.0,11901600.0,10533500.0,1.1298808563155647,18736400.0,0.6352127409747871
8002,丸紅,プライム（内国株式）,商社・卸売,2026-10-07,400,True,4816.0,4894.0,4787.0,4787.0,4850.0,4865.0,4771.0,4818.0,4793.4,4960.92,4966.88,4965.84,-4.920000000000073,down,-51.66666666666666,-70.2075702075702,33.62068965517241,6328.0,5199.0,4670.0,-0.13351691909708752,-3.5058013432992308,-24.35208596713021,-7.924600884785537,False,False,18518762880.0,3628300.0,3035200.0,1.195407221929362,4957100.0,0.7319400455911722
8005,スクロール,プライム（内国株式）,小売,2026-10-07,400,True,1727.0,1737.0,1718.0,1718.0,1729.0,1736.0,1726.0,1731.0,1732.4,1763.76,1754.9333333333334,1767.88,-4.120000000000118,down,-80.0,-57.76862026862026,41.56378600823045,1915.0,1825.0,1713.0,-0.8312168090510275,-2.5944572957772083,-10.287206266318538,-5.863013698630137,False,False,226243500.0,136400.0,85400.0,1.5971896955503513,387200.0,0.3522727272727273
8007,高島,プライム（内国株式）,商社・卸売,2026-10-07,400,True,773.0,778.0,768.0,776.0,769.0,777.0,769.0,776.0,775.4,795.52,789.5733333333334,797.64,-2.1200000000000045,down,-59.16666666666666,-71.0164835164835,35.8974358974359,940.0,812.0,768.0,0.07737941707506302,-2.4537409493161633,-17.446808510638302,-4.433497536945808,False,False,81500180.0,87200.0,91700.0,0.95092693565976,129100.0,0.675445391169636
8008,ヨンドシーホールディングス,プライム（内国株式）,小売,2026-10-07,400,True,2144.0,2158.0,2134.0,2136.0,2093.0,2161.0,2093.0,2157.0,2122.4,2103.4,2067.88,2103.2,0.20000000000027285,up,56.666666666666664,-15.201465201465192,58.333333333333336,2214.0,2161.0,2044.0,0.6407840180927105,1.5498716363982146,-3.5230352303523005,-1.1568718186025007,False,False,195354540.0,92800.0,135400.0,0.6853766617429837,75300.0,1.2324037184594954
8011,三陽商会,プライム（内国株式）,素材・化学,2026-10-07,400,True,1315.0,1328.0,1266.0,1276.0,1290.0,1382.0,1271.0,1315.0,1297.4,1371.4,1491.4622216796874,1387.88,-16.480000000000018,down,-88.75,-77.36568986568986,24.583333333333332,1996.6666259765625,1441.0,1266.0,-1.6494527516571655,-6.956394924894271,-36.09348784622907,-11.45038167938931,False,False,412509780.0,336100.0,758300.0,0.4432282737702756,150600.0,2.231739707835325
8012,長瀬産業,プライム（内国株式）,商社・卸売,2026-10-07,400,True,1198.5,1207.0,1182.5,1190.5,1183.0,1207.0,1175.5,1203.5,1178.0,1159.4,1179.76,1157.92,1.4800000000000182,up,35.0,36.996336996337,66.01123595505618,1306.5,1207.0,1109.5,1.0611205432937254,2.6824219423839946,-8.878683505549178,-1.3670256835128458,False,False,978738550.0,715900.0,929400.0,0.7702819023025608,854900.0,0.8374078839630366
8014,蝶理,プライム（内国株式）,商社・卸売,2026-10-07,400,True,4145.0,4195.0,4145.0,4185.0,4100.0,4185.0,4095.0,4185.0,4124.0,4212.2,4065.266666666667,4215.0,-2.800000000000182,down,-37.083333333333336,-65.82722832722834,46.95652173913044,4745.0,4360.0,4025.0,1.4791464597478265,-0.6457433170314775,-11.801896733403582,-4.013761467889909,False,False,121994600.0,33600.0,34600.0,0.9710982658959537,44400.0,0.7567567567567568
8015,豊田通商,プライム（内国株式）,商社・卸売,2026-10-07,400,True,7495.0,7543.0,7404.0,7408.0,7410.0,7472.0,7349.0,7472.0,7356.8,7447.2,6906.453333333333,7454.8,-7.600000000000364,down,25.0,-75.76312576312576,46.52143359100492,7798.0,7798.0,7021.0,0.6959547629403984,-0.5263723278547627,-5.001282380097461,-5.001282380097461,True,False,13532592800.0,1910700.0,1402300.0,1.3625472438137345,2030400.0,0.9410460992907801
8016,オンワードホールディングス,プライム（内国株式）,素材・化学,2026-10-07,400,True,705.0,707.0,703.0,703.0,699.0,708.0,697.0,704.0,703.2,717.32,738.08,719.2,-1.8799999999999955,down,-85.00000000000001,-62.301587301587304,43.05555555555556,842.0,732.0,696.0,-0.028441410693980096,-1.9963196341939549,-16.5083135391924,-3.9617486338797803,False,False,482449900.0,492100.0,530300.0,0.9279653026588723,816300.0,0.602842092368002
8020,兼松,プライム（内国株式）,商社・卸売,2026-10-07,400,True,2282.0,2302.5,2266.5,2276.0,2257.0,2278.5,2239.5,2271.0,2256.4,2281.4,2173.6866666666665,2280.12,1.2800000000002,up,-11.66666666666667,1.892551892551897,48.27067669172933,2468.0,2368.5,2209.0,0.868640312001423,-0.23669676514421756,-7.779578606158832,-3.9054253747097367,True,False,1323967840.0,692400.0,545800.0,1.2685965555148406,626800.0,1.1046585832801532
8022,美津濃,プライム（内国株式）,情報通信・サービスその他,2026-10-07,400,True,4240.0,4335.0,4200.0,4330.0,4340.0,4390.0,4255.0,4255.0,4257.0,4096.4,3843.9333333333334,4086.6,9.799999999999727,up,83.33333333333334,43.25396825396825,66.83937823834198,4460.0,4390.0,3795.0,1.7148226450552029,5.702568108583161,-2.914798206278024,-1.3667425968109326,False,False,1241865900.0,224300.0,245500.0,0.9136456211812627,201900.0,1.1109460128776623
8031,三井物産,プライム（内国株式）,商社・卸売,2026-10-07,400,True,4940.0,4991.0,4903.0,4907.0,4960.0,4984.0,4901.0,4962.0,4922.4,5055.48,4863.68,5058.36,-2.880000000000109,down,-38.33333333333333,-45.95543345543345,36.68393782383419,6675.0,5265.0,4811.0,-0.31285551763367003,-2.9370109267567,-26.486891385767784,-6.799620132953466,False,False,24391008180.0,4459400.0,4001500.0,1.1144320879670124,11348300.0,0.39295753548989715
8032,日本紙パルプ商事,プライム（内国株式）,商社・卸売,2026-10-07,400,True,1243.0,1254.0,1226.0,1226.0,1252.0,1260.0,1244.0,1255.0,1243.4,1240.24,1175.3733333333332,1239.84,0.40000000000009095,up,-44.99999999999999,62.46947496947497,43.786982248520715,1289.0,1289.0,1199.0,-1.3993887727199672,-1.148164871315227,-4.8875096974398735,-4.8875096974398735,True,False,291233240.0,194600.0,233800.0,0.8323353293413174,200300.0,0.9715426859710434
8035,東京エレクトロン,プライム（内国株式）,電機・精密,2026-10-07,400,True,12505.0,12740.0,12400.0,12500.0,12735.0,12915.0,12575.0,12805.0,12550.0,11147.36,12280.933333333332,11097.2,50.159999999999854,up,85.0,48.366910866910864,76.51237396883593,16252.0,12915.0,9800.0,-0.3984063745019917,12.134173472463438,-23.086389367462466,-3.213317847464192,False,False,188765132700.0,10525800.0,11752600.0,0.8956145874104453,12998000.0,0.8098015079242961
8037,カメイ,プライム（内国株式）,商社・卸売,2026-10-07,400,True,4695.0,4790.0,4655.0,4655.0,4695.0,4750.0,4655.0,4695.0,4652.0,4739.8,4151.133333333333,4737.0,2.800000000000182,up,-71.66666666666666,49.343711843711844,44.72573839662447,5290.0,5290.0,4350.0,0.06448839208943458,-1.7891050255285035,-12.003780718336488,-12.003780718336488,True,False,330032200.0,56100.0,48900.0,1.147239263803681,35700.0,1.5714285714285714
8043,スターゼン,プライム（内国株式）,商社・卸売,2026-10-07,400,True,1450.0,1473.0,1443.0,1468.0,1463.0,1465.0,1443.0,1458.0,1468.0,1521.36,1399.2,1524.8,-3.4400000000000546,down,-83.33333333333333,-53.8919413919414,35.37117903930131,1613.0,1583.0,1440.0,0.0,-3.5073881264132023,-8.989460632362057,-7.264687302590023,False,False,191142320.0,80500.0,113400.0,0.7098765432098766,146600.0,0.5491132332878581
8050,セイコーグループ,プライム（内国株式）,電機・精密,2026-10-07,400,True,11330.0,11350.0,11000.0,11000.0,10980.0,11340.0,10880.0,11230.0,10842.0,10196.0,9214.266666666666,10209.6,-13.600000000000364,down,80.0,-10.68376068376069,73.97260273972603,11920.0,11350.0,8680.0,1.4572957019000077,7.885445272655933,-7.718120805369133,-3.083700440528636,False,False,4341246200.0,394800.0,313700.0,1.2585272553394964,362200.0,1.090005521811154
8051,山善,プライム（内国株式）,商社・卸売,2026-10-07,400,True,2008.0,2036.0,1982.0,1983.0,1991.0,2013.0,1978.0,2013.0,2003.4,1972.68,1858.5066666666667,1971.88,0.7999999999999545,up,-35.41666666666667,45.51282051282052,51.590909090909086,2066.0,2066.0,1885.0,-1.0182689427972513,0.5231461767747358,-4.017424975798645,-4.017424975798645,False,False,519500260.0,321900.0,149700.0,2.150300601202405,193800.0,1.6609907120743035
8052,椿本興業,プライム（内国株式）,商社・卸売,2026-10-07,400,True,3005.0,3060.0,3005.0,3030.0,2996.0,3020.0,2947.0,3020.0,3009.6,2942.04,2839.0933333333332,2938.52,3.519999999999982,up,83.33333333333334,62.31684981684982,67.62820512820514,3145.0,3060.0,2833.0,0.6778309409888328,2.989762205816371,-3.6565977742448297,-0.9803921568627416,False,False,139744320.0,29200.0,46300.0,0.6306695464362851,125500.0,0.23266932270916335
8053,住友商事,プライム（内国株式）,商社・卸売,2026-10-07,400,True,1735.0,1761.5,1715.5,1717.0,1750.0,1759.5,1724.0,1741.0,1735.8,1792.8,1693.8133333333333,1795.14,-2.3400000000001455,down,-75.0,-58.9133089133089,38.297872340425535,1943.75,1891.0,1715.5,-1.0830740868763677,-4.228023203926812,-11.66559485530546,-9.201480698043362,False,False,14861534880.0,7501100.0,6914800.0,1.084789147914618,14980400.0,0.5007276174200956
8056,ＢＩＰＲＯＧＹ,プライム（内国株式）,情報通信・サービスその他,2026-10-07,400,True,4738.0,4755.0,4701.0,4706.0,4706.0,4725.0,4672.0,4700.0,4693.6,4742.24,4606.8,4746.28,-4.039999999999964,down,-18.333333333333336,-24.191086691086696,35.53113553113553,6279.0,4934.0,4559.0,0.26418953468552164,-0.7641958230709456,-25.051759834368525,-4.620997162545604,True,False,1655251700.0,430200.0,289500.0,1.4860103626943004,360700.0,1.192680898253396
8057,内田洋行,プライム（内国株式）,商社・卸売,2026-10-07,400,True,2241.0,2270.0,2239.0,2260.0,2219.0,2245.0,2206.0,2230.0,2233.8,2243.36,2147.9733333333334,2246.16,-2.799999999999727,down,-10.000000000000009,-47.7869352869353,60.629921259842526,2582.0,2309.0,2020.0,1.1728892470230123,0.7417445260680333,-12.470952749806353,-2.1221307925508914,True,True,290166580.0,143400.0,99700.0,1.4383149448345036,225400.0,0.6362023070097604
8058,三菱商事,プライム（内国株式）,商社・卸売,2026-10-07,400,True,4680.0,4744.0,4668.0,4676.0,4756.0,4765.0,4696.0,4713.0,4702.8,4868.28,4719.72,4872.68,-4.400000000000546,down,-58.33333333333333,-51.28205128205128,31.492361927144536,6012.0,5093.0,4620.0,-0.5698732669898843,-3.949649568225322,-22.22222222222222,-8.187708619674062,False,False,30371844980.0,5443700.0,5075800.0,1.0724811852318847,12672100.0,0.4295815216104671
8059,第一実業,プライム（内国株式）,商社・卸売,2026-10-07,400,True,3505.0,3565.0,3500.0,3515.0,3525.0,3555.0,3490.0,3520.0,3519.0,3628.0,3452.8133333333335,3639.0,-11.0,down,-72.50000000000001,-82.89072039072039,39.784946236559136,3840.0,3750.0,3460.0,-0.11366865586814878,-3.1146637265711097,-8.463541666666663,-6.266666666666665,False,False,190221600.0,37300.0,41100.0,0.9075425790754258,125700.0,0.2967382657120127
8060,キヤノンマーケティングジャパン,プライム（内国株式）,商社・卸売,2026-10-07,400,True,3723.0,3765.0,3715.0,3753.0,3738.0,3757.0,3720.0,3739.0,3742.0,3693.48,3586.4933333333333,3690.88,2.599999999999909,up,55.00000000000001,38.93467643467643,52.574525745257446,3941.0,3779.0,3489.0,0.2939604489577752,1.6114883524480872,-4.770362852068,-0.6880127017729554,False,False,1041469320.0,291700.0,196300.0,1.4859908303616913,266400.0,1.09496996996997
8061,西華産業,プライム（内国株式）,商社・卸売,2026-10-07,400,True,3115.0,3205.0,3065.0,3085.0,3065.0,3150.0,3015.0,3125.0,3038.4,3049.84,2902.6133333333332,3051.24,-1.3999999999996362,down,17.08333333333333,-34.84432234432235,62.098138747884946,3635.0,3205.0,2830.0,1.533701948393884,1.152847362484577,-15.130674002751032,-3.744149765990634,False,False,388225880.0,122200.0,171200.0,0.7137850467289719,149100.0,0.8195841716968477
8065,佐藤商事,プライム（内国株式）,商社・卸売,2026-10-07,400,True,2952.0,2996.0,2936.0,2993.0,2949.0,2965.0,2927.0,2956.0,2961.4,3207.08,3230.92,3235.56,-28.480000000000018,down,-37.083333333333336,-92.3840048840049,46.79334916864608,4095.0,3610.0,2901.0,1.0670628756669132,-6.6752310512990025,-26.910866910866915,-17.09141274238227,False,False,297022160.0,159500.0,66700.0,2.391304347826087,52000.0,3.0673076923076925
8070,東京産業,プライム（内国株式）,商社・卸売,2026-10-07,400,True,1025.0,1042.0,1014.0,1016.0,1004.0,1015.0,1004.0,1013.0,1010.0,999.4,903.6133333333333,997.12,2.2799999999999727,up,-36.66666666666667,68.36080586080587,61.71875,1133.0,1043.0,929.0,0.5940594059405946,1.6609965979587749,-10.326566637246248,-2.5886864813039256,False,False,106024520.0,160000.0,64500.0,2.4806201550387597,95900.0,1.6684045881126173
8074,ＹＵＡＳＡ,プライム（内国株式）,商社・卸売,2026-10-07,400,True,6080.0,6170.0,6050.0,6060.0,6150.0,6150.0,6060.0,6150.0,6154.0,6362.0,5901.466666666666,6377.2,-15.199999999999818,down,-97.08333333333334,-69.01709401709401,25.71428571428571,6590.0,6590.0,6050.0,-1.527461813454667,-4.746934926123858,-8.042488619119881,-8.042488619119881,False,False,179054800.0,19100.0,24600.0,0.7764227642276422,31500.0,0.6063492063492063
8075,神鋼商事,プライム（内国株式）,商社・卸売,2026-10-07,400,True,3065.0,3075.0,3020.0,3025.0,3075.0,3085.0,3060.0,3080.0,3090.0,3123.0,2809.9066666666668,3126.0,-3.0,down,-91.66666666666667,10.241147741147739,43.82022471910113,3235.0,3235.0,3000.0,-2.1035598705501646,-3.138008325328212,-6.4914992272024685,-6.4914992272024685,False,False,158302700.0,45600.0,31900.0,1.4294670846394983,49600.0,0.9193548387096774
8078,阪和興業,プライム（内国株式）,商社・卸売,2026-10-07,400,True,1870.0,1880.0,1837.0,1841.0,1854.0,1865.0,1830.0,1853.0,1852.0,1903.76,1800.9333333333334,1905.44,-1.6800000000000637,down,-80.0,-51.41941391941391,37.12574850299401,1987.0,1963.0,1830.0,-0.5939524838012966,-3.2966340294995122,-7.347760442878714,-6.214977075904226,False,False,725493000.0,428000.0,347800.0,1.2305922944220817,495700.0,0.8634254589469437
8079,正栄食品工業,プライム（内国株式）,商社・卸売,2026-10-07,400,True,4300.0,4300.0,4260.0,4260.0,4275.0,4305.0,4270.0,4290.0,4291.0,4429.0,4363.8,4439.2,-10.199999999999818,down,-95.0,-85.07326007326009,33.33333333333333,4620.0,4570.0,4260.0,-0.7224423211372621,-3.8157597651840125,-7.792207792207795,-6.783369803063454,False,False,335402000.0,89800.0,45700.0,1.9649890590809629,36400.0,2.467032967032967
8081,カナデン,プライム（内国株式）,商社・卸売,2026-10-07,400,True,2629.0,2652.0,2580.0,2590.0,2641.0,2656.0,2623.0,2623.0,2626.8,2564.6,2526.0533333333333,2564.92,-0.3200000000001637,down,-25.416666666666664,67.81135531135531,61.24260355029586,2820.0,2656.0,2420.0,-1.4009441145119594,0.9904078608749867,-8.15602836879432,-2.484939759036142,False,False,81061460.0,38700.0,23300.0,1.6609442060085837,37300.0,1.0375335120643432
8084,ＲＹＯＤＥＮ,プライム（内国株式）,商社・卸売,2026-10-07,400,True,2470.0,2490.0,2456.0,2471.0,2487.0,2487.0,2459.0,2472.0,2452.6,2399.44,2206.9466666666667,2396.3,3.1399999999998727,up,25.0,49.52686202686203,59.492385786802025,2520.0,2520.0,2280.0,0.7502242518144131,2.9823625512619634,-1.9444444444444486,-1.9444444444444486,False,False,216807980.0,50200.0,60700.0,0.8270181219110379,94200.0,0.5329087048832272
8086,ニプロ,プライム（内国株式）,電機・精密,2026-10-07,400,True,1338.0,1352.0,1336.0,1347.0,1325.0,1335.0,1317.0,1332.5,1330.6,1432.38,1539.9,1439.62,-7.239999999999782,down,-83.33333333333333,-88.78205128205127,30.218687872763418,1760.5,1478.0,1292.5,1.2325266796933798,-5.960708750471255,-23.48764555523999,-8.863328822733418,False,False,1214203200.0,869400.0,809700.0,1.0737310114857355,647900.0,1.3418737459484489
8088,岩谷産業,プライム（内国株式）,商社・卸売,2026-10-07,400,True,1985.5,2013.5,1984.0,1998.0,2005.0,2008.0,1984.0,2000.0,2001.7,2111.88,2064.3333333333335,2120.9,-9.019999999999982,down,-81.66666666666667,-89.98778998778998,28.376068376068375,2292.5,2214.0,1974.5,-0.1848428835489857,-5.392351838172626,-12.846237731733911,-9.756097560975608,False,False,1140401030.0,511000.0,376400.0,1.3575982996811902,928100.0,0.5505872212046116
8091,ニチモウ,プライム（内国株式）,商社・卸売,2026-10-07,400,True,2303.0,2319.0,2302.0,2311.0,2303.0,2321.0,2301.0,2321.0,2330.4,2392.08,2359.32,2397.6,-5.519999999999982,down,-86.66666666666667,-68.51343101343102,39.175257731958766,2730.0,2450.0,2298.0,-0.8324751115688311,-3.3895187451924658,-15.347985347985349,-5.6734693877551035,False,False,17134420.0,2100.0,2900.0,0.7241379310344828,7300.0,0.2876712328767123
8093,極東貿易,プライム（内国株式）,商社・卸売,2026-10-07,400,True,1758.0,1774.0,1749.0,1749.0,1754.0,1775.0,1754.0,1761.0,1757.0,1785.92,1777.16,1789.12,-3.199999999999818,down,-77.08333333333333,-63.41575091575091,44.559585492227974,2227.0,1825.0,1741.0,-0.4553215708594238,-2.0672818491309863,-21.463852716659183,-4.164383561643836,False,False,57703100.0,24700.0,23700.0,1.0421940928270041,30700.0,0.8045602605863192
8095,アステナホールディングス,プライム（内国株式）,商社・卸売,2026-10-07,400,True,543.0,549.0,543.0,546.0,541.0,548.0,541.0,547.0,545.4,530.44,521.9066666666666,530.04,0.40000000000009095,up,77.08333333333334,5.631868131868134,73.52941176470588,552.0,551.0,505.0,0.11001100110010764,2.9334137697006213,-1.0869565217391353,-0.907441016333943,False,False,82705820.0,119400.0,87300.0,1.3676975945017182,73600.0,1.622282608695652
8097,三愛オブリ,プライム（内国株式）,商社・卸売,2026-10-07,400,True,2366.0,2391.0,2344.0,2378.0,2352.0,2373.0,2352.0,2366.0,2377.0,2430.6,2309.2533333333336,2432.6,-2.0,down,-80.0,-30.601343101343105,38.92617449664429,2614.0,2539.0,2344.0,0.04206983592764946,-2.1640747140623695,-9.028309104820199,-6.341079165025598,False,False,318057740.0,115600.0,109500.0,1.0557077625570777,141200.0,0.8186968838526912
8098,稲畑産業,プライム（内国株式）,商社・卸売,2026-10-07,400,True,4385.0,4400.0,4355.0,4355.0,4400.0,4405.0,4360.0,4395.0,4395.0,4467.8,4169.333333333333,4468.2,-0.3999999999996362,down,-90.83333333333334,-18.849206349206348,38.63636363636363,4595.0,4595.0,4350.0,-0.9101251422070522,-2.524732530551954,-5.223068552774757,-5.223068552774757,False,False,424782100.0,91200.0,60000.0,1.52,153600.0,0.59375
8101,ＧＳＩクレオス,プライム（内国株式）,商社・卸売,2026-10-07,400,True,2454.0,2472.0,2453.0,2460.0,2466.0,2495.0,2459.0,2471.0,2481.6,2599.04,2583.32,2610.28,-11.240000000000236,down,-96.66666666666666,-90.24725274725273,18.218623481781375,2810.0,2685.0,2449.0,-0.8704061895551174,-5.349667569564143,-12.45551601423488,-8.37988826815642,False,False,84510660.0,21100.0,24400.0,0.8647540983606558,32000.0,0.659375
8103,明和産業,プライム（内国株式）,商社・卸売,2026-10-07,400,True,1005.0,1009.0,995.0,998.0,1004.0,1011.0,999.0,1009.0,999.8,985.72,938.9066666666666,984.96,0.7599999999999909,up,-26.66666666666666,73.62637362637363,58.2089552238806,1041.0,1025.0,945.0,-0.18003600720143398,1.2457898794789646,-4.130643611911622,-2.634146341463417,False,False,127067740.0,136700.0,102800.0,1.3297665369649805,131700.0,1.037965072133637
8111,ゴールドウイン,プライム（内国株式）,素材・化学,2026-10-07,400,True,2106.5,2142.5,2106.0,2142.5,2117.5,2126.5,2106.5,2106.5,2116.3,2123.24,2188.286666666667,2125.14,-1.900000000000091,down,-35.00000000000001,0.42735042735042583,50.532724505327245,3198.0,2191.0,2055.5,1.2380097339696583,0.9071042369209525,-33.00500312695435,-2.2136010953902274,True,True,769547630.0,478700.0,311800.0,1.535279025016036,511400.0,0.93605788032851
8113,ユニ・チャーム,プライム（内国株式）,素材・化学,2026-10-07,400,True,935.0,939.4000244140625,924.2000122070312,938.0,925.5999755859375,935.2999877929688,918.9000244140625,935.0,930.4400024414062,956.0280029296875,968.3986686197917,958.012001953125,-1.983999023437491,down,-76.66666666666666,-87.11843711843711,35.17240326980065,1104.0,986.7999877929688,913.2000122070312,0.8125185437811044,-1.8857191289838648,-15.03623188405797,-4.9452764893230805,False,False,4749086448.187256,5808600.0,5559600.0,1.0447873947766027,5816900.0,0.9985731231411921
8125,ワキタ,プライム（内国株式）,商社・卸売,2026-10-07,400,True,1885.0,1898.0,1862.0,1862.0,1885.0,1912.0,1882.0,1889.0,1893.0,1945.36,1887.4133333333334,1948.0,-2.6400000000001,down,-94.58333333333333,-53.09829059829059,20.689655172413794,2143.0,1993.0,1862.0,-1.637612255678822,-4.285068059382324,-13.112459169388712,-6.57300551931761,False,False,218912840.0,145000.0,93300.0,1.5541264737406217,150700.0,0.962176509621765
8129,東邦ホールディングス,プライム（内国株式）,商社・卸売,2026-10-07,400,True,3655.0,3677.0,3647.0,3657.0,3647.0,3701.0,3631.0,3676.0,3657.6,3920.28,3931.7733333333335,3932.28,-12.0,down,-83.33333333333333,-27.350427350427342,30.962800875273523,5560.0,4094.0,3524.0,-0.016404199475061887,-6.7158468272674465,-34.226618705035975,-10.67415730337079,False,False,981134220.0,110900.0,157400.0,0.704574332909784,157000.0,0.7063694267515923
8130,サンゲツ,プライム（内国株式）,商社・卸売,2026-10-07,400,True,3125.0,3145.0,3120.0,3145.0,3125.0,3140.0,3110.0,3120.0,3131.0,3181.0,3092.8133333333335,3184.4,-3.400000000000091,down,-68.75,-54.22771672771673,39.6551724137931,3370.0,3245.0,3100.0,0.447141488342373,-1.1317195850361506,-6.676557863501486,-3.081664098613246,False,False,359573900.0,73300.0,89600.0,0.8180803571428571,110700.0,0.6621499548328816
8132,シナネンホールディングス,プライム（内国株式）,商社・卸売,2026-10-07,400,True,7390.0,7390.0,7270.0,7270.0,7310.0,7470.0,7310.0,7390.0,7386.0,7482.8,7308.4,7497.6,-14.800000000000182,down,-94.58333333333333,-20.711233211233203,45.09803921568628,9270.0,7850.0,7270.0,-1.5705388572975876,-2.84385524135351,-21.574973031283704,-7.388535031847132,False,False,41775200.0,2100.0,5200.0,0.40384615384615385,11200.0,0.1875
8133,伊藤忠エネクス,プライム（内国株式）,商社・卸売,2026-10-07,400,True,2234.0,2247.0,2222.0,2222.0,2240.0,2253.0,2222.0,2242.0,2241.2,2296.72,2155.0133333333333,2297.56,-0.8400000000001455,down,-88.33333333333333,-21.8101343101343,36.16352201257861,2387.0,2387.0,2202.0,-0.8566839193289266,-3.2533351910550623,-6.912442396313367,-6.912442396313367,False,False,256336060.0,59600.0,115200.0,0.5173611111111112,94100.0,0.6333687566418703
8136,サンリオ,プライム（内国株式）,商社・卸売,2026-10-07,400,True,1229.0,1242.0,1203.0,1210.5,1183.5,1209.0,1177.5,1202.5,1193.0,1222.24,1192.2679996744791,1224.54,-2.2999999999999545,down,38.33333333333333,-71.42857142857142,44.19134396355353,1594.0,1285.5,1155.5,1.4668901927912925,-0.9605314831784284,-24.058971141781683,-5.834305717619603,True,False,14399342230.0,13531400.0,15262000.0,0.8866072598610929,17285600.0,0.7828134400888601
8137,サンワテクノス,プライム（内国株式）,商社・卸売,2026-10-07,400,True,4770.0,4795.0,4700.0,4770.0,4855.0,4855.0,4700.0,4815.0,4803.0,4509.0,4072.266666666667,4486.6,22.399999999999636,up,15.000000000000002,91.45299145299145,71.29186602870813,4900.0,4900.0,4105.0,-0.6870705808869504,5.788423153692612,-2.6530612244897944,-2.6530612244897944,False,False,220169900.0,49900.0,67500.0,0.7392592592592593,37200.0,1.3413978494623655
8141,新光商事,プライム（内国株式）,商社・卸売,2026-10-07,400,True,1565.0,1569.0,1565.0,1566.0,1567.0,1567.0,1565.0,1565.0,1566.8,1567.08,1574.7066666666667,1567.12,-0.03999999999996362,down,-79.16666666666667,2.274114774114777,50.0,1772.0,1571.0,1564.0,-0.05105948429920959,-0.0689179875947521,-11.625282167042894,-0.3182686187141903,True,False,54977020.0,59800.0,49300.0,1.2129817444219066,31600.0,1.8924050632911393
8142,トーホー,プライム（内国株式）,商社・卸売,2026-10-07,400,True,1386.0,1398.0,1385.0,1394.0,1382.0,1396.0,1382.0,1392.0,1391.8,1403.24,1382.04,1403.92,-0.6800000000000637,down,35.0,-72.06959706959708,49.193548387096776,1461.0,1438.0,1359.0,0.15806868802989982,-0.6584760981728,-4.58590006844627,-3.0598052851182223,False,False,121263920.0,55300.0,73100.0,0.7564979480164159,63000.0,0.8777777777777778
8150,三信電気,プライム（内国株式）,商社・卸売,2026-10-07,400,True,3350.0,3370.0,3315.0,3345.0,3360.0,3385.0,3345.0,3375.0,3361.0,3300.2,3046.5333333333333,3298.2,2.0,up,54.58333333333334,28.89194139194139,64.83516483516483,3435.0,3385.0,3115.0,-0.47604879500148245,1.3574934852433218,-2.6200873362445365,-1.1816838995568735,False,False,120408600.0,43600.0,29800.0,1.4630872483221478,49200.0,0.8861788617886179
8151,東陽テクニカ,プライム（内国株式）,商社・卸売,2026-10-07,400,True,1890.0,1895.0,1862.0,1885.0,1897.0,1907.0,1888.0,1901.0,1883.6,1870.2,1945.76,1873.88,-3.6800000000000637,down,-26.249999999999996,-20.57387057387057,58.83777239709443,2232.0,1942.0,1788.0,0.07432575918453477,0.7913592129183966,-15.546594982078854,-2.935118434603501,True,True,262468800.0,128700.0,116500.0,1.1047210300429184,120000.0,1.0725
8153,モスフードサービス,プライム（内国株式）,商社・卸売,2026-10-07,400,True,3800.0,3840.0,3770.0,3815.0,3805.0,3810.0,3765.0,3785.0,3801.0,3893.4,3810.4,3900.0,-6.599999999999909,down,-69.58333333333333,-58.363858363858355,30.864197530864196,4430.0,4040.0,3735.0,0.36832412523020164,-2.0136641495864804,-13.882618510158018,-5.569306930693074,False,False,414914400.0,130800.0,93000.0,1.4064516129032258,134400.0,0.9732142857142857
8154,加賀電子,プライム（内国株式）,商社・卸売,2026-10-07,400,True,5530.0,5550.0,5440.0,5460.0,5510.0,5570.0,5450.0,5540.0,5458.0,5137.4,4741.466666666666,5119.8,17.599999999999454,up,-17.91666666666667,71.47435897435898,73.0909090909091,5800.0,5800.0,4635.0,0.03664345914253797,6.27944096235451,-5.862068965517242,-5.862068965517242,False,False,676518800.0,75700.0,125800.0,0.6017488076311606,109300.0,0.6925892040256175
8157,都築電気,プライム（内国株式）,情報通信・サービスその他,2026-10-07,400,True,4320.0,4345.0,4205.0,4210.0,4280.0,4360.0,4250.0,4360.0,4300.0,4234.8,4092.266666666667,4234.2,0.6000000000003638,up,1.6666666666666718,46.947496947496944,52.35602094240838,4385.0,4385.0,4045.0,-2.0930232558139528,-0.5856238783413681,-3.9908779931584926,-3.9908779931584926,True,False,157354000.0,40900.0,48100.0,0.8503118503118503,33600.0,1.2172619047619047
8158,ソーダニッカ,プライム（内国株式）,商社・卸売,2026-10-07,400,True,1318.0,1329.0,1313.0,1317.0,1303.0,1322.0,1303.0,1322.0,1315.2,1330.12,1249.72,1330.4,-0.2800000000002001,down,-44.99999999999999,-43.65079365079365,55.172413793103445,1407.0,1400.0,1285.0,0.13686131386860811,-0.986377168977226,-6.39658848614072,-5.928571428571427,False,False,47400900.0,28800.0,22100.0,1.3031674208144797,97700.0,0.2947799385875128
8159,立花エレテック,プライム（内国株式）,商社・卸売,2026-10-07,400,True,4330.0,4340.0,4290.0,4325.0,4350.0,4350.0,4285.0,4330.0,4307.0,4171.2,3772.4,4160.0,11.199999999999818,up,-25.0,74.61843711843711,67.44186046511628,4480.0,4480.0,3880.0,0.41792430926399504,3.6871883390870774,-3.45982142857143,-3.45982142857143,False,False,128003400.0,27000.0,28700.0,0.9407665505226481,39100.0,0.690537084398977
8160,木曽路,プライム（内国株式）,小売,2026-10-07,400,True,2267.0,2308.0,2266.0,2301.0,2278.0,2289.0,2268.0,2275.0,2291.6,2405.72,2398.173333333333,2413.08,-7.360000000000127,down,-89.99999999999999,-95.22283272283272,11.981566820276496,2669.0,2489.0,2266.0,0.41019375109094813,-4.352958781570582,-13.787935556388165,-7.553234230614702,False,False,273953820.0,115700.0,107000.0,1.0813084112149534,76100.0,1.5203679369250986
8163,ＳＲＳホールディングス,プライム（内国株式）,小売,2026-10-07,400,True,1390.0,1445.0,1390.0,1435.0,1393.0,1399.0,1377.0,1390.0,1403.6,1499.8,1412.3733333333332,1505.48,-5.680000000000064,down,-68.33333333333333,-84.66117216117217,34.375,1608.0,1544.0,1377.0,2.237104588201766,-4.320576076810234,-10.758706467661694,-7.059585492227982,False,False,275445220.0,174600.0,174400.0,1.0011467889908257,117900.0,1.4809160305343512
8167,リテールパートナーズ,プライム（内国株式）,小売,2026-10-07,400,True,1418.0,1427.0,1413.0,1416.0,1415.0,1429.0,1415.0,1425.0,1428.8,1413.8,1387.52,1413.88,-0.08000000000015461,down,-56.666666666666664,54.54822954822956,50.27932960893855,1506.0,1459.0,1365.0,-0.8958566629339249,0.15560899702928843,-5.976095617529875,-2.947224126113779,True,True,77785300.0,44500.0,46400.0,0.959051724137931,95000.0,0.46842105263157896
8173,Ｊｏｓｈｉｎ,プライム（内国株式）,小売,2026-10-07,400,True,4210.0,4275.0,4195.0,4255.0,4285.0,4350.0,4230.0,4250.0,4261.0,4286.0,4032.266666666667,4289.0,-3.0,down,-85.41666666666667,23.50427350427351,55.72519083969466,4640.0,4530.0,4050.0,-0.1408120159586912,-0.7232851143257113,-8.297413793103448,-6.070640176600439,False,False,672060800.0,103700.0,102300.0,1.013685239491691,128300.0,0.8082618862042089
8174,日本瓦斯,プライム（内国株式）,小売,2026-10-07,400,True,936.0,944.5999755859375,932.2000122070312,936.0999755859375,931.9000244140625,941.0,923.2000122070312,941.0,938.7799926757813,999.9160009765625,969.8475545247396,1002.4186694335938,-2.502668457031291,down,-71.66666666666666,-39.17887667887668,24.813411317791108,1055.6666259765625,1046.6666259765625,914.5,-0.2854787182037133,-6.3821386324750655,-11.326175086762625,-10.56369312315313,False,False,964899825.402832,1170700.0,1008300.0,1.16106317564217,597000.0,1.9609715242881072
8179,ロイヤルホールディングス,プライム（内国株式）,小売,2026-10-07,400,True,1277.0,1297.0,1276.0,1293.0,1281.0,1287.0,1274.0,1281.0,1290.4,1329.28,1298.3333333333333,1333.32,-4.039999999999964,down,-70.0,-92.0940170940171,26.717557251908396,1554.0,1377.0,1274.0,0.20148791072533978,-2.729297063071734,-16.795366795366796,-6.100217864923751,False,False,306909340.0,181000.0,185800.0,0.9741657696447793,160600.0,1.1270236612702367
8185,チヨダ,プライム（内国株式）,小売,2026-10-07,400,True,980.0,992.0,978.0,992.0,971.0,990.0,970.0,989.0,982.2,989.84,999.36,990.72,-0.8799999999999955,down,-46.66666666666666,-15.888278388278398,47.61904761904761,1237.0,1009.0,968.0,0.9977601303196915,0.2182170855895782,-19.805982215036376,-1.6848364717542141,True,True,109353700.0,109300.0,95500.0,1.1445026178010471,237700.0,0.45982330668910393
8194,ライフコーポレーション,プライム（内国株式）,小売,2026-10-07,400,True,2580.0,2601.0,2557.0,2559.0,2584.0,2590.0,2566.0,2579.0,2586.6,2679.0,2598.7466666666664,2684.28,-5.2800000000002,down,-98.33333333333334,-68.05555555555556,26.646706586826348,2830.0,2830.0,2557.0,-1.0670378102528355,-4.479283314669658,-9.575971731448762,-9.575971731448762,False,False,499516280.0,185700.0,177500.0,1.0461971830985914,234000.0,0.7935897435897435
8200,リンガーハット,プライム（内国株式）,小売,2026-10-07,400,True,2280.0,2302.0,2274.0,2292.0,2283.0,2287.0,2277.0,2282.0,2284.6,2301.88,2278.173333333333,2302.48,-0.599999999999909,down,64.58333333333333,-75.44261294261294,41.9811320754717,2458.0,2360.0,2231.0,0.32390790510374856,-0.4292143812883453,-6.753458096013021,-2.881355932203389,True,False,122001520.0,40300.0,41700.0,0.9664268585131894,160000.0,0.251875
8203,ＭｒＭａｘＨＤ,プライム（内国株式）,小売,2026-10-07,400,True,713.0,721.0,712.0,718.0,721.0,732.0,716.0,719.0,724.8,752.4,770.2,755.2,-2.800000000000068,down,-97.08333333333334,-84.09645909645909,20.0,897.0,775.0,712.0,-0.9381898454746129,-4.572036150983516,-19.95540691192865,-7.354838709677425,False,False,85498440.0,88200.0,297800.0,0.2961719274680994,120300.0,0.7331670822942643
8214,ＡＯＫＩホールディングス,プライム（内国株式）,小売,2026-10-07,400,True,1676.0,1685.0,1674.0,1679.0,1662.0,1683.0,1661.0,1677.0,1672.2,1712.96,1701.4,1717.0,-4.039999999999964,down,-63.33333333333333,-79.74664224664225,40.74074074074074,1905.0,1753.0,1651.0,0.4066499222580955,-1.982533158976274,-11.863517060367457,-4.221334854535086,False,False,227462020.0,71700.0,103600.0,0.6920849420849421,173100.0,0.41421143847487
8217,オークワ,プライム（内国株式）,小売,2026-10-07,400,True,766.0,769.0,764.0,767.0,767.0,774.0,767.0,771.0,771.6,790.12,792.1066666666667,791.64,-1.5199999999999818,down,-48.33333333333334,-55.12820512820513,31.57894736842105,988.0,811.0,754.0,-0.596163815448425,-2.9261378018528794,-22.368421052631582,-5.425400739827369,False,False,80043580.0,75300.0,75600.0,0.996031746031746,59600.0,1.2634228187919463
8218,コメリ,プライム（内国株式）,小売,2026-10-07,400,True,3750.0,3775.0,3725.0,3735.0,3720.0,3775.0,3720.0,3750.0,3728.0,3847.6,3729.5333333333333,3852.6,-5.0,down,-58.74999999999999,-34.96642246642247,29.591836734693878,4190.0,3970.0,3675.0,0.1877682403433445,-2.9264996361368145,-10.859188544152742,-5.919395465994959,False,False,344329800.0,70800.0,90300.0,0.7840531561461794,84900.0,0.833922261484099
8219,青山商事,プライム（内国株式）,小売,2026-10-07,400,True,719.0,722.0,714.0,721.0,713.0,723.0,712.0,717.0,718.0,750.2,734.56,752.48,-2.2799999999999727,down,-62.083333333333336,-84.98168498168499,29.629629629629626,924.3333129882812,771.0,707.0,0.41782729805013297,-3.8922953878965716,-21.99783456153106,-6.485084306095978,False,False,510253580.0,512200.0,676900.0,0.7566848869847835,588900.0,0.869757174392936
8227,しまむら,プライム（内国株式）,小売,2026-10-07,400,True,3276.0,3276.0,3243.0,3261.0,3240.0,3267.0,3219.0,3258.0,3241.4,3231.88,3311.8533333333335,3233.72,-1.8399999999996908,down,36.66666666666667,-35.85164835164836,52.800000000000004,11335.0,3315.0,3137.0,0.6046769914234584,0.901023552854685,-71.23070136744596,-1.6289592760181049,False,False,2434938500.0,582100.0,687500.0,0.846690909090909,635400.0,0.9161158325464275
8233,高島屋,プライム（内国株式）,小売,2026-10-07,400,True,2143.0,2189.0,2140.5,2174.0,2110.5,2160.0,2109.0,2145.0,2109.6,2148.4,2285.6133333333332,2157.46,-9.059999999999945,down,13.33333333333333,-58.6080586080586,62.17948717948718,2608.5,2234.0,2034.5,3.0527114144861534,1.1915844349283056,-16.65708261452943,-2.6857654431513,True,True,3268661220.0,1329100.0,1435400.0,0.9259439877386094,1671800.0,0.7950113649958129
8237,松屋,プライム（内国株式）,小売,2026-10-07,400,True,2151.0,2195.0,2146.0,2170.0,2227.0,2260.0,2155.0,2172.0,2159.8,2219.96,2034.4133333333334,2243.64,-23.679999999999836,down,-63.33333333333333,-42.368742368742375,45.39473684210527,3065.0,2363.0,2036.0,0.4722659505509652,-2.2504909998378397,-29.200652528548122,-8.16758358019467,False,False,556791520.0,127900.0,222800.0,0.5740574506283662,529400.0,0.24159425765017
8242,エイチ・ツー・オー　リテイリング,プライム（内国株式）,小売,2026-10-07,400,True,2793.0,2814.0,2770.0,2812.5,2760.0,2808.0,2760.0,2800.0,2763.2,2847.64,2846.5866666666666,2856.62,-8.980000000000018,down,-28.333333333333343,-84.98168498168499,44.37799043062201,3070.0,2930.0,2693.5,1.7841632889403547,-1.234004298296132,-8.387622149837137,-4.010238907849828,False,False,1045252970.0,412500.0,408400.0,1.0100391772771793,284400.0,1.4504219409282701
8252,丸井グループ,プライム（内国株式）,小売,2026-10-07,400,True,2758.0,2774.5,2755.0,2760.0,2732.0,2758.0,2727.5,2758.0,2749.5,2853.48,2903.14,2861.1,-7.619999999999891,down,-81.66666666666667,-82.41758241758241,31.82423435419441,3280.0,2930.5,2710.5,0.3818876159301654,-3.2759998317843486,-15.85365853658537,-5.81811977478246,False,False,2530002090.0,888500.0,720400.0,1.233342587451416,1214700.0,0.7314563266650201
8253,クレディセゾン,プライム（内国株式）,金融（除く銀行）,2026-10-07,400,True,4395.0,4420.0,4311.0,4311.0,4376.0,4395.0,4350.0,4379.0,4372.2,4569.04,4583.653333333334,4586.28,-17.23999999999978,down,-88.33333333333333,-76.23626373626374,28.771929824561404,4940.0,4716.0,4311.0,-1.3997529847673884,-5.647575858386011,-12.732793522267205,-8.587786259541986,False,False,3889716260.0,673800.0,731800.0,0.9207433725061492,847200.0,0.7953257790368272
8255,アクシアル　リテイリング,プライム（内国株式）,小売,2026-10-07,400,True,1275.0,1283.0,1260.0,1266.0,1270.0,1280.0,1263.0,1273.0,1272.4,1298.88,1226.4933333333333,1299.04,-0.15999999999985448,down,-92.91666666666667,3.495115995115994,30.89005235602094,1363.0,1363.0,1256.0,-0.502986482238299,-2.531411677753148,-7.116654438738079,-7.116654438738079,False,False,207738440.0,153900.0,154600.0,0.9954721862871928,110700.0,1.3902439024390243
8267,イオン,プライム（内国株式）,小売,2026-10-07,400,True,1220.0,1234.5,1217.5,1217.5,1234.0,1235.0,1223.0,1226.0,1229.9,1321.54,1353.98,1327.18,-5.6400000000001,down,-93.75,-84.53907203907205,18.867924528301888,2920.0,1425.0,1209.0,-1.0082120497601488,-7.87263344280158,-58.30479452054795,-14.561403508771932,False,False,12769127950.0,8592900.0,7241900.0,1.186553252599456,15571500.0,0.5518350833253058
8273,イズミ,プライム（内国株式）,小売,2026-10-07,400,True,945.0,949.0,935.0,935.0,940.0,947.0,936.0,943.0,942.4,986.16,992.64,990.48,-4.32000000000005,down,-93.33333333333333,-96.55067155067154,26.27118644067797,1116.0,1021.0,929.0,-0.7852292020373519,-5.18779914009897,-16.218637992831543,-8.423114593535752,False,False,348676980.0,328600.0,401000.0,0.8194513715710723,781900.0,0.4202583450569127
8276,平和堂,プライム（内国株式）,小売,2026-10-07,400,True,2521.0,2535.0,2507.0,2518.0,2531.0,2554.0,2525.0,2527.0,2541.0,2649.0,2629.6,2655.76,-6.760000000000218,down,-98.33333333333334,-61.965811965811966,18.125,3250.0,2754.0,2504.0,-0.9051554506099957,-4.945262363155911,-22.523076923076925,-8.569353667392887,False,False,422985940.0,95400.0,91900.0,1.0380848748639826,146500.0,0.6511945392491467
8278,フジ,プライム（内国株式）,小売,2026-10-07,400,True,1966.0,1981.0,1962.0,1980.0,1980.0,1983.0,1962.0,1966.0,1980.0,2034.44,2014.68,2038.92,-4.480000000000018,down,-86.66666666666667,-67.70451770451771,16.091954022988507,2305.0,2116.0,1962.0,0.0,-2.675920646467822,-14.099783080260309,-6.427221172022679,False,False,220776140.0,88200.0,109900.0,0.802547770700637,108600.0,0.8121546961325967
8281,ゼビオホールディングス,プライム（内国株式）,小売,2026-10-07,400,True,1063.0,1074.0,1062.0,1066.0,1066.0,1079.0,1066.0,1069.0,1075.0,1117.32,1113.4133333333334,1121.8,-4.480000000000018,down,-95.0,-70.1159951159951,25.40983606557377,1251.0,1147.0,1057.0,-0.8372093023255811,-4.593133569612995,-14.788169464428458,-7.061900610287708,False,False,113166600.0,75600.0,95600.0,0.7907949790794979,116000.0,0.6517241379310345
8282,ケーズホールディングス,プライム（内国株式）,小売,2026-10-07,400,True,1715.0,1715.5,1673.5,1682.5,1714.0,1739.0,1697.0,1720.0,1711.4,1843.1,1875.6,1853.6,-10.5,down,-93.33333333333333,-84.6001221001221,21.43884892086331,2201.0,1918.5,1673.5,-1.6886759378286875,-8.713580380880037,-23.557473875511135,-12.301277039353664,False,False,1649897530.0,941300.0,1000400.0,0.9409236305477809,609600.0,1.5441272965879265
8303,ＳＢＩ新生銀行,プライム（内国株式）,銀行,2026-10-07,205,False,1521.0,1525.0,1470.0,1473.5,1516.0,1534.5,1506.5,1529.5,1507.7,1567.92,1510.52,1572.22,-4.2999999999999545,down,-87.08333333333333,-27.594627594627585,31.566548881036518,,1644.0,1470.0,-2.26835577369503,-6.021990917903974,,-10.371046228710467,False,False,4671785180.0,3620500.0,1944600.0,1.8618224827728067,3707200.0,0.9766130772550712
8304,あおぞら銀行,プライム（内国株式）,銀行,2026-10-07,400,True,3439.0,3465.0,3387.0,3387.0,3415.0,3452.0,3401.0,3447.0,3422.4,3448.6,3187.826666666667,3450.28,-1.680000000000291,down,-78.33333333333334,20.558608058608062,39.92297817715019,3593.0,3593.0,3321.0,-1.0343618513323993,-1.7862320941831489,-5.733370442527141,-5.733370442527141,True,False,3943969100.0,1149300.0,759900.0,1.5124358468219503,1549400.0,0.7417710081321802
8306,三菱ＵＦＪフィナンシャル・グループ,プライム（内国株式）,銀行,2026-10-07,400,True,3657.0,3703.0,3622.0,3622.0,3615.0,3682.0,3606.0,3671.0,3607.6,3661.88,3555.3333333333335,3663.32,-1.4400000000000546,down,-41.66666666666667,-34.1117216117216,44.3287037037037,3813.0,3795.0,3541.0,0.3991573345160315,-1.089058079456462,-5.009179124049301,-4.558629776021084,True,False,141132975100.0,31953500.0,35290200.0,0.9054496715802121,53609400.0,0.5960428581554728
8308,りそなホールディングス,プライム（内国株式）,銀行,2026-10-07,400,True,2571.0,2577.0,2511.0,2512.5,2568.0,2618.5,2534.0,2610.0,2523.2,2507.62,2369.74,2507.62,0.0,flat,0.0,5.769230769230771,47.89540816326531,2618.5,2618.5,2405.5,-0.42406467977170736,0.19460683835670345,-4.048119152186369,-4.048119152186369,False,False,28056327550.0,13346600.0,10739400.0,1.2427696146898337,9041500.0,1.476148869103578
8309,三井住友トラストグループ,プライム（内国株式）,銀行,2026-10-07,400,True,1789.5,1793.5,1753.0,1754.5,1773.5,1796.5,1761.5,1796.5,1765.5,1775.22,1691.5466666666666,1776.62,-1.3999999999998636,down,-44.99999999999999,-19.87179487179487,43.73219373219373,1822.5,1817.0,1716.0,-0.6230529595015577,-1.1671792791879354,-3.731138545953361,-3.4397358282883927,True,False,16911833220.0,10697200.0,8076400.0,1.3245010153038483,9802400.0,1.0912837672406757
8316,三井住友フィナンシャルグループ,プライム（内国株式）,銀行,2026-10-07,400,True,3457.0,3473.0,3372.0,3372.0,3389.0,3429.0,3376.0,3429.0,3375.8,3441.36,3396.5466666666666,3444.52,-3.1599999999998545,down,-46.66666666666666,-54.349816849816854,42.34475374732334,3630.0,3547.0,3300.0,-0.1125659103027532,-2.0154822512030157,-7.107438016528922,-4.933746828305607,True,False,73902635800.0,18110900.0,17888600.0,1.0124269087575328,29951800.0,0.6046681668547467
8331,千葉銀行,プライム（内国株式）,銀行,2026-10-07,400,True,2861.0,2894.0,2798.5,2798.5,2830.0,2896.0,2819.0,2890.0,2818.3,2788.8,2712.0933333333332,2789.44,-0.6399999999998727,down,-10.000000000000009,3.0525030525030528,52.04379562043796,2896.0,2896.0,2641.0,-0.7025511833374742,0.3478198508318986,-3.3667127071823177,-3.3667127071823177,False,False,7432217620.0,2443800.0,2764400.0,0.8840254666473738,2672800.0,0.9143220592636935
8334,群馬銀行,プライム（内国株式）,銀行,2026-10-07,400,True,3070.0,3101.0,3025.0,3044.0,3031.0,3109.0,3023.0,3109.0,3048.2,2967.96,2685.8533333333335,2959.42,8.539999999999964,up,-70.0,84.43223443223444,56.08856088560885,3227.0,3227.0,2770.5,-0.1377862344990377,2.56202913785899,-5.670901766346448,-5.670901766346448,False,False,3505260180.0,1100100.0,856500.0,1.2844133099824868,1045500.0,1.0522238163558106
8336,武蔵野銀行,プライム（内国株式）,銀行,2026-10-07,400,True,2988.0,3025.0,2928.0,2936.0,2968.0,3025.0,2952.0,3015.0,2939.2,2862.76,2707.266666666667,2857.12,5.640000000000327,up,6.666666666666665,80.34188034188034,57.89473684210527,3025.0,3025.0,2707.0,-0.10887316276537717,2.5583702441000833,-2.9421487603305763,-2.9421487603305763,False,False,780818140.0,196200.0,270900.0,0.7242524916943521,267800.0,0.7326362957430919
8337,千葉興業銀行,プライム（内国株式）,銀行,2026-10-07,400,True,2820.0,2846.0,2760.0,2760.0,2780.0,2848.0,2770.0,2848.0,2772.0,2721.88,2652.9466666666667,2722.6,-0.7199999999997999,down,-13.33333333333333,21.978021978021978,54.79651162790697,2866.0,2848.0,2587.0,-0.43290043290042934,1.4005025937954718,-3.6985345429169536,-3.08988764044944,False,False,415521180.0,150300.0,224600.0,0.6691896705253785,104700.0,1.4355300859598854
8338,筑波銀行,プライム（内国株式）,銀行,2026-10-07,400,True,853.0,886.0,831.0,832.0,839.0,862.0,822.0,860.0,827.6,768.92,697.5466666666666,765.92,3.0,up,87.91666666666667,58.012820512820504,66.79536679536679,886.0,886.0,692.0,0.531657805703234,8.203714300577447,-6.094808126410833,-6.094808126410833,False,False,1900999020.0,2033600.0,2203700.0,0.9228116349775378,2476000.0,0.821324717285945
8341,七十七銀行,プライム（内国株式）,銀行,2026-10-07,400,True,4199.0,4240.0,4122.0,4125.0,4148.0,4230.0,4122.0,4222.0,4127.8,4058.8,3731.88,4051.8,7.0,up,-3.3333333333333437,81.99023199023199,51.42594296228151,4264.0,4264.0,3819.0,-0.067832743834495,1.6310239479649047,-3.25984990619137,-3.25984990619137,False,False,3104572620.0,635900.0,648100.0,0.9811757444838759,728100.0,0.8733690427139129
8343,秋田銀行,プライム（内国株式）,銀行,2026-10-07,400,True,1971.0,1998.0,1909.0,1916.0,1996.0,2002.0,1956.0,1992.0,1989.6,1903.76,1634.48,1899.6,4.160000000000082,up,-85.00000000000001,88.2020757020757,52.32558139534884,2109.0,2109.0,1770.0,-3.6992360273421787,0.6429381854855754,-9.151256519677576,-9.151256519677576,False,False,2878130740.0,928600.0,792300.0,1.1720307964154992,644000.0,1.4419254658385092
8344,山形銀行,プライム（内国株式）,銀行,2026-10-07,400,True,5760.0,6000.0,5670.0,5700.0,5700.0,5840.0,5560.0,5790.0,5668.0,5136.0,4347.4,5097.2,38.80000000000018,up,26.249999999999996,91.9108669108669,70.94017094017094,6000.0,6000.0,4515.0,0.5645730416372619,10.981308411214963,-5.000000000000004,-5.000000000000004,False,False,1323850800.0,165200.0,207500.0,0.796144578313253,146700.0,1.1261077027948194
8345,岩手銀行,プライム（内国株式）,銀行,2026-10-07,400,True,2751.0,2811.0,2684.0,2684.0,2799.0,2830.0,2742.0,2779.0,2774.8,2686.8,2370.6133333333332,2682.08,4.720000000000255,up,-97.08333333333334,83.56227106227107,49.44134078212291,2929.0,2929.0,2472.0,-3.272307914083905,-0.10421319041239441,-8.364629566404913,-8.364629566404913,True,False,1783225620.0,658100.0,594400.0,1.1071668909825034,250200.0,2.6302957633892885
8346,東邦銀行,プライム（内国株式）,銀行,2026-10-07,400,True,1145.0,1165.0,1118.0,1124.0,1137.0,1158.0,1126.0,1153.0,1124.4,1043.64,930.1066666666667,1038.36,5.2800000000002,up,62.916666666666664,91.88034188034187,67.19745222929936,1165.0,1165.0,963.0,-0.03557452863750532,7.699973170825181,-3.519313304721028,-3.519313304721028,False,False,1536238920.0,1075000.0,1008300.0,1.0661509471387485,1078600.0,0.9966623400704617
8354,ふくおかフィナンシャルグループ,プライム（内国株式）,銀行,2026-10-07,400,True,7988.0,8047.0,7756.0,7756.0,7900.0,8040.0,7886.0,8033.0,7843.8,7829.04,7533.8133333333335,7832.64,-3.600000000000364,down,-19.999999999999996,3.8461538461538436,47.88952579468474,8060.0,8060.0,7580.0,-1.1193554144674822,-0.9329368607134514,-3.7717121588089375,-3.7717121588089375,True,False,8350756400.0,1251700.0,856100.0,1.4620955495853287,781400.0,1.6018684412592783
8358,スルガ銀行,プライム（内国株式）,銀行,2026-10-07,400,True,2985.0,3020.0,2945.0,2955.0,2958.0,3045.0,2944.0,3025.0,2961.8,2908.84,2746.9466666666667,2910.04,-1.199999999999818,down,41.666666666666664,-16.224053724053732,56.76077265973254,3045.0,3045.0,2726.0,-0.22959011411979313,1.5868868689924431,-2.9556650246305383,-2.9556650246305383,False,False,4252294720.0,752400.0,1298000.0,0.5796610169491525,1003500.0,0.7497757847533633
8359,八十二長野銀行,プライム（内国株式）,銀行,2026-10-07,400,True,2820.0,2844.5,2753.5,2753.5,2810.0,2859.0,2797.5,2847.5,2793.6,2751.04,2615.6466666666665,2748.8,2.2399999999997817,up,-46.66666666666666,58.97435897435898,51.34048257372654,2891.5,2891.5,2613.0,-1.4354238258877383,0.08942072816098268,-4.77260937229812,-4.77260937229812,False,False,3986804540.0,1263600.0,1270500.0,0.99456906729634,1493900.0,0.8458397483097931
8360,山梨中央銀行,プライム（内国株式）,銀行,2026-10-07,400,True,1571.0,1597.0,1513.0,1525.0,1531.0,1601.0,1523.0,1594.0,1530.0,1475.16,1385.9866666666667,1473.44,1.7200000000000273,up,13.33333333333333,64.07203907203906,56.2929061784897,1601.0,1601.0,1362.0,-0.32679738562091387,3.3786165568480575,-4.747033104309805,-4.747033104309805,False,False,1052507600.0,774100.0,756500.0,1.0232650363516194,686500.0,1.127603787327021
8361,大垣共立銀行,プライム（内国株式）,銀行,2026-10-07,400,True,1910.0,1944.0,1865.0,1871.0,1890.0,1934.0,1870.0,1925.0,1850.4,1706.88,1592.8533333333332,1697.72,9.160000000000082,up,90.0,83.36385836385837,76.6743648960739,1944.0,1944.0,1572.0,1.1132728058798058,9.615204349456308,-3.755144032921809,-3.755144032921809,False,False,1711401600.0,789200.0,931000.0,0.8476906552094522,655500.0,1.2039664378337147
8362,福井銀行,プライム（内国株式）,銀行,2026-10-07,400,True,8530.0,8750.0,8350.0,8410.0,8440.0,8650.0,8340.0,8590.0,8358.0,7700.8,6583.333333333333,7652.8,48.0,up,70.0,92.82661782661783,64.96062992125984,8750.0,8750.0,6990.0,0.6221584111031353,9.20943278620403,-3.8857142857142812,-3.8857142857142812,False,False,1118246400.0,131000.0,144800.0,0.9046961325966851,99600.0,1.3152610441767068
8364,清水銀行,プライム（内国株式）,銀行,2026-10-07,400,True,3275.0,3380.0,3240.0,3260.0,3245.0,3345.0,3230.0,3345.0,3265.0,3196.0,2879.16,3194.0,2.0,up,4.583333333333329,43.91025641025641,57.971014492753625,3380.0,3380.0,3015.0,-0.15313935681470214,2.0025031289111483,-3.5502958579881616,-3.5502958579881616,False,False,153868700.0,38400.0,33100.0,1.1601208459214503,41700.0,0.920863309352518
8366,滋賀銀行,プライム（内国株式）,銀行,2026-10-07,400,True,3130.0,3170.0,3095.0,3125.0,3100.0,3180.0,3090.0,3180.0,3090.0,2931.96,2721.653333333333,2919.64,12.320000000000164,up,69.16666666666667,87.75946275946276,64.6900269541779,3180.0,3180.0,2749.0,1.132686084142387,6.583991596065419,-1.7295597484276781,-1.7295597484276781,False,False,1826397000.0,704200.0,593100.0,1.1873208565166076,702100.0,1.0029910269192424
8367,南都銀行,プライム（内国株式）,銀行,2026-10-07,400,True,2065.0,2083.0,2016.0,2022.0,2044.0,2080.0,2035.0,2080.0,2036.2,1998.52,1891.1866666666667,1995.88,2.6399999999998727,up,-64.99999999999999,76.03785103785103,53.76106194690266,2121.0,2121.0,1860.0,-0.6973774678322386,1.1748694033584917,-4.667609618104662,-4.667609618104662,False,False,590399800.0,261300.0,262400.0,0.9958079268292683,577700.0,0.4523108880041544
8368,百五銀行,プライム（内国株式）,銀行,2026-10-07,400,True,2698.0,2726.0,2627.0,2640.0,2651.0,2750.0,2631.0,2732.0,2632.6,2485.04,2222.72,2477.16,7.880000000000109,up,44.58333333333333,80.9981684981685,67.12095400340715,2750.0,2750.0,2274.0,0.28109093671655483,6.235714515661717,-4.0000000000000036,-4.0000000000000036,False,False,2060627000.0,917500.0,792300.0,1.1580209516597249,884000.0,1.03789592760181
8370,紀陽銀行,プライム（内国株式）,銀行,2026-10-07,400,True,1797.0,1806.0,1744.0,1750.0,1766.0,1808.0,1755.0,1803.0,1763.2,1732.386669921875,1627.8177766927083,1730.386669921875,2.0,up,-28.333333333333343,79.25824175824175,53.482973452531446,1823.3333740234375,1823.3333740234375,1628.3333740234375,-0.7486388384755016,1.0167089359397696,-4.021939984656631,-4.021939984656631,False,False,766302180.0,523200.0,391700.0,1.3357161092672964,457200.0,1.1443569553805775
8377,ほくほくフィナンシャルグループ,プライム（内国株式）,銀行,2026-10-07,400,True,891.0,899.5999755859375,869.2000122070312,871.2000122070312,877.5,902.9000244140625,868.5999755859375,896.7000122070312,879.1599975585938,847.1039990234375,785.9106656901041,845.6919995117188,1.4119995117187045,up,-10.000000000000009,62.98840048840049,55.50608893013859,935.2999877929688,935.2999877929688,791.0,-0.9054080455966118,2.844516518794893,-6.85341349540638,-6.85341349540638,False,False,5003353964.400635,3753700.0,5886700.0,0.6376577709072995,4035000.0,0.9302850061957869
8381,山陰合同銀行,プライム（内国株式）,銀行,2026-10-07,400,True,2620.0,2647.0,2570.0,2570.0,2589.0,2655.0,2585.0,2647.0,2581.8,2600.04,2486.16,2602.16,-2.119999999999891,down,-64.99999999999999,-23.275335775335783,47.387387387387385,2701.0,2701.0,2477.0,-0.4570454721512185,-1.1553668405101414,-4.850055534987041,-4.850055534987041,True,False,1638564280.0,762100.0,621900.0,1.2254381733397652,383100.0,1.9892978334638476
8386,百十四銀行,プライム（内国株式）,銀行,2026-10-07,400,True,3285.0,3335.0,3215.0,3240.0,3270.0,3340.0,3245.0,3335.0,3253.0,3149.32,2910.2,3145.12,4.200000000000273,up,1.6666666666666718,59.72222222222222,58.9041095890411,3340.0,3340.0,2937.0,-0.39963110974484684,2.8793517330725216,-2.9940119760479056,-2.9940119760479056,False,False,936726400.0,274100.0,243000.0,1.1279835390946502,234500.0,1.168869936034115
8387,四国銀行,プライム（内国株式）,銀行,2026-10-07,400,True,4770.0,4840.0,4660.0,4700.0,4710.0,4825.0,4625.0,4805.0,4694.0,4228.6,3581.9066666666668,4185.2,43.400000000000546,up,59.583333333333336,97.55799755799755,68.70748299319727,4855.0,4855.0,3695.0,0.12782275244993535,11.147897649340187,-3.192584963954681,-3.192584963954681,False,False,1694652500.0,229900.0,332800.0,0.6908052884615384,173100.0,1.3281340265742345
8388,阿波銀行,プライム（内国株式）,銀行,2026-10-07,400,True,2293.0,2336.0,2258.0,2261.0,2243.0,2330.0,2230.0,2315.0,2250.2,2089.92,1793.3333333333333,2081.08,8.840000000000146,up,73.33333333333334,87.17948717948718,66.110183639399,2336.0,2336.0,1932.0,0.47995733712560273,8.185959271168276,-3.210616438356162,-3.210616438356162,False,False,1663129320.0,623200.0,703100.0,0.8863604039254729,657000.0,0.9485540334855403
8392,大分銀行,プライム（内国株式）,銀行,2026-10-07,400,True,3395.0,3445.0,3305.0,3305.0,3385.0,3450.0,3330.0,3420.0,3317.0,3122.68,2778.4666666666667,3106.56,16.11999999999989,up,33.333333333333336,89.88095238095238,63.63636363636363,3450.0,3450.0,2888.0,-0.3617726861621984,5.8385745577516746,-4.202898550724643,-4.202898550724643,False,False,791477200.0,229500.0,282300.0,0.8129649309245484,326700.0,0.7024793388429752
8393,宮崎銀行,プライム（内国株式）,銀行,2026-10-07,400,True,2993.0,3050.0,2897.0,2905.0,2969.0,3040.0,2941.0,3040.0,2946.6,2773.24,2464.64,2758.8,14.4399999999996,up,-21.666666666666657,92.3076923076923,61.771844660194176,3050.0,3050.0,2511.0,-1.4117966469829657,4.7511214319712725,-4.754098360655734,-4.754098360655734,False,False,1076257660.0,353400.0,366000.0,0.9655737704918033,305900.0,1.15527950310559
8395,佐賀銀行,プライム（内国株式）,銀行,2026-10-07,400,True,7120.0,7280.0,7060.0,7110.0,7100.0,7270.0,7050.0,7240.0,7060.0,6751.6,6095.2,6732.4,19.200000000000728,up,43.75,86.15689865689866,63.576158940397356,7280.0,7280.0,6310.0,0.7082152974504208,5.308371349013563,-2.335164835164838,-2.335164835164838,False,False,465344200.0,54300.0,73300.0,0.7407912687585266,54200.0,1.0018450184501846
8399,琉球銀行,プライム（内国株式）,銀行,2026-10-07,400,True,3265.0,3320.0,3185.0,3185.0,3270.0,3315.0,3245.0,3305.0,3254.0,3275.2,3021.16,3279.4,-4.200000000000273,down,-78.75000000000001,34.03540903540904,41.333333333333336,3435.0,3435.0,3105.0,-2.120467117393976,-2.754030288226672,-7.278020378457062,-7.278020378457062,True,False,540394300.0,132500.0,131900.0,1.0045489006823352,154200.0,0.8592736705577172
8410,セブン銀行,プライム（内国株式）,銀行,2026-10-07,400,True,345.6000061035156,345.6000061035156,338.79998779296875,340.6000061035156,337.5,342.0,337.0,340.3999938964844,339.25999755859374,340.96,320.18,340.8840002441406,0.07599975585935681,up,-80.41666666666667,34.18803418803419,41.98719829727964,351.0,351.0,331.3999938964844,0.39497982507956664,-0.10558244265730377,-2.962961224069627,-2.962961224069627,True,False,1587382517.8735352,5245900.0,4138700.0,1.267523618527557,3398800.0,1.5434565140637873
8411,みずほフィナンシャルグループ,プライム（内国株式）,銀行,2026-10-07,400,True,8800.0,8903.0,8644.0,8644.0,8721.0,8857.0,8705.0,8857.0,8645.2,8631.8,8362.186666666666,8625.48,6.319999999999709,up,18.333333333333336,8.119658119658125,47.36652236652237,8903.0,8903.0,8278.0,-0.013880534863286442,0.14133784378693726,-2.909131753341565,-2.909131753341565,False,False,76583749560.0,7456900.0,8714200.0,0.8557182529664226,9815900.0,0.7596756283173219
8418,山口フィナンシャルグループ,プライム（内国株式）,銀行,2026-10-07,400,True,3575.0,3618.0,3526.0,3532.0,3465.0,3615.0,3464.0,3604.0,3519.8,3341.6,3130.7266666666665,3328.24,13.360000000000127,up,-8.333333333333325,81.5018315018315,65.16129032258064,3618.0,3618.0,3103.0,0.34661060287515255,5.697869284175239,-2.3770038695411833,-2.3770038695411833,False,False,2041074380.0,479300.0,629000.0,0.7620031796502384,509800.0,0.9401726167124362
8424,芙蓉総合リース,プライム（内国株式）,金融（除く銀行）,2026-10-07,400,True,4260.0,4272.0,4218.0,4225.0,4266.0,4290.0,4246.0,4265.0,4284.0,4435.36,4381.84,4443.2,-7.8400000000001455,down,-95.0,-23.901098901098905,33.1193838254172,4664.0,4595.0,4218.0,-1.377217553688137,-4.742794271490924,-9.41252144082333,-8.05223068552775,False,False,869688680.0,180500.0,183700.0,0.9825802939575394,213800.0,0.8442469597754911
8425,みずほリース,プライム（内国株式）,金融（除く銀行）,2026-10-07,400,True,1286.0,1288.0,1267.0,1268.0,1290.0,1291.0,1280.0,1286.0,1286.8,1348.04,1328.12,1352.48,-4.440000000000055,down,-96.66666666666666,-76.61782661782661,26.190476190476193,1544.0,1386.0,1267.0,-1.460988498601179,-5.937509272721875,-17.87564766839378,-8.513708513708519,False,False,842308640.0,701000.0,445700.0,1.5728068207314336,512100.0,1.3688732669400507
8439,東京センチュリー,プライム（内国株式）,金融（除く銀行）,2026-10-07,400,True,2632.0,2649.5,2592.5,2597.5,2640.0,2648.5,2612.0,2642.0,2613.5,2670.12,2595.04,2674.08,-3.9600000000000364,down,-56.666666666666664,-52.07570207570207,42.56120527306968,2794.0,2755.0,2568.5,-0.6122058542184838,-2.719727952301765,-7.032927702219038,-5.716878402903813,False,False,2099456620.0,680400.0,1022500.0,0.6654278728606356,791300.0,0.8598508783015292
8473,ＳＢＩホールディングス,プライム（内国株式）,金融（除く銀行）,2026-10-07,400,True,3114.0,3125.0,3038.0,3038.0,3107.0,3135.0,3100.0,3133.0,3091.6,3233.04,3021.193333333333,3248.6,-15.559999999999945,down,-80.0,-80.0976800976801,31.25810635538262,3866.0,3438.0,3038.0,-1.7337301073877542,-6.032712246059435,-21.417485773409204,-11.634671320535194,False,False,8505480940.0,2718100.0,2411300.0,1.127234271969477,6382500.0,0.42586760673717194
8511,日本証券金融,プライム（内国株式）,金融（除く銀行）,2026-10-07,400,True,2315.0,2315.0,2262.0,2269.0,2335.0,2343.0,2310.0,2324.0,2339.0,2450.12,2427.08,2461.52,-11.400000000000091,down,-95.0,-59.53907203907205,32.4435318275154,2599.0,2544.0,2262.0,-2.9927319367251015,-7.392290989829064,-12.697191227395155,-10.809748427672961,False,False,957829860.0,695100.0,391300.0,1.776386404293381,282200.0,2.4631467044649185
8522,名古屋銀行,プライム（内国株式）,銀行,2026-10-07,400,True,7200.0,7290.0,7050.0,7080.0,7230.0,7280.0,7120.0,7250.0,7176.0,7196.8,6733.733333333334,7200.8,-4.0,down,-86.66666666666667,22.420634920634917,47.27272727272727,7540.0,7540.0,6880.0,-1.3377926421404673,-1.6229435304579876,-6.10079575596817,-6.10079575596817,True,False,1005879000.0,134400.0,110800.0,1.2129963898916967,138100.0,0.9732078204199855
8524,北洋銀行,プライム（内国株式）,銀行,2026-10-07,400,True,1383.0,1400.0,1355.0,1355.0,1363.0,1400.0,1353.0,1398.0,1366.0,1333.12,1234.7733333333333,1331.16,1.959999999999809,up,-13.33333333333333,75.77838827838828,54.65116279069767,1400.0,1400.0,1251.0,-0.8052708638360162,1.6412626020163357,-3.214285714285714,-3.214285714285714,False,False,2001698600.0,1217400.0,1132700.0,1.0747770813101438,1614300.0,0.7541349191600074
8541,愛媛銀行,プライム（内国株式）,銀行,2026-10-07,400,True,3605.0,3710.0,3490.0,3520.0,3585.0,3665.0,3525.0,3645.0,3583.0,3382.8,2848.786666666667,3370.6,12.200000000000273,up,-70.0,90.30830280830281,62.34567901234568,3735.0,3735.0,3135.0,-1.758303097962599,4.055811753576921,-5.756358768406966,-5.756358768406966,False,False,749565700.0,265800.0,131800.0,2.016691957511381,279300.0,0.9516648764769066
8544,京葉銀行,プライム（内国株式）,銀行,2026-10-07,400,True,3000.0,3060.0,2943.0,2956.0,2953.0,3050.0,2953.0,3045.0,2962.6,2885.12,2727.48,2880.96,4.1599999999998545,up,-8.333333333333325,70.51282051282051,55.99435825105783,3060.0,3060.0,2727.0,-0.22277729021804582,2.4567435669920146,-3.3986928104575154,-3.3986928104575154,False,False,1075438360.0,308600.0,368400.0,0.8376764386536374,308600.0,1.0
8550,栃木銀行,プライム（内国株式）,銀行,2026-10-07,400,True,1200.0,1225.0,1171.0,1181.0,1212.0,1230.0,1191.0,1229.0,1194.8,1130.4,1041.4133333333334,1126.92,3.480000000000018,up,-3.3333333333333437,79.94505494505495,63.1578947368421,1230.0,1230.0,1027.0,-1.1550050217609575,4.476291578202396,-3.98373983739837,-3.98373983739837,False,False,1063943360.0,1071000.0,797000.0,1.343789209535759,619500.0,1.728813559322034
8551,北日本銀行,プライム（内国株式）,銀行,2026-10-07,400,True,2960.0,3025.0,2913.0,2940.0,2968.0,3055.0,2925.0,3030.0,2964.2,2828.2533203125,2368.173328450521,2818.386650390625,9.866669921874745,up,-1.6666666666666607,91.92612942612942,56.75168915856085,3100.0,3100.0,2656.666748046875,-0.8164091491802083,3.9510845398796457,-5.161290322580648,-5.161290322580648,False,False,447331180.0,126400.0,133200.0,0.948948948948949,98700.0,1.2806484295846
8558,東和銀行,プライム（内国株式）,銀行,2026-10-07,400,True,1577.0,1585.0,1513.0,1527.0,1543.0,1593.0,1537.0,1584.0,1546.4,1512.6,1451.8533333333332,1511.36,1.240000000000009,up,-61.25000000000001,80.66239316239316,53.77358490566038,1623.0,1606.0,1410.0,-1.2545266425245782,0.9520031733439183,-5.914972273567464,-4.919053549190533,False,False,363778680.0,223800.0,251600.0,0.8895071542130366,168500.0,1.3281899109792286
8566,リコーリース,プライム（内国株式）,金融（除く銀行）,2026-10-07,400,True,6410.0,6440.0,6320.0,6320.0,6470.0,6500.0,6420.0,6430.0,6458.0,6753.2,6591.733333333334,6775.6,-22.400000000000546,down,-95.0,-38.78205128205128,20.408163265306122,6950.0,6950.0,6320.0,-2.1368844843604795,-6.414736717408043,-9.064748201438844,-9.064748201438844,False,False,327418400.0,51500.0,30900.0,1.6666666666666667,36300.0,1.418732782369146
8570,イオンフィナンシャルサービス,プライム（内国株式）,金融（除く銀行）,2026-10-07,400,True,1515.0,1518.0,1497.5,1500.5,1492.0,1511.5,1490.5,1506.5,1496.6,1598.8,1577.68,1606.1,-7.2999999999999545,down,-85.00000000000001,-80.9065934065934,22.676579925650557,1860.0,1665.0,1461.5,0.2605906721903084,-6.148361270953218,-19.32795698924731,-9.879879879879883,False,False,1056495420.0,598500.0,598600.0,0.9998329435349148,743400.0,0.8050847457627118
8584,ジャックス,プライム（内国株式）,金融（除く銀行）,2026-10-07,400,True,3425.0,3450.0,3410.0,3430.0,3450.0,3460.0,3420.0,3430.0,3447.0,3672.2,3682.2,3689.0,-16.800000000000182,down,-92.08333333333334,-91.40720390720392,20.388349514563107,4465.0,3790.0,3400.0,-0.49318247751668487,-6.595501334349974,-23.180291153415457,-9.49868073878628,False,False,595082300.0,134900.0,136300.0,0.9897285399853265,130300.0,1.0353031465848044
8585,オリエントコーポレーション,プライム（内国株式）,金融（除く銀行）,2026-10-07,400,True,784.0,785.0,771.0,782.0,791.0,793.0,787.0,789.0,790.0,837.8,862.72,841.76,-3.9600000000000364,down,-93.33333333333333,-80.9981684981685,19.379844961240313,1173.0,872.0,771.0,-1.0126582278481067,-6.660300787777507,-33.333333333333336,-10.321100917431192,False,False,652087180.0,794600.0,745000.0,1.0665771812080538,369300.0,2.1516382344976983
8591,オリックス,プライム（内国株式）,金融（除く銀行）,2026-10-07,400,True,5867.0,5954.0,5845.0,5877.0,5895.0,5919.0,5858.0,5870.0,5850.6,6087.28,6263.8533333333335,6100.92,-13.640000000000327,down,-60.00000000000001,-82.41758241758241,38.60811930405965,6680.0,6285.0,5733.0,0.4512357706901726,-3.454416422441542,-12.020958083832333,-6.491646778042959,False,False,22862525120.0,3399300.0,2400400.0,1.4161389768371937,3774400.0,0.9006199660873251
8593,三菱ＨＣキャピタル,プライム（内国株式）,金融（除く銀行）,2026-10-07,400,True,1316.0,1318.0,1300.0,1300.0,1320.0,1323.0,1309.0,1315.5,1312.3,1369.88,1382.68,1373.98,-4.099999999999909,down,-88.33333333333333,-86.01953601953602,28.35164835164835,1541.5,1405.5,1300.0,-0.9372856816276753,-5.101176745408365,-15.666558546869936,-7.506225542511558,False,False,6737095050.0,4838700.0,4098100.0,1.1807178936580367,4684300.0,1.0329611681574622
8595,ジャフコ　グループ,プライム（内国株式）,金融（除く銀行）,2026-10-07,400,True,2218.0,2222.5,2206.0,2209.0,2200.0,2220.5,2199.5,2209.5,2206.3,2260.72,2287.4066666666668,2266.28,-5.5600000000004,down,-85.00000000000001,-83.24175824175823,39.21052631578947,2665.0,2309.5,2184.5,0.12237682998683663,-2.2877667291836157,-17.110694183864915,-4.351591253518072,False,False,893434750.0,251600.0,322900.0,0.7791886032827501,285800.0,0.8803358992302309
8600,トモニホールディングス,プライム（内国株式）,銀行,2026-10-07,400,True,1212.0,1226.0,1184.0,1194.0,1197.0,1228.0,1188.0,1223.0,1195.8,1163.8,1043.84,1161.76,2.0399999999999636,up,-40.41666666666666,85.02747252747253,58.77192982456141,1234.0,1234.0,1090.0,-0.15052684395383542,2.594947585495788,-3.241491085899517,-3.241491085899517,False,False,577095580.0,474800.0,430900.0,1.101879786493386,426400.0,1.1135084427767354
8601,大和証券グループ本社,プライム（内国株式）,金融（除く銀行）,2026-10-07,400,True,1774.5,1791.5,1756.5,1761.5,1764.5,1783.5,1761.0,1772.5,1768.6,1822.92,1780.72,1826.98,-4.059999999999945,down,-78.33333333333334,-61.95054945054945,33.18250377073906,1898.0,1877.0,1725.5,-0.4014474725771766,-3.3693195532442544,-7.191780821917804,-6.1534363345764564,False,False,10295585790.0,6154200.0,4474200.0,1.375486120423763,5083900.0,1.2105273510493912
8604,野村ホールディングス,プライム（内国株式）,金融（除く銀行）,2026-10-07,400,True,1533.5,1545.0,1519.5,1519.5,1541.5,1545.5,1526.5,1537.0,1527.8,1600.48,1552.0866666666666,1605.38,-4.900000000000091,down,-73.33333333333334,-73.50427350427351,27.753934191702434,1688.0,1688.0,1500.0,-0.5432648252388983,-5.059732080375889,-9.982227488151663,-9.982227488151663,False,False,13402141880.0,7799000.0,7552600.0,1.0326245266530731,9393000.0,0.8302991589481529
8609,岡三証券グループ,プライム（内国株式）,金融（除く銀行）,2026-10-07,400,True,1231.0,1231.0,1214.0,1224.0,1223.0,1238.0,1214.0,1236.0,1227.0,1232.12,1117.4933333333333,1233.32,-1.2000000000000455,down,-78.33333333333334,11.477411477411481,49.763033175355446,1278.0,1278.0,1199.0,-0.24449877750610804,-0.6590267181767917,-4.225352112676061,-4.225352112676061,False,False,586829080.0,426800.0,310100.0,1.3763302160593356,742500.0,0.5748148148148148
8613,丸三証券,プライム（内国株式）,金融（除く銀行）,2026-10-07,400,True,1205.0,1210.0,1198.0,1203.0,1209.0,1211.0,1198.0,1209.0,1215.6,1275.48,1196.0,1280.4,-4.920000000000073,down,-91.25000000000001,-79.05982905982907,23.756906077348066,1328.0,1323.0,1195.0,-1.036525172754188,-5.682566563176216,-9.412650602409634,-9.0702947845805,False,False,277223120.0,175400.0,154500.0,1.135275080906149,219100.0,0.8005476951163852
8614,東洋証券,プライム（内国株式）,金融（除く銀行）,2026-10-07,400,True,687.0,694.0,686.0,694.0,686.0,695.0,686.0,695.0,692.8,712.76,678.8933333333333,715.32,-2.560000000000059,down,-56.25,-91.6971916971917,40.0,802.0,749.0,680.0,0.173210161662829,-2.632021998989842,-13.466334164588535,-7.343124165554071,False,False,274297300.0,246300.0,286700.0,0.8590861527729334,415000.0,0.5934939759036144
8616,東海東京フィナンシャル・ホールディングス,プライム（内国株式）,金融（除く銀行）,2026-10-07,400,True,893.0,900.0,881.0,881.0,889.0,901.0,882.0,901.0,890.4,892.84,831.6,894.4,-1.5599999999999454,down,-26.249999999999996,-39.68253968253968,45.33333333333333,928.0,911.0,855.0,-1.0557053009883188,-1.326105461224858,-5.06465517241379,-3.2930845225027428,True,False,1613284820.0,982400.0,1435100.0,0.684551599191694,1081600.0,0.908284023668639
8622,水戸証券,プライム（内国株式）,金融（除く銀行）,2026-10-07,400,True,850.0,857.0,841.0,843.0,859.0,866.0,850.0,856.0,863.2,924.68,824.7066666666667,930.88,-6.2000000000000455,down,-91.66666666666667,-93.68131868131869,22.727272727272727,1000.0,998.0,830.0,-2.340129749768305,-8.833326123631958,-15.700000000000003,-15.531062124248496,False,False,280313500.0,217600.0,252900.0,0.8604191379992092,383800.0,0.5669619593538301
8624,いちよし証券,プライム（内国株式）,金融（除く銀行）,2026-10-07,400,True,1616.0,1643.0,1603.0,1606.0,1630.0,1651.0,1621.0,1641.0,1628.6,1685.64,1582.7866666666666,1692.96,-7.319999999999936,down,-64.99999999999999,-77.35042735042734,35.733333333333334,1797.0,1788.0,1593.0,-1.38769495272012,-4.72461498303316,-10.628825820812459,-10.17897091722595,False,False,254083960.0,91900.0,154500.0,0.594822006472492,106700.0,0.8612933458294283
8628,松井証券,プライム（内国株式）,金融（除く銀行）,2026-10-07,400,True,1126.0,1145.0,1124.0,1130.0,1119.0,1133.0,1115.0,1132.0,1122.8,1165.88,1091.4933333333333,1169.12,-3.2399999999997817,down,-21.666666666666657,-83.5164835164835,32.6530612244898,1226.0,1226.0,1075.0,0.6412540078375439,-3.0775036882011997,-7.8303425774877695,-7.8303425774877695,False,False,1852609640.0,668400.0,850400.0,0.7859830667920978,795200.0,0.8405432595573441
8630,ＳＯＭＰＯホールディングス,プライム（内国株式）,金融（除く銀行）,2026-10-07,400,True,6589.0,6686.0,6555.0,6561.0,6598.0,6674.0,6575.0,6652.0,6586.2,6765.92,6738.746666666667,6777.92,-12.0,down,-71.66666666666666,-45.467032967032964,35.955831608005525,7413.0,7023.0,6470.0,-0.38261820169445127,-3.0287085865632446,-11.493322541481177,-6.578385305425027,False,False,14747216580.0,2192300.0,1883400.0,1.1640118933843049,2516100.0,0.8713087715114661
8697,日本取引所グループ,プライム（内国株式）,金融（除く銀行）,2026-10-07,400,True,2296.0,2316.5,2272.5,2281.0,2310.0,2326.0,2300.0,2309.0,2302.0,2246.18,2212.6866666666665,2246.66,-0.4800000000000182,down,-43.333333333333336,54.28876678876679,57.554786620530564,2363.5,2363.5,2171.5,-0.9122502172024372,1.5501874293244677,-3.490585995345885,-3.490585995345885,False,False,6663703440.0,3012500.0,2611700.0,1.1534632614771987,5537200.0,0.5440475330491945
8698,マネックスグループ,プライム（内国株式）,金融（除く銀行）,2026-10-07,400,True,684.0,689.0,679.0,685.0,687.0,693.0,682.0,690.0,690.4,714.32,703.32,717.52,-3.199999999999932,down,-80.41666666666667,-82.73809523809523,33.87096774193548,859.0,737.0,679.0,-0.7821552723059066,-4.104602979057015,-20.256111757857976,-7.055630936227953,False,False,977140240.0,1630500.0,972800.0,1.6760896381578947,1365800.0,1.1938058280861035
8706,極東証券,プライム（内国株式）,金融（除く銀行）,2026-10-07,400,True,1727.0,1738.0,1722.0,1726.0,1727.0,1741.0,1722.0,1739.0,1743.2,1860.72,1774.64,1870.48,-9.759999999999991,down,-91.25000000000001,-96.13858363858363,16.872427983539097,1970.0,1962.0,1716.0,-0.9866911427260261,-7.240208091491462,-12.385786802030452,-12.028542303771662,False,False,265569500.0,105800.0,122400.0,0.8643790849673203,162400.0,0.6514778325123153
8707,岩井コスモホールディングス,プライム（内国株式）,金融（除く銀行）,2026-10-07,400,True,4665.0,4730.0,4600.0,4635.0,4635.0,4680.0,4595.0,4680.0,4637.0,4672.8,4391.0,4679.2,-6.399999999999636,down,-60.00000000000001,-17.307692307692314,45.714285714285715,4820.0,4810.0,4545.0,-0.04313133491481436,-0.8089368258859864,-3.8381742738589186,-3.6382536382536412,True,False,478783900.0,86200.0,112600.0,0.7655417406749556,132400.0,0.6510574018126888
8708,アイザワ証券グループ,プライム（内国株式）,金融（除く銀行）,2026-10-07,400,True,1632.0,1649.0,1626.0,1640.0,1629.0,1648.0,1628.0,1640.0,1642.6,1739.84,1666.8266666666666,1749.84,-10.0,down,-78.75000000000001,-86.88949938949939,32.8125,1891.0,1826.0,1610.0,-0.15828564470959927,-5.7384587088467836,-13.273400317292438,-10.186199342825851,False,False,247680960.0,113200.0,102500.0,1.1043902439024391,116300.0,0.9733447979363714
8713,フィデアホールディングス,プライム（内国株式）,銀行,2026-10-07,400,True,2798.0,2828.0,2732.0,2753.0,2793.0,2852.0,2780.0,2848.0,2815.6,2809.56,2430.9333333333334,2814.56,-5.0,down,-66.66666666666667,3.7087912087912067,48.4181568088033,2933.0,2933.0,2643.0,-2.2233271771558427,-2.0131266105724688,-6.13706102966246,-6.13706102966246,True,False,246251480.0,111400.0,67300.0,1.6552748885586923,75600.0,1.4735449735449735
8714,池田泉州ホールディングス,プライム（内国株式）,銀行,2026-10-07,400,True,1173.0,1180.0,1140.0,1143.0,1129.0,1173.0,1129.0,1170.0,1137.4,1102.88,1050.8266666666666,1101.32,1.5600000000001728,up,13.33333333333333,66.72771672771674,59.859154929577464,1180.0,1180.0,1037.0,0.4923509759099609,3.6377484404468197,-3.1355932203389836,-3.1355932203389836,False,False,1420596080.0,883400.0,1797300.0,0.4915150503533077,796400.0,1.1092415871421397
8715,アニコム　ホールディングス,プライム（内国株式）,金融（除く銀行）,2026-10-07,400,True,1037.0,1050.0,1025.0,1039.0,1027.0,1054.0,1027.0,1044.0,1021.6,1040.16,1145.72,1042.68,-2.519999999999982,down,17.91666666666667,-61.233211233211236,52.85714285714286,1710.0,1081.0,980.0,1.7032106499608402,-0.11152130441470787,-39.23976608187134,-3.885291396854762,True,False,373127160.0,204900.0,494100.0,0.4146933819064967,271800.0,0.7538631346578366
8725,ＭＳ＆ＡＤインシュアランスグループホールディングス,プライム（内国株式）,金融（除く銀行）,2026-10-07,400,True,4870.0,4928.0,4846.0,4856.0,4857.0,4908.0,4855.0,4883.0,4846.2,5046.44,4822.453333333333,5056.76,-10.320000000000618,down,-60.00000000000001,-60.500610500610506,33.795013850415515,5326.0,5326.0,4742.0,0.202220296314648,-3.7737494154294837,-8.824633871573418,-8.824633871573418,False,False,21455995360.0,4695300.0,3749800.0,1.252146781161662,4169600.0,1.1260792402148887
8729,ソニーフィナンシャルグループ,プライム（内国株式）,金融（除く銀行）,2026-10-07,249,False,149.0,150.10000610351562,148.39999389648438,148.8000030517578,149.0,150.3000030517578,148.6999969482422,149.3000030517578,149.83999938964843,158.9080010986328,154.59866719563803,159.58800109863282,-0.6800000000000068,down,-91.66666666666667,-60.393772893772905,22.01494449334592,,166.1999969482422,148.0,-0.6940712374044922,-6.360911959745219,,-10.469310599267379,False,False,9412114534.73053,56378000.0,42566900.0,1.324456326394452,62212400.0,0.906218052992651
8739,スパークス・グループ,プライム（内国株式）,金融（除く銀行）,2026-10-07,400,True,2639.0,2660.0,2622.0,2648.0,2637.0,2664.0,2637.0,2664.0,2655.0,2628.52,2435.306666666667,2627.64,0.8800000000001091,up,-30.000000000000004,50.03052503052503,55.29661016949152,2710.0,2710.0,2528.0,-0.26365348399246535,0.7411014563328377,-2.2878228782287846,-2.2878228782287846,True,True,259598780.0,101900.0,78500.0,1.2980891719745222,114000.0,0.893859649122807
8750,第一ライフグループ,プライム（内国株式）,金融（除く銀行）,2026-10-07,400,True,1823.5,1854.5,1821.0,1837.5,1829.5,1846.5,1819.5,1843.0,1820.2,1865.74,1852.2,1865.96,-0.22000000000002728,down,-70.0,2.335164835164838,40.76281287246722,1959.0,1948.5,1776.5,0.9504450060432879,-1.5136085413830491,-6.202143950995409,-5.6966897613548895,False,False,18200001210.0,8707800.0,8444300.0,1.0312044811292824,10026400.0,0.8684871938083459
8766,東京海上ホールディングス,プライム（内国株式）,金融（除く銀行）,2026-10-07,400,True,513.0,525.5,512.0999755859375,516.0,510.0,526.2000122070312,510.0,522.2999877929688,515.2399963378906,527.7693298339843,514.2120011393229,527.6439953613282,0.1253344726561636,up,-71.66666666666666,14.34676434676435,38.778487635720396,564.5333251953125,557.4666748046875,501.0,0.147504787576902,-2.230013979343304,-8.59707000973261,-7.438413214424999,False,False,62113581961.09497,100672600.0,120847500.0,0.833054883220588,87048000.0,1.1565182428085654
8771,イー・ギャランティ,プライム（内国株式）,金融（除く銀行）,2026-10-07,400,True,1727.0,1750.0,1724.0,1742.0,1710.0,1736.0,1710.0,1736.0,1726.2,1744.12,1787.72,1746.52,-2.400000000000091,down,-40.41666666666666,-9.829059829059839,42.93193717277487,1907.0,1814.0,1685.0,0.9153052948673412,-0.12155126940806005,-8.652333508127953,-3.969128996692395,True,False,237950220.0,154100.0,105300.0,1.46343779677113,133300.0,1.156039009752438
8793,ＮＥＣキャピタルソリューション,プライム（内国株式）,金融（除く銀行）,2026-10-07,400,True,4045.0,4060.0,4010.0,4020.0,4015.0,4055.0,4015.0,4045.0,4047.0,4174.4,4127.933333333333,4184.2,-9.800000000000182,down,-92.08333333333334,-53.006715506715494,31.428571428571427,4385.0,4310.0,3995.0,-0.6671608598962209,-3.6987351475661123,-8.323831242873435,-6.728538283062646,False,False,95029000.0,18900.0,20500.0,0.9219512195121952,10600.0,1.7830188679245282
8795,Ｔ＆Ｄホールディングス,プライム（内国株式）,金融（除く銀行）,2026-10-07,400,True,4889.0,4941.0,4860.0,4860.0,4818.0,4896.0,4806.0,4892.0,4808.6,4890.68,4905.48,4890.64,0.03999999999996362,up,-41.66666666666667,-6.868131868131866,43.13364055299539,5176.0,5095.0,4680.0,1.0689181882460597,-0.6273156289105075,-6.1051004636785144,-4.612365063788026,True,False,6900379840.0,1475500.0,1364500.0,1.0813484792964456,1382400.0,1.0673466435185186
8798,アドバンスクリエイト,プライム（内国株式）,金融（除く銀行）,2026-10-07,400,True,70.0,79.0,69.0,70.0,72.0,73.0,69.0,72.0,78.0,124.12,127.96,126.96,-2.839999999999989,down,-98.33333333333334,-70.86385836385836,27.397260273972602,350.0,184.0,66.0,-10.256410256410254,-43.60296487270384,-80.0,-61.95652173913043,False,False,78423860.0,530900.0,291200.0,1.8231456043956045,16100.0,32.975155279503106
8801,三井不動産,プライム（内国株式）,不動産,2026-10-07,400,True,1419.5,1439.5,1415.0,1415.0,1426.0,1429.0,1419.0,1420.5,1431.3,1484.44,1504.8466666666666,1489.44,-5.0,down,-91.66666666666667,-86.34004884004884,32.983193277310924,2158.0,1527.0,1415.0,-1.1388248445469151,-4.677858316941075,-34.43002780352178,-7.334643091028159,False,False,13764622770.0,12335100.0,7717100.0,1.598411320314626,10270800.0,1.2009872648673912
8802,三菱地所,プライム（内国株式）,不動産,2026-10-07,400,True,3470.0,3513.0,3470.0,3479.0,3473.0,3488.0,3461.0,3476.0,3502.0,3629.16,3851.786666666667,3643.08,-13.920000000000073,down,-88.33333333333333,-89.43833943833943,37.481031866464335,5407.0,3751.0,3461.0,-0.6567675613934898,-4.137596578822644,-35.65748104309229,-7.251399626766197,False,False,10626081160.0,3208200.0,3182100.0,1.0082021306684266,3605800.0,0.8897332076099618
8803,平和不動産,プライム（内国株式）,不動産,2026-10-07,400,True,2237.0,2245.0,2215.0,2215.0,2239.0,2245.0,2227.0,2236.0,2246.6,2337.2,2354.48,2344.08,-6.880000000000109,down,-93.33333333333333,-77.77777777777777,26.545454545454543,2548.0,2407.0,2215.0,-1.4065699278910326,-5.228478521307545,-13.069073783359498,-7.976734524304108,False,False,571674080.0,296200.0,147100.0,2.0135961930659416,123300.0,2.402270884022709
8804,東京建物,プライム（内国株式）,不動産,2026-10-07,400,True,3198.0,3245.0,3190.0,3193.0,3201.0,3216.0,3181.0,3190.0,3205.8,3303.96,3351.7066666666665,3314.08,-10.11999999999989,down,-88.33333333333333,-92.56715506715507,34.989648033126294,4374.0,3401.0,3180.0,-0.3992763116850817,-3.358394169420942,-27.000457247370825,-6.115848279917668,False,False,3442660680.0,943200.0,783600.0,1.2036753445635529,669200.0,1.4094441123729826
8818,京阪神ビルディング,プライム（内国株式）,不動産,2026-10-07,400,True,969.0,977.0,962.0,964.0,974.0,983.0,965.0,970.0,976.6,1077.88,1092.9466666666667,1084.36,-6.479999999999791,down,-100.0,-78.35775335775337,19.583333333333332,1182.0,1133.0,962.0,-1.2901904566864686,-10.565183508368293,-18.443316412859556,-14.916151809355693,False,False,460414740.0,304500.0,427800.0,0.711781206171108,256600.0,1.186671862821512
8830,住友不動産,プライム（内国株式）,不動産,2026-10-07,400,True,3074.0,3115.0,3073.0,3086.0,3063.0,3078.0,3046.0,3063.0,3096.2,3203.92,3468.24,3216.32,-12.400000000000091,down,-85.41666666666667,-91.20879120879121,38.25503355704698,5358.0,3317.0,3046.0,-0.32943608294037086,-3.680491398037411,-42.403882045539376,-6.964124208622247,False,False,9186298280.0,3458000.0,2825000.0,1.224070796460177,2677700.0,1.2914068043470142
8848,レオパレス２１,プライム（内国株式）,不動産,2026-10-07,400,True,1005.0,1007.0,1001.0,1002.0,1006.0,1007.0,1003.0,1004.0,1008.8,847.92,715.6266666666667,833.2,14.719999999999914,up,-94.58333333333333,80.93711843711844,84.02625820568927,1060.0,1060.0,635.0,-0.6740681998413933,18.17152561562412,-5.471698113207546,-5.471698113207546,False,False,3372043300.0,2904100.0,3652800.0,0.7950339465615418,919900.0,3.1569735840852267
8850,スターツコーポレーション,プライム（内国株式）,不動産,2026-10-07,400,True,4560.0,4605.0,4520.0,4520.0,4505.0,4605.0,4500.0,4560.0,4547.0,4680.2,4678.0,4687.8,-7.600000000000364,down,-85.00000000000001,-41.407203907203915,35.199999999999996,5350.0,4850.0,4475.0,-0.5937981086430622,-3.4229306439895746,-15.514018691588783,-6.804123711340204,False,False,306553000.0,80200.0,70200.0,1.1424501424501425,60100.0,1.3344425956738768
8860,フジ住宅,プライム（内国株式）,不動産,2026-10-07,400,True,701.0,704.0,700.0,701.0,702.0,707.0,702.0,703.0,707.0,737.08,751.2666666666667,739.64,-2.5599999999999454,down,-96.66666666666666,-80.26556776556777,26.744186046511626,930.0,755.0,700.0,-0.8486562942008447,-4.894991045748087,-24.623655913978492,-7.152317880794701,False,False,61106840.0,51600.0,37500.0,1.376,49400.0,1.0445344129554657
8876,リログループ,プライム（内国株式）,情報通信・サービスその他,2026-10-07,400,True,2346.0,2379.5,2340.0,2370.0,2322.0,2355.0,2316.0,2339.5,2323.1,2255.0,2113.9666666666667,2247.36,7.639999999999873,up,48.33333333333333,67.46031746031747,80.97345132743364,2379.5,2379.5,2100.0,2.018854117343216,5.09977827050998,-0.3992435385585247,-0.3992435385585247,False,False,1131788290.0,490200.0,508100.0,0.964770714426294,410300.0,1.1947355593468194
8877,エスリード,プライム（内国株式）,不動産,2026-10-07,400,True,4930.0,4945.0,4890.0,4910.0,4920.0,4980.0,4920.0,4945.0,4953.0,5157.8,5133.6,5175.4,-17.599999999999454,down,-93.33333333333333,-68.72710622710623,33.90804597701149,7560.0,5360.0,4865.0,-0.868160710680399,-4.80437395788903,-35.05291005291006,-8.395522388059707,False,False,208651000.0,38600.0,31200.0,1.2371794871794872,30500.0,1.2655737704918033
8881,日神グループホールディングス,プライム（内国株式）,不動産,2026-10-07,400,True,630.0,635.0,628.0,633.0,630.0,634.0,627.0,632.0,635.2,656.24,660.2266666666667,658.0,-1.759999999999991,down,-90.41666666666666,-83.2112332112332,32.25806451612903,836.0,672.0,627.0,-0.34634760705289924,-3.541387297330245,-24.282296650717704,-5.803571428571431,False,False,77332200.0,87700.0,85500.0,1.0257309941520467,87500.0,1.0022857142857142
8892,エスコン,プライム（内国株式）,不動産,2026-10-07,400,True,1050.0,1057.0,1047.0,1047.0,1053.0,1059.0,1046.0,1052.0,1051.8,1094.84,1096.7733333333333,1097.96,-3.1200000000001182,down,-89.99999999999999,-57.417582417582416,28.859060402684566,1267.0,1136.0,1040.0,-0.456360524814603,-4.369588250337941,-17.363851617995262,-7.834507042253525,False,False,230867380.0,177500.0,177300.0,1.0011280315848843,155400.0,1.1422136422136422
8897,ＭＩＲＡＲＴＨホールディングス,プライム（内国株式）,不動産,2026-10-07,400,True,423.0,424.0,420.0,423.0,425.0,427.0,422.0,425.0,427.2,445.8,429.97333333333336,447.36,-1.5600000000000023,down,-89.99999999999999,-75.7020757020757,34.72222222222222,472.0,460.0,420.0,-0.98314606741573,-5.114401076716013,-10.381355932203384,-8.043478260869563,False,False,206428140.0,488800.0,422900.0,1.1558288011350202,637800.0,0.766384446534964
8919,カチタス,プライム（内国株式）,不動産,2026-10-07,400,True,3465.0,3505.0,3440.0,3450.0,3425.0,3475.0,3395.0,3455.0,3445.0,3536.0,3447.4,3551.4,-15.400000000000091,down,-78.33333333333334,-71.44383394383394,48.35164835164835,3890.0,3620.0,3300.0,0.14513788098693414,-2.4321266968325816,-11.311053984575835,-4.6961325966850875,False,False,736750000.0,185800.0,224200.0,0.8287243532560215,170500.0,1.0897360703812318
8923,トーセイ,プライム（内国株式）,不動産,2026-10-07,400,True,1658.0,1675.0,1635.0,1654.0,1663.0,1671.0,1626.0,1662.0,1688.8,1718.28,1746.5066666666667,1725.52,-7.240000000000009,down,-68.33333333333333,-55.7997557997558,45.182724252491695,1943.0,1799.0,1626.0,-2.0606347702510686,-3.740950252578157,-14.873906330416887,-8.06003335186215,False,False,859175240.0,552400.0,550500.0,1.0034514078110808,139800.0,3.951359084406295
8934,サンフロンティア不動産,プライム（内国株式）,不動産,2026-10-07,400,True,2192.0,2206.0,2187.0,2189.0,2191.0,2203.0,2175.0,2193.0,2211.4,2366.24,2437.3866666666668,2378.68,-12.440000000000055,down,-96.66666666666666,-90.90354090354091,21.405750798722046,2885.0,2466.0,2175.0,-1.012932983630288,-7.490364460071664,-24.124783362218373,-11.232765612327656,False,False,453004520.0,119500.0,239000.0,0.5,168400.0,0.7096199524940617
8935,ＦＪネクストホールディングス,プライム（内国株式）,不動産,2026-10-07,400,True,1921.0,1944.0,1921.0,1924.0,1902.0,1949.0,1902.0,1935.0,1925.6,1977.04,1908.4266666666667,1983.0,-5.960000000000036,down,-80.0,-69.1086691086691,44.30769230769231,2085.0,2042.0,1865.0,-0.08309098462816467,-2.6827985270910015,-7.721822541966428,-5.778648383937313,False,False,97591060.0,60200.0,33000.0,1.8242424242424242,72800.0,0.8269230769230769
8999,グランディハウス,プライム（内国株式）,不動産,2026-10-07,400,True,551.0,557.0,551.0,554.0,548.0,555.0,548.0,553.0,555.0,564.36,549.3866666666667,565.24,-0.8799999999999955,down,-82.5,-63.81257631257631,39.53488372093023,660.0,572.0,548.0,-0.18018018018017834,-1.8357077043022252,-16.060606060606062,-3.1468531468531458,False,False,21953560.0,24300.0,25700.0,0.9455252918287937,55200.0,0.44021739130434784
9001,東武鉄道,プライム（内国株式）,運輸・物流,2026-10-07,400,True,2770.0,2778.5,2757.0,2764.5,2765.5,2781.5,2750.5,2769.5,2768.7,2909.84,2949.8,2918.26,-8.420000000000073,down,-83.33333333333333,-69.81074481074481,20.78272604588394,3236.0,3020.0,2747.5,-0.1516957416838216,-4.994776345091145,-14.57045735475896,-8.460264900662251,False,False,1549651650.0,453500.0,535300.0,0.8471884924341491,630600.0,0.7191563590231526
9003,相鉄ホールディングス,プライム（内国株式）,運輸・物流,2026-10-07,400,True,2470.5,2507.0,2455.5,2503.0,2469.0,2495.0,2466.5,2474.0,2477.3,2585.48,2554.5533333333333,2590.84,-5.360000000000127,down,-64.99999999999999,-44.81074481074481,23.322683706070286,3167.0,2690.0,2445.0,1.0374197715254496,-3.190123303989978,-20.96621408272813,-6.9516728624535284,False,False,805763970.0,352900.0,327000.0,1.079204892966361,238200.0,1.4815281276238454
9005,東急,プライム（内国株式）,運輸・物流,2026-10-07,400,True,1584.0,1588.5,1576.5,1585.0,1581.5,1590.0,1575.5,1584.5,1587.1,1639.18,1676.0933333333332,1641.64,-2.4600000000000364,down,-80.0,-47.25274725274726,25.612472160356347,2011.0,1707.5,1573.0,-0.13231680423413383,-3.3053111921814593,-21.183490800596715,-7.17423133235725,False,False,4381529620.0,2393300.0,1830700.0,1.3073141421314252,2099400.0,1.139992378774888
9006,京浜急行電鉄,プライム（内国株式）,運輸・物流,2026-10-07,400,True,1512.0,1514.5,1500.0,1511.5,1510.0,1521.5,1505.0,1512.0,1512.7,1548.4,1538.8333333333333,1550.94,-2.5399999999999636,down,-80.0,-68.00976800976801,32.047477744807125,1668.0,1589.0,1496.5,-0.0793283532755984,-2.383105140790498,-9.382494004796161,-4.87728130899937,False,False,1744714590.0,759300.0,973200.0,0.780209617755857,1063900.0,0.713694896136855
9007,小田急電鉄,プライム（内国株式）,運輸・物流,2026-10-07,400,True,1708.5,1712.5,1692.5,1709.5,1700.0,1711.0,1696.0,1709.0,1706.9,1773.66,1734.12,1776.68,-3.019999999999982,down,-61.66666666666667,-52.38095238095237,23.605150214592275,1872.5,1855.0,1692.0,0.15232292460014563,-3.617378753537892,-8.704939919893196,-7.843665768194075,False,False,2217994180.0,1288500.0,1082100.0,1.1907402273357361,1088700.0,1.1835216313033894
9008,京王電鉄,プライム（内国株式）,運輸・物流,2026-10-07,400,True,747.0,751.5,741.2999877929688,747.5999755859375,742.0,749.5,740.7999877929688,746.7000122070312,746.2799926757813,778.4439990234375,771.3986669921875,779.9880004882813,-1.5440014648437455,down,-83.33333333333333,-40.964590964590975,23.422605513956867,849.2999877929688,818.7000122070312,739.0999755859375,0.17687502319652104,-3.9622661972080198,-11.974568900126059,-8.684504160372985,False,False,1240612025.2697754,1513500.0,1371500.0,1.103536274152388,1917100.0,0.7894736842105263
9009,京成電鉄,プライム（内国株式）,運輸・物流,2026-10-07,400,True,1303.5,1304.5,1272.5,1295.0,1312.5,1317.0,1285.0,1292.5,1306.4,1355.04,1281.4466666666667,1357.46,-2.4200000000000728,down,-93.33333333333333,-51.64835164835164,24.137931034482758,1426.5,1426.5,1272.5,-0.8726270667483216,-4.430865509505255,-9.218366631615837,-9.218366631615837,False,False,2000572200.0,1439600.0,1594800.0,0.9026837220968147,1542500.0,0.933290113452188
9010,富士急行,プライム（内国株式）,運輸・物流,2026-10-07,400,True,2612.0,2615.0,2576.0,2600.0,2600.0,2634.0,2589.0,2631.0,2621.2,2628.48,2645.4933333333333,2636.16,-7.679999999999836,down,-36.25000000000001,-15.750915750915762,50.0,2835.0,2698.0,2543.0,-0.8087898672363703,-1.0835159483808088,-8.289241622574961,-3.6323202372127494,False,False,446995220.0,160300.0,149800.0,1.0700934579439252,104200.0,1.538387715930902
9020,東日本旅客鉄道,プライム（内国株式）,運輸・物流,2026-10-07,400,True,3293.0,3338.0,3281.0,3328.0,3300.0,3318.0,3295.0,3295.0,3309.0,3463.56,3498.9333333333334,3473.56,-10.0,down,-80.0,-88.26312576312576,23.421588594704684,4211.0,3609.0,3279.0,0.5741915986702928,-3.91389206481193,-20.968890999762525,-7.786090329731232,False,False,8757408220.0,3324000.0,2158300.0,1.5401010054209332,3078100.0,1.079886943244209
9021,西日本旅客鉄道,プライム（内国株式）,運輸・物流,2026-10-07,400,True,2845.5,2865.0,2840.0,2845.5,2852.5,2877.0,2848.5,2849.5,2863.2,2983.72,2918.64,2989.22,-5.5,down,-98.33333333333334,-39.66727716727716,24.393063583815028,3528.0,3102.0,2840.0,-0.6181894383906039,-4.632472215891569,-19.345238095238095,-8.268858800773693,False,False,6398062990.0,1900600.0,1782900.0,1.0660160412810589,1943800.0,0.9777754913056899
9022,東海旅客鉄道,プライム（内国株式）,運輸・物流,2026-10-07,400,True,3600.0,3615.0,3575.0,3600.0,3638.0,3649.0,3585.0,3585.0,3616.2,3790.2,3755.2533333333336,3803.6,-13.400000000000091,down,-96.66666666666666,-93.57448107448107,24.953095684803,4830.0,3910.0,3575.0,-0.44798407167744303,-5.018204844071549,-25.465838509316775,-7.928388746803073,False,False,7983523800.0,2766800.0,1951400.0,1.417853848519012,2031500.0,1.361949298547871
9023,東京地下鉄,プライム（内国株式）,運輸・物流,2026-10-07,400,True,1424.0,1438.0,1416.0,1437.5,1428.5,1436.0,1426.0,1429.5,1439.5,1498.48,1464.0933333333332,1499.94,-1.4600000000000364,down,-91.66666666666667,-20.58913308913308,24.193548387096776,1762.0,1572.0,1416.0,-0.13893713094824678,-4.0694570498104765,-18.416572077185013,-8.555979643765898,False,False,2280576480.0,1609300.0,1133200.0,1.4201376632545006,1606900.0,1.0014935590266973
9024,西武ホールディングス,プライム（内国株式）,運輸・物流,2026-10-07,400,True,3548.0,3590.0,3510.0,3574.0,3560.0,3581.0,3523.0,3564.0,3552.6,3546.04,3433.9133333333334,3538.52,7.519999999999982,up,-6.666666666666665,51.08363858363858,47.05882352941176,5871.0,3658.0,3460.0,0.6023757248212691,0.7884851834722761,-39.12451030488844,-2.296336796063425,True,True,3854441060.0,783500.0,755000.0,1.0377483443708608,1324400.0,0.5915886439142253
9025,鴻池運輸,プライム（内国株式）,運輸・物流,2026-10-07,400,True,2759.0,2772.0,2742.0,2742.0,2783.0,2796.0,2764.0,2764.0,2767.8,2871.8,2854.2933333333335,2879.4,-7.599999999999909,down,-94.58333333333333,-40.65934065934067,28.64864864864865,3620.0,2994.0,2742.0,-0.9321482766095901,-4.5198133574761545,-24.254143646408842,-8.416833667334666,False,False,216026560.0,52100.0,54200.0,0.9612546125461254,94100.0,0.5536663124335813
9031,西日本鉄道,プライム（内国株式）,運輸・物流,2026-10-07,400,True,2841.0,2841.0,2801.5,2813.5,2833.0,2864.5,2806.0,2852.0,2836.9,3039.4,3026.06,3051.66,-12.259999999999764,down,-93.33333333333333,-57.11233211233211,18.01715919923737,3299.0,3197.0,2801.5,-0.8248440198808549,-7.432387971310128,-14.716580782055166,-11.995620894588676,False,False,611986960.0,193000.0,222400.0,0.8678057553956835,203000.0,0.9507389162561576
9037,ハマキョウレックス,プライム（内国株式）,運輸・物流,2026-10-07,400,True,1779.0,1810.0,1779.0,1793.0,1780.0,1795.0,1767.0,1786.0,1780.8,1824.88,1827.6533333333334,1827.68,-2.7999999999999545,down,-75.0,-61.126373626373635,44.690265486725664,1965.0,1889.0,1757.0,0.6850853548966862,-1.7469641839463423,-8.753180661577609,-5.082053996823721,False,False,234438900.0,123900.0,120300.0,1.0299251870324189,73700.0,1.6811397557666214
9039,サカイ引越センター,プライム（内国株式）,運輸・物流,2026-10-07,400,True,2950.0,2976.0,2949.0,2975.0,2925.0,2970.0,2920.0,2962.0,2943.6,2986.96,2958.346666666667,2987.76,-0.8000000000001819,down,-39.99999999999999,-32.31074481074481,47.92243767313019,3100.0,3095.0,2902.0,1.06672102187797,-0.4004071028738232,-4.0322580645161255,-3.8772213247172838,False,False,220346100.0,58500.0,73200.0,0.7991803278688525,61100.0,0.9574468085106383
9041,近鉄グループホールディングス,プライム（内国株式）,運輸・物流,2026-10-07,400,True,3410.0,3434.0,3406.0,3413.0,3416.0,3425.0,3402.0,3414.0,3382.0,3468.68,3471.16,3472.96,-4.2800000000002,down,-55.00000000000001,-34.53907203907205,34.204275534441805,3728.0,3593.0,3301.0,0.9166173861620441,-1.6052215828499583,-8.449570815450647,-5.009741163373227,False,False,2824627380.0,754800.0,600600.0,1.2567432567432568,604600.0,1.2484287131988092
9042,阪急阪神ホールディングス,プライム（内国株式）,運輸・物流,2026-10-07,400,True,4463.0,4532.0,4451.0,4495.0,4454.0,4519.0,4421.0,4482.0,4442.8,4576.68,4588.8533333333335,4587.0,-10.319999999999709,down,13.33333333333333,-87.71367521367522,36.284470246734394,5183.0,4730.0,4292.0,1.1749347258485532,-1.7846998260747982,-13.274165541192362,-4.968287526427062,False,False,7008321620.0,1333500.0,1166600.0,1.1430653180181725,680300.0,1.9601646332500366
9044,ＮＡＮＫＡＩ,プライム（内国株式）,運輸・物流,2026-10-07,400,True,2983.5,3017.0,2975.0,3015.0,2991.0,3008.0,2954.5,3000.0,2996.7,3117.42,2986.98,3120.94,-3.519999999999982,down,-83.33333333333333,-20.451770451770447,32.06967213114754,3318.0,3302.0,2946.5,0.6106717389128047,-3.285409088284541,-9.132007233273054,-8.691701998788615,False,False,1011399930.0,291300.0,303000.0,0.9613861386138614,249200.0,1.168940609951846
9045,京阪ホールディングス,プライム（内国株式）,運輸・物流,2026-10-07,400,True,3102.0,3133.0,3096.0,3115.0,3116.0,3134.0,3100.0,3110.0,3111.2,3186.28,3190.0533333333333,3190.64,-4.359999999999673,down,-50.0,-50.57997557997558,27.42382271468144,3596.0,3297.0,3070.0,0.12213936744664977,-2.2370915299345984,-13.37597330367074,-5.520169851380041,False,False,937800040.0,201600.0,238600.0,0.8449287510477788,235300.0,0.8567785805354866
9048,名古屋鉄道,プライム（内国株式）,運輸・物流,2026-10-07,400,True,1830.0,1850.0,1828.5,1843.5,1830.5,1840.0,1828.0,1829.5,1833.6,1869.86,1870.6333333333334,1871.48,-1.6200000000001182,down,-70.0,-62.51526251526251,37.850467289719624,2012.0,1924.5,1814.0,0.5399214659685958,-1.409731209823195,-8.374751491053678,-4.208885424785658,False,False,1365206010.0,509700.0,625900.0,0.8143473398306439,539700.0,0.9444135630906059
9052,山陽電気鉄道,プライム（内国株式）,運輸・物流,2026-10-07,400,True,1900.0,1911.0,1896.0,1899.0,1902.0,1911.0,1901.0,1907.0,1912.8,1984.12,1981.3866666666668,1989.4,-5.2800000000002,down,-96.66666666666666,-80.34188034188034,23.93617021276596,2200.0,2025.0,1896.0,-0.7214554579673793,-4.290063101022112,-13.681818181818183,-6.222222222222218,False,False,79812380.0,64900.0,31200.0,2.0801282051282053,26400.0,2.4583333333333335
9064,ヤマトホールディングス,プライム（内国株式）,運輸・物流,2026-10-07,400,True,1970.0,1993.0,1956.5,1982.5,1959.5,1974.5,1932.5,1966.5,1969.5,1975.42,1952.5933333333332,1974.1,1.3200000000001637,up,-73.33333333333334,58.27228327228327,47.44976816074188,2437.0,2048.0,1912.5,0.660066006600668,0.3584047949296787,-18.64997948297087,-3.1982421875,True,True,2320251440.0,1064200.0,1011400.0,1.0522048645441962,1177300.0,0.9039327274271638
9065,山九,プライム（内国株式）,運輸・物流,2026-10-07,400,True,1580.0,1593.5,1576.5,1582.0,1588.0,1592.5,1580.0,1586.5,1581.4,1613.176005859375,1701.9226643880208,1616.976005859375,-3.7999999999999545,down,-52.08333333333333,-61.26373626373627,45.640834388864505,2013.0,1657.800048828125,1552.199951171875,0.03794106487922111,-1.9325855173978224,-21.41082960755092,-4.572327578449942,False,False,1434299460.0,736400.0,762000.0,0.9664041994750656,825500.0,0.8920654149000605
9068,丸全昭和運輸,プライム（内国株式）,運輸・物流,2026-10-07,400,True,3535.0,3550.0,3490.0,3550.0,3565.0,3565.0,3520.0,3550.0,3555.0,3619.6,3702.2,3626.6,-7.0,down,-83.74999999999999,-54.304029304029314,43.87755102040816,4805.0,3745.0,3490.0,-0.14064697609000865,-1.9228644049066212,-26.11862643080125,-5.206942590120156,False,False,287823500.0,99800.0,99700.0,1.0010030090270812,39600.0,2.5202020202020203
9069,センコーグループホールディングス,プライム（内国株式）,運輸・物流,2026-10-07,400,True,2327.0,2344.5,2305.5,2335.0,2310.0,2345.0,2295.5,2335.0,2306.6,2290.54,2186.5733333333333,2286.94,3.599999999999909,up,-48.75000000000001,70.8028083028083,57.6662143826323,2387.0,2387.0,2201.5,1.2312494580768218,1.9410270067320434,-2.1784666945957265,-2.1784666945957265,False,False,846338630.0,331500.0,334900.0,0.9898477157360406,252700.0,1.3118322121092205
9072,ニッコンホールディングス,プライム（内国株式）,運輸・物流,2026-10-07,400,True,4703.0,4790.0,4620.0,4620.0,4572.0,4758.0,4489.0,4745.0,4584.0,5039.08,5345.16,5072.48,-33.399999999999636,down,-63.33333333333333,-69.9023199023199,30.48048048048048,6689.0,5200.0,4224.0,0.7853403141361293,-8.316597474142107,-30.93137987741067,-11.153846153846159,False,False,3002995640.0,271900.0,319100.0,0.8520839862112191,173800.0,1.5644418872266974
9075,福山通運,プライム（内国株式）,運輸・物流,2026-10-07,400,True,6100.0,6140.0,5910.0,5910.0,6150.0,6230.0,6050.0,6100.0,5968.0,6171.6,6053.2,6187.2,-15.599999999999454,down,-44.99999999999999,-52.44200244200243,38.52459016393443,7100.0,6460.0,5800.0,-0.971849865951746,-4.238771145245968,-16.76056338028169,-8.51393188854489,False,False,588106200.0,99600.0,95000.0,1.048421052631579,80500.0,1.2372670807453416
9076,セイノーホールディングス,プライム（内国株式）,運輸・物流,2026-10-07,400,True,2603.5,2628.5,2600.0,2604.5,2614.5,2639.0,2595.5,2595.5,2597.4,2691.26,2693.266666666667,2697.92,-6.6599999999998545,down,-75.0,-69.16971916971917,34.5088161209068,2846.0,2779.0,2570.0,0.2733502733502702,-3.2237687923128977,-8.485593815881941,-6.27923713566031,False,False,958502590.0,361100.0,378300.0,0.9545334390695216,386100.0,0.9352499352499353
9081,神奈川中央交通,プライム（内国株式）,運輸・物流,2026-10-07,400,True,3680.0,3695.0,3655.0,3670.0,3710.0,3750.0,3695.0,3695.0,3763.0,3966.6,3829.4666666666667,3980.0,-13.400000000000091,down,-98.33333333333334,-32.58547008547008,20.74074074074074,4125.0,4125.0,3655.0,-2.4714323677916594,-7.477436595573028,-11.030303030303035,-11.030303030303035,False,False,62744600.0,11600.0,13900.0,0.8345323741007195,8100.0,1.4320987654320987
9090,ＡＺ－ＣＯＭ丸和ホールディングス,プライム（内国株式）,運輸・物流,2026-10-07,400,True,829.0,831.0,821.0,827.0,840.0,846.0,834.0,834.0,838.0,882.64,863.84,885.92,-3.2799999999999727,down,-95.0,-49.923687423687426,20.0,1149.0,920.0,821.0,-1.3126491646778038,-6.3038158252515135,-28.02436901653612,-10.108695652173916,False,False,384984000.0,360600.0,324200.0,1.1122763726095004,304400.0,1.1846254927726676
9101,日本郵船,プライム（内国株式）,運輸・物流,2026-10-07,400,True,7051.0,7158.0,7041.0,7092.0,7090.0,7135.0,6986.0,7135.0,7116.6,7233.72,6342.906666666667,7234.64,-0.9200000000000728,down,-64.99999999999999,8.409645909645914,41.935483870967744,7599.0,7599.0,6986.0,-0.3456706854396807,-1.9591579436306628,-6.671930517173308,-6.671930517173308,False,False,15893738220.0,2117600.0,2127700.0,0.9952530901912864,3576000.0,0.5921700223713646
9104,商船三井,プライム（内国株式）,運輸・物流,2026-10-07,400,True,7080.0,7173.0,7035.0,7058.0,7080.0,7146.0,6995.0,7146.0,7088.6,7092.72,6306.213333333333,7094.24,-1.519999999999527,down,5.000000000000004,26.55677655677655,48.457350272232304,7509.0,7481.0,6821.0,-0.43167903394182305,-0.48951601078288665,-6.006125982154753,-5.654324288196766,True,False,14236858780.0,1647400.0,1691700.0,0.9738133238753917,4884400.0,0.33727786422078454
9107,川崎汽船,プライム（内国株式）,運輸・物流,2026-10-07,400,True,3240.0,3289.0,3229.0,3238.0,3244.0,3289.0,3216.0,3263.0,3254.0,3366.76,2986.4066666666668,3372.52,-5.7599999999997635,down,-95.41666666666666,-30.723443223443226,37.18120805369127,3610.0,3610.0,3216.0,-0.49170251997541214,-3.82444843113261,-10.304709141274238,-10.304709141274238,False,False,8920612660.0,2442500.0,2014200.0,1.212640254195214,5482000.0,0.4455490696825976
9110,ＮＳユナイテッド海運,プライム（内国株式）,運輸・物流,2026-10-07,400,True,10510.0,10520.0,10510.0,10510.0,10520.0,10520.0,10510.0,10510.0,10510.0,10498.4,9021.2,10497.2,1.1999999999989086,up,27.500000000000004,77.7014652014652,75.0,10540.0,10540.0,10480.0,0.0,0.11049302750896217,-0.2846299810246644,-0.2846299810246644,False,False,665913600.0,57500.0,32200.0,1.7857142857142858,124800.0,0.46073717948717946
9119,飯野海運,プライム（内国株式）,運輸・物流,2026-10-07,400,True,1660.0,1663.0,1626.0,1656.0,1640.0,1659.0,1624.0,1656.0,1655.4,1721.72,1590.52,1724.92,-3.2000000000000455,down,-83.74999999999999,-47.81746031746032,36.82432432432432,1932.0,1800.0,1624.0,0.03624501631025456,-3.8171131194386976,-14.28571428571429,-7.9999999999999964,False,False,323797020.0,214300.0,169300.0,1.2658003544004726,234700.0,0.9130805283340434
9142,九州旅客鉄道,プライム（内国株式）,運輸・物流,2026-10-07,400,True,3358.0,3376.0,3347.0,3351.0,3357.0,3374.0,3345.0,3356.0,3363.8,3506.12,3527.8133333333335,3515.84,-9.720000000000255,down,-81.66666666666667,-89.514652014652,29.05027932960894,4154.0,3597.0,3334.0,-0.38052202865807017,-4.424263858624345,-19.330765527202697,-6.8390325271059265,False,False,2520415780.0,561300.0,636600.0,0.8817153628652215,662300.0,0.8475011324173335
9143,ＳＧホールディングス,プライム（内国株式）,運輸・物流,2026-10-07,400,True,1425.5,1443.0,1425.0,1435.5,1419.5,1436.0,1410.0,1431.5,1420.2,1470.18,1534.9733333333334,1473.1,-2.9199999999998454,down,-70.0,-61.66056166056166,33.51063829787234,1675.0,1521.5,1396.0,1.0773130544993625,-2.358894829204594,-14.298507462686572,-5.652316792638845,False,False,2250781480.0,1243800.0,1320700.0,0.9417733020367987,1376800.0,0.9033991865194654
9147,ＮＩＰＰＯＮ　ＥＸＰＲＥＳＳホールディングス,プライム（内国株式）,運輸・物流,2026-10-07,400,True,5673.0,5707.0,5569.0,5590.0,5750.0,5762.0,5682.0,5730.0,5697.0,5612.84,5463.106666666667,5618.64,-5.800000000000182,down,-71.66666666666666,17.338217338217344,58.46994535519126,5866.0,5809.0,5223.0,-1.8781814990345813,-0.406924123972896,-4.705080122741223,-3.7700120502668244,True,False,4988355280.0,833400.0,1275900.0,0.6531859863625676,982400.0,0.8483306188925082
9201,日本航空,プライム（内国株式）,運輸・物流,2026-10-07,400,True,3019.0,3039.0,3000.0,3009.0,3036.0,3054.0,2996.5,3007.0,3007.6,3017.1,2974.4466666666667,3019.22,-2.119999999999891,down,-81.66666666666667,22.527472527472526,51.78997613365155,3272.0,3115.0,2951.5,0.04654874318392732,-0.2684697225812882,-8.037897310513442,-3.4028892455858717,True,False,7232249180.0,2182000.0,2461100.0,0.8865954248100443,2194100.0,0.9944852103368124
9202,ＡＮＡホールディングス,プライム（内国株式）,運輸・物流,2026-10-07,400,True,2920.0,2930.0,2909.0,2910.0,2950.0,2958.0,2919.0,2919.0,2935.0,2976.1,3030.12,2982.42,-6.320000000000164,down,-95.0,-51.23626373626373,42.265529841656516,3419.0,3050.0,2909.0,-0.8517887563884163,-2.2210275192365847,-14.887393974846441,-4.5901639344262275,False,False,6012373860.0,2539800.0,1815300.0,1.3991075855230541,2384900.0,1.0649503123820705
9216,ビーウィズ,プライム（内国株式）,情報通信・サービスその他,2026-10-07,400,True,1621.0,1631.0,1608.0,1608.0,1605.0,1635.0,1605.0,1623.0,1627.8,1663.0,1626.8533333333332,1666.8,-3.7999999999999545,down,-95.0,-29.94505494505495,40.57971014492754,2014.0,1720.0,1605.0,-1.2163656468853645,-3.307276007215876,-20.158887785501488,-6.511627906976747,False,False,31802280.0,18600.0,15000.0,1.24,23500.0,0.7914893617021277
9229,サンウェルズ,プライム（内国株式）,情報通信・サービスその他,2026-10-07,400,True,107.0,110.0,106.0,109.0,106.0,108.0,106.0,107.0,107.6,111.64,123.69333333333333,111.96,-0.3199999999999932,down,-47.91666666666667,-81.74603174603175,35.0,674.0,118.0,104.0,1.3011152416356975,-2.364743819419568,-83.82789317507418,-7.6271186440677985,False,False,16712980.0,100000.0,82600.0,1.2106537530266344,201000.0,0.4975124378109453
9247,ＴＲＥホールディングス,プライム（内国株式）,情報通信・サービスその他,2026-10-07,400,True,1799.0,1832.0,1786.0,1812.0,1746.0,1799.0,1736.0,1770.0,1738.6,1792.96,1971.3333333333333,1797.32,-4.3599999999999,down,-13.33333333333333,-71.53540903540903,48.760330578512395,2314.0,1861.0,1661.0,4.2217876452318,1.0619311083348126,-21.694036300777874,-2.6329930145083336,True,True,533421120.0,412200.0,301400.0,1.3676177836761778,352200.0,1.170357751277683
9267,Ｇｅｎｋｙ　ＤｒｕｇＳｔｏｒｅｓ,プライム（内国株式）,小売,2026-10-07,400,True,3435.0,3475.0,3395.0,3400.0,3415.0,3475.0,3405.0,3445.0,3428.0,3492.6,3580.133333333333,3504.8,-12.200000000000273,down,-54.58333333333334,-84.26434676434675,44.70588235294118,5460.0,3665.0,3350.0,-0.8168028004667427,-2.651319933573837,-37.72893772893773,-7.230559345156895,False,False,186464000.0,53600.0,37100.0,1.4447439353099731,109500.0,0.4894977168949772
9273,コーア商事ホールディングス,プライム（内国株式）,商社・卸売,2026-10-07,400,True,775.0,787.0,774.0,786.0,772.0,785.0,772.0,776.0,770.4,758.88,766.5333333333333,757.84,1.0399999999999636,up,88.75,8.333333333333337,70.0,919.0,787.0,737.0,2.024922118380057,3.5736875395319334,-14.472252448313384,-0.12706480304955914,False,False,47951760.0,53800.0,72800.0,0.739010989010989,51000.0,1.0549019607843138
9274,ＫＰＰグループホールディングス,プライム（内国株式）,商社・卸売,2026-10-07,400,True,1109.0,1127.0,1100.0,1105.0,1117.0,1126.0,1113.0,1121.0,1120.4,1111.44,1082.7466666666667,1111.44,0.0,flat,-78.33333333333334,58.089133089133085,54.166666666666664,1192.0,1192.0,1052.0,-1.3745091038914747,-0.5794284891672108,-7.298657718120804,-7.298657718120804,True,False,271228720.0,281900.0,181100.0,1.5565985643291,287600.0,0.9801808066759388
9278,ブックオフグループホールディングス,プライム（内国株式）,小売,2026-10-07,400,True,2950.0,2992.0,2850.0,2880.0,2955.0,2984.0,2911.0,2938.0,2958.2,2851.88,2616.8,2860.68,-8.799999999999727,down,35.0,-20.329670329670325,64.09883720930233,3160.0,3065.0,2598.0,-2.643499425326201,0.9860162419176088,-8.860759493670889,-6.0358890701468155,True,True,313798740.0,101200.0,88800.0,1.1396396396396395,87700.0,1.153933865450399
9279,ギフトホールディングス,プライム（内国株式）,小売,2026-10-07,400,True,2105.0,2155.0,2103.0,2153.0,2103.0,2129.0,2070.0,2126.0,2107.2,2168.2,2310.233333333333,2181.08,-12.88000000000011,down,95.41666666666667,-76.11416361416362,47.291666666666664,2740.0,2372.0,1968.0,2.173500379650739,-0.701042339267588,-21.423357664233578,-9.232715008431702,False,False,670977460.0,385100.0,244500.0,1.5750511247443764,273500.0,1.4080438756855576
9301,三菱倉庫,プライム（内国株式）,運輸・物流,2026-10-07,400,True,1456.0,1465.5,1446.0,1451.5,1462.0,1465.5,1446.0,1464.5,1460.3,1521.08,1536.26,1523.86,-2.7799999999999727,down,-93.33333333333333,-28.66300366300367,30.88512241054614,1651.5,1589.5,1443.0,-0.6026159008422849,-4.57438136061219,-12.110202845897666,-8.681975463982383,False,False,1309216190.0,754400.0,941100.0,0.8016151312294124,996700.0,0.7568977626166349
9302,三井倉庫ホールディングス,プライム（内国株式）,運輸・物流,2026-10-07,400,True,3265.0,3282.0,3256.0,3271.0,3271.0,3288.0,3261.0,3275.0,3262.4,3324.08,3432.36,3327.56,-3.480000000000018,down,-11.66666666666667,-43.71184371184371,40.4040404040404,4340.0,3431.0,3183.0,0.26360961255518234,-1.5968328078746596,-24.631336405529957,-4.663363450888958,False,False,622201140.0,152800.0,146500.0,1.0430034129692833,187300.0,0.8158035237586759
9303,住友倉庫,プライム（内国株式）,運輸・物流,2026-10-07,400,True,4100.0,4125.0,4095.0,4110.0,4105.0,4145.0,4070.0,4130.0,4104.0,4154.8,4034.6,4159.6,-4.800000000000182,down,-26.66666666666666,-66.88034188034189,44.44444444444444,4285.0,4240.0,4020.0,0.14619883040936088,-1.0782709155675363,-4.084014002333724,-3.0660377358490587,False,False,503365000.0,80200.0,120800.0,0.6639072847682119,121700.0,0.6589975349219392
9304,澁澤倉庫,プライム（内国株式）,運輸・物流,2026-10-07,400,True,2129.0,2147.0,2089.0,2089.0,2152.0,2161.0,2127.0,2148.0,2122.4,2114.52,1939.08,2118.16,-3.6399999999998727,down,-77.08333333333333,40.07936507936508,47.82608695652174,2268.0,2268.0,1992.0,-1.5736901620806654,-1.2068932902029816,-7.892416225749555,-7.892416225749555,True,False,308343260.0,137600.0,91000.0,1.512087912087912,139200.0,0.9885057471264368
9305,ヤマタネ,プライム（内国株式）,商社・卸売,2026-10-07,400,True,2019.0,2030.0,2014.0,2021.0,2004.0,2042.0,2004.0,2028.0,2010.4,2063.68,2075.1066666666666,2066.92,-3.2400000000002365,down,-46.66666666666666,-38.26312576312576,42.465753424657535,3070.0,2148.0,1979.0,0.5272582570632567,-2.068150100790811,-34.16938110749186,-5.912476722532589,False,False,121860920.0,30300.0,43100.0,0.703016241299304,50300.0,0.6023856858846919
9310,日本トランスシティ,プライム（内国株式）,運輸・物流,2026-10-07,400,True,1360.0,1376.0,1356.0,1362.0,1378.0,1391.0,1373.0,1377.0,1378.4,1399.84,1325.3333333333333,1402.24,-2.400000000000091,down,-98.33333333333334,-20.512820512820507,45.614035087719294,1479.0,1464.0,1348.0,-1.1897852582704704,-2.703166076122976,-7.9107505070993955,-6.9672131147541005,False,False,113852900.0,76600.0,81800.0,0.9364303178484108,67800.0,1.1297935103244838
9319,中央倉庫,プライム（内国株式）,運輸・物流,2026-10-07,400,True,1717.0,1737.0,1700.0,1700.0,1712.0,1780.0,1712.0,1752.0,1721.4,1781.68,1804.7733333333333,1786.48,-4.7999999999999545,down,-85.00000000000001,-58.974358974358964,37.88300835654596,2255.0,1845.0,1688.0,-1.2431741605669844,-4.584437160432852,-24.611973392461195,-7.859078590785906,False,False,38453840.0,21500.0,26900.0,0.7992565055762082,13400.0,1.6044776119402986
9324,安田倉庫,プライム（内国株式）,運輸・物流,2026-10-07,400,True,2565.0,2587.0,2549.0,2565.0,2601.0,2606.0,2563.0,2579.0,2585.2,2627.76,2535.88,2626.68,1.080000000000382,up,-96.66666666666666,59.61538461538461,32.5678496868476,2814.0,2814.0,2541.0,-0.7813708803960928,-2.3883459676682928,-8.848614072494666,-8.848614072494666,False,False,165522660.0,57700.0,51000.0,1.1313725490196078,54400.0,1.0606617647058822
9332,ＮＩＳＳＯホールディングス,プライム（内国株式）,情報通信・サービスその他,2026-10-07,400,True,652.0,655.0,650.0,650.0,653.0,658.0,652.0,655.0,657.4,670.88,636.8266666666667,672.52,-1.6399999999999864,down,-93.33333333333333,-62.74420024420024,31.147540983606557,732.0,688.0,650.0,-1.1256464861575832,-3.1123300739327453,-11.202185792349727,-5.523255813953487,False,False,39415460.0,56500.0,33500.0,1.6865671641791045,72900.0,0.7750342935528121
9336,大栄環境,プライム（内国株式）,情報通信・サービスその他,2026-10-07,400,True,3690.0,3740.0,3680.0,3705.0,3655.0,3705.0,3590.0,3685.0,3626.0,3737.6,3769.266666666667,3748.2,-10.599999999999909,down,-30.41666666666667,-70.05494505494505,44.72049689440994,4365.0,3850.0,3475.0,2.1787093215664743,-0.8722174657534221,-15.120274914089348,-3.766233766233762,True,False,746176200.0,161500.0,212100.0,0.7614332861857614,160600.0,1.0056039850560399
9341,ＧＥＮＯＶＡ,プライム（内国株式）,情報通信・サービスその他,2026-10-07,400,True,605.0,605.0,600.0,604.0,604.0,613.0,604.0,605.0,607.4,618.04,616.16,620.72,-2.6800000000000637,down,-78.33333333333334,-57.14285714285714,43.66197183098591,698.0,629.0,593.0,-0.5597629239380897,-2.2716976247492027,-13.467048710601714,-3.974562798092207,False,False,25974980.0,41800.0,25100.0,1.6653386454183268,72700.0,0.5749656121045392
9347,日本管財ホールディングス,プライム（内国株式）,情報通信・サービスその他,2026-10-07,400,True,2822.0,2857.0,2822.0,2851.0,2810.0,2852.0,2810.0,2840.0,2832.4,2899.92,2809.653333333333,2902.4,-2.480000000000018,down,-68.33333333333333,-26.449938949938947,35.73487031700288,3095.0,3005.0,2785.0,0.656686908628723,-1.686943088085191,-7.883683360258487,-5.124792013311152,False,False,193461860.0,57400.0,46000.0,1.2478260869565216,77000.0,0.7454545454545455
9364,上組,プライム（内国株式）,運輸・物流,2026-10-07,400,True,4673.0,4697.0,4662.0,4662.0,4681.0,4700.0,4670.0,4697.0,4699.8,4830.44,4965.96,4838.68,-8.240000000000691,down,-88.33333333333333,-40.81196581196582,32.973805855161785,5818.0,4990.0,4662.0,-0.8042895442359255,-3.487052939276747,-19.869370917841177,-6.573146292585175,False,False,1514960040.0,283800.0,355700.0,0.7978633680067473,249500.0,1.1374749498997996
9381,エーアイテイー,プライム（内国株式）,運輸・物流,2026-10-07,400,True,2211.0,2222.0,2203.0,2203.0,2220.0,2229.0,2211.0,2224.0,2233.0,2313.2,2318.0,2318.68,-5.480000000000018,down,-95.0,-40.76617826617828,31.360946745562128,2445.0,2381.0,2203.0,-1.3434841021047972,-4.76396334082655,-9.897750511247438,-7.475850482990342,False,False,50807300.0,21700.0,13800.0,1.5724637681159421,24700.0,0.8785425101214575
9401,ＴＢＳホールディングス,プライム（内国株式）,情報通信・サービスその他,2026-10-07,400,True,6041.0,6070.0,5861.0,5869.0,5927.0,6060.0,5927.0,6033.0,5885.4,5845.36,6025.133333333333,5847.32,-1.9600000000000364,down,63.33333333333333,-30.479242979242983,52.36768802228412,6634.0,6070.0,5581.0,-0.2786556563699971,0.40442333748478276,-11.531504371419954,-3.3113673805601263,False,False,2441010340.0,367300.0,354300.0,1.0366920688681909,282400.0,1.3006373937677054
9404,日本テレビホールディングス,プライム（内国株式）,情報通信・サービスその他,2026-10-07,400,True,2841.0,2855.0,2792.5,2805.0,2852.0,2872.5,2843.0,2857.0,2834.3,2946.4,2906.4,2955.4,-9.0,down,-35.00000000000001,-79.91452991452992,28.227571115973742,4072.0,3108.0,2752.0,-1.0337649507815017,-4.79907683953299,-31.114931237721024,-9.749034749034745,False,False,2470345770.0,1073100.0,560200.0,1.9155658693323814,817500.0,1.3126605504587157
9405,朝日放送グループホールディングス,プライム（内国株式）,情報通信・サービスその他,2026-10-07,400,True,790.0,799.0,786.0,786.0,791.0,803.0,791.0,802.0,800.6,854.48,829.1066666666667,857.2,-2.7200000000000273,down,-92.91666666666667,-52.625152625152616,31.382978723404253,952.0,889.0,786.0,-1.8236322757931633,-8.014230877258688,-17.436974789915972,-11.586051743532055,False,False,59390440.0,77700.0,49500.0,1.5696969696969696,68600.0,1.1326530612244898
9409,テレビ朝日ホールディングス,プライム（内国株式）,情報通信・サービスその他,2026-10-07,400,True,3000.0,3010.0,2952.0,2952.0,2979.0,3020.0,2978.0,3000.0,2981.8,3084.04,3116.6133333333332,3091.16,-7.119999999999891,down,-37.916666666666664,-60.958485958485966,21.772151898734176,3800.0,3210.0,2919.0,-0.9993963377825543,-4.281397128441911,-22.315789473684212,-8.03738317757009,False,False,1218077580.0,298100.0,276200.0,1.0792903692976104,293500.0,1.0156729131175468
9412,スカパーＪＳＡＴ,プライム（内国株式）,情報通信・サービスその他,2026-10-07,400,True,1975.0,1996.0,1933.0,1945.0,1987.0,2030.0,1970.0,1972.0,1972.0,2009.24,2288.786666666667,2019.16,-9.920000000000073,down,-92.08333333333334,-47.00854700854702,47.59206798866856,4720.0,2132.0,1895.0,-1.369168356997974,-3.197228802930463,-58.792372881355924,-8.771106941838646,False,False,2119893460.0,1005100.0,905100.0,1.1104850292785327,1652900.0,0.6080827636275636
9413,テレビ東京ホールディングス,プライム（内国株式）,情報通信・サービスその他,2026-10-07,400,True,3280.0,3290.0,3255.0,3260.0,3250.0,3280.0,3240.0,3265.0,3257.0,3367.6,3472.6,3375.0,-7.400000000000091,down,-70.41666666666666,-71.56593406593406,37.61467889908257,5110.0,3490.0,3210.0,0.0921093030396003,-3.1951538187433126,-36.20352250489237,-6.590257879656159,False,False,231282700.0,52900.0,74100.0,0.7139001349527665,50700.0,1.0433925049309665
9416,ビジョン,プライム（内国株式）,情報通信・サービスその他,2026-10-07,400,True,1009.0,1023.0,1007.0,1016.0,1036.0,1039.0,1005.0,1010.0,1031.2,1051.64,1029.1733333333334,1053.2,-1.5599999999999454,down,-96.66666666666666,-0.5952380952380931,25.961538461538463,1343.0,1091.0,1005.0,-1.4740108611326685,-3.388992430869886,-24.34847356664185,-6.874427131072414,False,False,336620280.0,285300.0,443900.0,0.6427123225951791,162500.0,1.7556923076923077
9418,Ｕ－ＮＥＸＴ　ＨＯＬＤＩＮＧＳ,プライム（内国株式）,情報通信・サービスその他,2026-10-07,400,True,1772.0,1797.0,1772.0,1775.0,1767.0,1780.0,1764.0,1772.0,1768.6,1756.32,1716.28,1753.64,2.6799999999998363,up,-2.083333333333326,68.13186813186813,47.3469387755102,2179.0,1809.0,1707.0,0.3618681442949301,1.063587501138752,-18.540614960991274,-1.8794914317302402,False,False,680518960.0,356000.0,305500.0,1.165302782324059,462500.0,0.7697297297297298
9424,日本通信,プライム（内国株式）,情報通信・サービスその他,2026-10-07,400,True,122.0,122.0,117.0,119.0,120.0,123.0,120.0,122.0,119.6,118.88,114.69333333333333,118.84,0.03999999999999204,up,73.75,30.64713064713065,45.0,157.0,123.0,114.0,-0.5016722408026753,0.10094212651412526,-24.20382165605095,-3.2520325203251987,True,True,358032760.0,3346700.0,3663500.0,0.9135253173195033,3049800.0,1.0973506459439963
9432,ＮＴＴ,プライム（内国株式）,情報通信・サービスその他,2026-10-07,400,True,169.5,173.10000610351562,169.3000030517578,172.10000610351562,170.5,171.8000030517578,169.6999969482422,170.10000610351562,170.4800018310547,173.79200134277343,160.3106669108073,173.65200134277345,0.13999999999998636,up,-56.666666666666664,-4.868742368742374,34.02065909968609,180.10000610351562,180.10000610351562,167.1999969482422,0.950260590720986,-0.9735748631610752,-4.441976529085656,-4.441976529085656,False,False,29986706891.95099,186043000.0,124008700.0,1.5002415153130386,173891200.0,1.069881627132368
9433,ＫＤＤＩ,プライム（内国株式）,情報通信・サービスその他,2026-10-07,400,True,2870.0,2895.0,2868.0,2877.0,2906.5,2912.0,2873.5,2883.0,2896.1,2985.1,2884.233333333333,2986.9,-1.800000000000182,down,-93.33333333333333,-17.85714285714286,22.74011299435028,3121.0,3111.0,2868.0,-0.6595076136873712,-3.621319218786634,-7.8180070490227465,-7.521697203471556,False,False,22750470240.0,7044900.0,7151100.0,0.9851491378948694,7453100.0,0.9452308435416136
9434,ソフトバンク,プライム（内国株式）,情報通信・サービスその他,2026-10-07,400,True,237.6999969482422,240.89999389648438,237.60000610351562,240.6999969482422,239.8000030517578,242.10000610351562,238.60000610351562,239.60000610351562,239.4,242.77600158691405,228.89466756184896,242.65600158691407,0.11999999999997613,up,-60.00000000000001,21.42857142857143,30.196090164375853,252.89999389648438,252.89999389648438,235.89999389648438,0.5430229524821195,-0.8551111415881274,-4.824040032692068,-4.824040032692068,False,False,17749231426.632996,79013200.0,66471900.0,1.1886707014542988,59202600.0,1.3346238171972178
9435,光通信,プライム（内国株式）,情報通信・サービスその他,2026-10-07,400,True,35960.0,36490.0,35700.0,36490.0,36500.0,36550.0,36020.0,36020.0,36122.0,37954.8,37962.8,38124.8,-170.0,down,-61.66666666666667,-88.27838827838828,36.221590909090914,45950.0,39420.0,35660.0,1.0187697248214445,-3.859327410498814,-20.58759521218716,-7.432775240994416,False,False,3288812400.0,125900.0,93100.0,1.3523093447905479,71400.0,1.7633053221288515
9438,エムティーアイ,プライム（内国株式）,情報通信・サービスその他,2026-10-07,400,True,608.0,615.0,600.0,605.0,609.0,623.0,606.0,615.0,609.2,600.8,593.4533333333334,601.12,-0.32000000000005,down,0.0,26.251526251526247,54.629629629629626,863.0,623.0,574.0,-0.6894287590282433,0.6990679094540653,-29.895712630359217,-2.8892455858748,True,True,21183980.0,20300.0,72000.0,0.28194444444444444,26500.0,0.7660377358490567
9449,ＧＭＯインターネットグループ,プライム（内国株式）,情報通信・サービスその他,2026-10-07,400,True,3988.0,3998.0,3916.0,3922.0,3975.0,4010.0,3921.0,3957.0,3956.0,3962.96,3906.32,3976.44,-13.480000000000018,down,-50.0,-37.72893772893773,48.1578947368421,4390.0,4057.0,3752.0,-0.8594539939332679,-1.0335708662212117,-10.66059225512529,-3.3275819571111698,True,False,1414796340.0,414100.0,377200.0,1.0978260869565217,261000.0,1.5865900383141762
9468,ＫＡＤＯＫＡＷＡ,プライム（内国株式）,情報通信・サービスその他,2026-10-07,400,True,3623.0,3645.0,3552.0,3613.0,3741.0,3775.0,3636.0,3669.0,3720.0,3668.72,3595.8,3674.16,-5.440000000000055,down,11.66666666666667,3.0982905982905984,43.738656987295826,3967.0,3858.0,3510.0,-2.8763440860215095,-1.5187858435639634,-8.923619863876986,-6.35044064282011,False,False,2012341620.0,579500.0,440600.0,1.3152519291874716,490500.0,1.18144750254842
9470,学研ホールディングス,プライム（内国株式）,情報通信・サービスその他,2026-10-07,400,True,1001.0,1006.0,998.0,998.0,1015.0,1017.0,1004.0,1006.0,1015.2,1041.64,1025.3066666666666,1043.12,-1.4799999999997908,down,-100.0,10.424297924297921,30.985915492957744,1164.0,1094.0,998.0,-1.694247438928298,-4.1895472524096755,-14.26116838487973,-8.775137111517372,False,False,135257760.0,115400.0,72800.0,1.585164835164835,129800.0,0.889060092449923
9474,ゼンリン,プライム（内国株式）,情報通信・サービスその他,2026-10-07,400,True,895.0,899.0,888.0,888.0,895.0,902.0,894.0,900.0,896.4,912.76,899.7866666666666,914.08,-1.32000000000005,down,-75.0,-44.49023199023199,36.53846153846153,1118.0,934.0,888.0,-0.9370816599732268,-2.7126517375871018,-20.572450805008945,-4.925053533190582,False,False,114885420.0,114600.0,99500.0,1.1517587939698493,200700.0,0.5710014947683109
9501,東京電力ホールディングス,プライム（内国株式）,電力・ガス,2026-10-07,400,True,524.9000244140625,532.2999877929688,516.7000122070312,516.9000244140625,522.5999755859375,524.2999877929688,514.5,518.7999877929688,520.2200073242187,540.9759985351562,516.5906644694011,541.4239965820312,-0.447998046875,down,-26.66666666666666,-68.36080586080587,41.9207473087766,939.4000244140625,584.0999755859375,505.6000061035156,-0.6381882402471839,-4.450469925890643,-44.97551511812323,-11.504871422818264,False,False,16004410485.882568,27858700.0,29891300.0,0.9320002810182227,42468300.0,0.6559881134870009
9502,中部電力,プライム（内国株式）,電力・ガス,2026-10-07,400,True,2650.0,2676.5,2625.5,2676.0,2625.0,2632.0,2578.5,2628.0,2642.6,2859.52,2904.2266666666665,2866.12,-6.599999999999909,down,-80.0,-68.14713064713065,27.76595744680851,3286.0,3112.0,2578.5,1.2639067584954145,-6.417860340196957,-18.563603164942176,-14.010282776349614,False,False,10211930570.0,4630800.0,3168500.0,1.461511756351586,3041100.0,1.5227384827858341
9503,関西電力,プライム（内国株式）,電力・ガス,2026-10-07,400,True,2625.0,2674.0,2624.0,2655.5,2595.0,2602.0,2562.0,2602.0,2633.8,2841.66,2533.326666666667,2839.94,1.7199999999998,up,-73.33333333333334,-42.97924297924298,25.53495007132668,3053.0,3049.0,2562.0,0.8239046244969073,-6.5511004131387995,-13.019980347199478,-12.90587077730403,False,False,10511513560.0,4733700.0,4750600.0,0.996442554624679,4278900.0,1.1062889995092196
9504,中国電力,プライム（内国株式）,電力・ガス,2026-10-07,400,True,992.2000122070312,1000.5,987.7999877929688,996.0,979.0,990.9000244140625,970.5,988.5,993.1199951171875,1049.0639990234374,968.1866650390625,1048.687998046875,0.37600097656240905,up,-81.66666666666667,-15.125152625152616,33.15087520599101,1145.0,1133.0,970.5,0.2899956598369169,-5.058223242131477,-13.013100436681224,-12.09179170344219,False,False,1910802438.774414,1914300.0,1742500.0,1.098593974175036,1845000.0,1.0375609756097561
9505,北陸電力,プライム（内国株式）,電力・ガス,2026-10-07,400,True,1070.5,1081.0,1058.5,1064.5,1051.5,1074.0,1038.0,1068.0,1071.1,1092.7,981.4013346354167,1089.9,2.7999999999999545,up,-83.33333333333333,42.536630036630044,42.8099173553719,1179.5,1179.5,1038.0,-0.6161889646158047,-2.5807632470028374,-9.749894022891059,-9.749894022891059,False,False,1143201580.0,774000.0,991000.0,0.781029263370333,792200.0,0.977026003534461
9506,東北電力,プライム（内国株式）,電力・ガス,2026-10-07,400,True,1254.0,1270.0,1253.0,1262.0,1236.5,1255.0,1226.0,1251.0,1251.4,1350.14,1224.4533333333334,1351.8,-1.6599999999998545,down,-80.0,-45.421245421245416,27.246790299572037,1472.0,1472.0,1226.0,0.8470513025411464,-6.528211889137426,-14.266304347826086,-14.266304347826086,False,False,4012070860.0,2856300.0,2762700.0,1.0338799000977306,5858000.0,0.4875896210310686
9507,四国電力,プライム（内国株式）,電力・ガス,2026-10-07,400,True,2113.5,2135.5,2102.5,2126.0,2090.5,2101.5,2053.5,2094.5,2108.9,2135.88,1795.1666666666667,2127.88,8.0,up,-38.33333333333333,29.548229548229543,45.735785953177256,2298.5,2298.5,2030.0,0.8108492579069537,-0.4625728037155663,-7.504894496410708,-7.504894496410708,False,False,2073884610.0,856300.0,1110200.0,0.7713024680237796,1102600.0,0.7766189007799746
9509,北海道電力,プライム（内国株式）,電力・ガス,2026-10-07,400,True,1081.5,1097.0,1077.0,1086.5,1061.5,1081.0,1053.0,1077.5,1084.0,1121.18,1042.150664876302,1121.08,0.10000000000013642,up,-76.66666666666666,-31.913919413919412,41.15523465703971,1295.0,1167.5,1053.0,0.23062730627305683,-3.0931696962129274,-16.1003861003861,-6.9379014989293335,False,False,2054541940.0,1367200.0,1789800.0,0.7638842328751816,2568900.0,0.5322122309159563
9511,沖縄電力,プライム（内国株式）,電力・ガス,2026-10-07,400,True,1145.0,1147.0,1135.0,1142.0,1135.0,1150.0,1128.0,1144.0,1149.6,1186.68,1059.5466666666666,1187.56,-0.8799999999998818,down,-83.33333333333333,-15.598290598290587,39.83739837398374,1243.0,1243.0,1128.0,-0.6610995128740305,-3.7651262345366976,-8.125502815768304,-8.125502815768304,False,False,245164020.0,159700.0,185500.0,0.8609164420485175,195100.0,0.8185545873910814
9513,電源開発,プライム（内国株式）,電力・ガス,2026-10-07,400,True,4013.0,4023.0,3962.0,3967.0,3945.0,3989.0,3920.0,3987.0,3988.8,4112.56,3905.0133333333333,4115.52,-2.9600000000000364,down,-75.0,-40.64407814407816,33.3810888252149,4514.0,4279.0,3920.0,-0.5465302847974418,-3.539401248857166,-12.117855560478507,-7.291423229726568,False,False,2207614720.0,526500.0,565000.0,0.9318584070796461,501200.0,1.0504788507581804
9517,イーレックス,プライム（内国株式）,電力・ガス,2026-10-07,400,True,787.0,806.0,782.0,798.0,791.0,799.0,788.0,788.0,802.6,836.08,827.96,839.16,-3.0799999999999272,down,-88.33333333333333,-84.95115995115997,40.119760479041915,1118.0,882.0,782.0,-0.5731373037627718,-4.55458807769592,-28.622540250447226,-9.523809523809524,False,False,157560280.0,212700.0,159300.0,1.335216572504708,116600.0,1.8241852487135506
9519,レノバ,プライム（内国株式）,電力・ガス,2026-10-07,400,True,816.0,835.0,812.0,828.0,813.0,824.0,810.0,820.0,826.4,865.72,918.24,868.8,-3.0799999999999272,down,-46.66666666666666,-82.89072039072039,39.74895397489539,1400.0,921.0,799.0,0.1936108422071703,-4.3570669500531345,-40.85714285714286,-10.097719869706845,False,False,779884760.0,814400.0,513900.0,1.584744113640786,522200.0,1.559555725775565
9531,東京瓦斯,プライム（内国株式）,電力・ガス,2026-10-07,400,True,6120.0,6142.0,6040.0,6040.0,6046.0,6098.0,5990.0,6098.0,6099.2,6222.52,6135.92,6226.36,-3.839999999999236,down,-64.58333333333333,-29.47191697191698,34.215328467153284,7967.0,6515.0,5990.0,-0.970619097586567,-2.933216767483282,-24.187272499058622,-7.290867229470455,False,False,6078878300.0,1007700.0,1065900.0,0.9453982549957782,1012300.0,0.9954558925219796
9532,大阪瓦斯,プライム（内国株式）,電力・ガス,2026-10-07,400,True,5663.0,5707.0,5653.0,5663.0,5654.0,5663.0,5569.0,5663.0,5690.8,5866.16,5591.706666666667,5865.92,0.23999999999978172,up,-83.74999999999999,-14.362026862026855,29.93744414655943,6828.0,6259.0,5569.0,-0.4885077669220528,-3.4632536446329465,-17.062097246631513,-9.522287905416205,False,False,6720044600.0,1194500.0,1456900.0,0.819891550552543,955400.0,1.2502616705045007
9533,東邦瓦斯,プライム（内国株式）,電力・ガス,2026-10-07,400,True,1242.0,1246.0,1231.0,1236.5,1239.0,1245.5,1230.0,1243.0,1240.0,1268.96,1221.6266666666668,1268.46,0.5,up,-35.00000000000001,-13.247863247863245,31.446540880503143,1425.75,1348.5,1212.5,-0.28225806451612767,-2.558000252175008,-13.273715588286873,-8.30552465702633,False,False,730520190.0,527200.0,565400.0,0.9324372125928546,686000.0,0.7685131195335277
9534,北海道瓦斯,プライム（内国株式）,電力・ガス,2026-10-07,400,True,845.0,860.0,845.0,849.0,835.0,847.0,827.0,845.0,845.8,905.12,819.2533333333333,904.96,0.15999999999996817,up,-93.33333333333333,-18.009768009768013,26.47058823529412,972.0,972.0,827.0,0.3783400331047515,-6.200282835425142,-12.654320987654321,-12.654320987654321,False,False,150864600.0,154900.0,158000.0,0.980379746835443,460300.0,0.3365196610905931
9535,広島ガス,プライム（内国株式）,電力・ガス,2026-10-07,400,True,413.0,415.0,411.0,413.0,415.0,418.0,413.0,414.0,415.6,433.2,419.28,433.8,-0.6000000000000227,down,-96.66666666666666,-24.694749694749696,17.857142857142858,453.0,453.0,411.0,-0.6256015399422554,-4.66297322253001,-8.830022075055188,-8.830022075055188,False,False,26686280.0,35700.0,67100.0,0.5320417287630402,136800.0,0.26096491228070173
9536,西部ガスホールディングス,プライム（内国株式）,電力・ガス,2026-10-07,400,True,2424.0,2432.0,2400.0,2408.0,2416.0,2423.0,2399.0,2418.0,2425.4,2540.84,2410.3733333333334,2545.12,-4.279999999999745,down,-96.66666666666666,-26.938339438339433,32.056451612903224,2695.0,2695.0,2396.0,-0.7174074379483808,-5.2281922513814365,-10.649350649350653,-10.649350649350653,False,False,208090280.0,83600.0,63600.0,1.3144654088050314,145400.0,0.5749656121045392
9543,静岡ガス,プライム（内国株式）,電力・ガス,2026-10-07,400,True,1289.0,1302.0,1287.0,1288.0,1284.0,1294.0,1276.0,1289.0,1288.4,1338.12,1280.8,1338.6,-0.4800000000000182,down,-95.0,-22.252747252747263,26.94300518134715,1625.0,1410.0,1270.0,-0.03104625892580426,-3.7455534630675746,-20.73846153846154,-8.652482269503547,False,False,155475980.0,98100.0,108500.0,0.904147465437788,146900.0,0.6678012253233492
9551,メタウォーター,プライム（内国株式）,電力・ガス,2026-10-07,400,True,3215.0,3255.0,3175.0,3190.0,3185.0,3200.0,3155.0,3175.0,3125.0,3107.2,3196.3333333333335,3104.8,2.399999999999636,up,48.33333333333333,2.411477411477414,62.727272727272734,4220.0,3255.0,2987.0,2.079999999999993,2.6647785787847544,-24.40758293838863,-1.9969278033794113,False,False,379756300.0,177700.0,124200.0,1.430756843800322,197500.0,0.899746835443038
9552,クオンツ総研ホールディングス,プライム（内国株式）,情報通信・サービスその他,2026-10-07,400,True,1103.0,1122.0,1066.0,1078.0,1049.0,1104.0,1041.0,1102.0,1044.2,1077.2,986.24,1078.32,-1.1199999999998909,down,21.666666666666668,-66.98717948717949,51.587301587301596,1400.0,1213.0,979.0,3.2369277916107997,0.0742666171555939,-23.0,-11.129431162407254,True,True,283315480.0,244600.0,513100.0,0.47671019294484507,349800.0,0.6992567181246426
9601,松竹,プライム（内国株式）,情報通信・サービスその他,2026-10-07,400,True,10740.0,10750.0,10470.0,10520.0,10750.0,10840.0,10720.0,10720.0,10684.0,10804.8,10839.733333333334,10810.4,-5.600000000000364,down,-97.08333333333334,-9.462759462759474,18.75,14060.0,11190.0,10470.0,-1.5350056158742076,-2.6358655412409226,-25.177809388335703,-5.987488829311882,False,False,417935200.0,50600.0,30300.0,1.66996699669967,65200.0,0.7760736196319018
9602,東宝,プライム（内国株式）,情報通信・サービスその他,2026-10-07,400,True,1552.0,1559.0,1520.0,1520.5,1565.0,1575.0,1558.0,1566.0,1555.0,1581.24,1475.1266666666668,1583.0,-1.759999999999991,down,-39.99999999999999,-27.731990231990224,22.371364653243848,2006.0,1676.0,1520.0,-2.2186495176848897,-3.841289114871871,-24.20239282153539,-9.278042959427212,False,False,4513225050.0,4148900.0,1988400.0,2.086552001609334,5993700.0,0.6922101539950282
9603,エイチ・アイ・エス,プライム（内国株式）,情報通信・サービスその他,2026-10-07,400,True,1077.0,1082.0,1028.0,1049.0,1078.0,1089.0,1071.0,1075.0,1076.4,1136.48,1077.5333333333333,1141.92,-5.440000000000055,down,-81.25,-82.64652014652015,28.158844765342963,1448.0,1223.0,1028.0,-2.5455221107395065,-7.697451780937636,-27.555248618784532,-14.22730989370401,False,False,423292320.0,662300.0,228900.0,2.893403232852774,491900.0,1.3464118723317748
9605,東映,プライム（内国株式）,情報通信・サービスその他,2026-10-07,400,True,5880.0,5900.0,5800.0,5800.0,5830.0,5890.0,5810.0,5870.0,5844.0,5968.0,5907.866666666667,5977.6,-9.600000000000364,down,-88.75,-43.48290598290598,25.862068965517242,6500.0,6210.0,5790.0,-0.7529089664613298,-2.815013404825739,-10.769230769230765,-6.60225442834138,False,False,398500400.0,92500.0,67400.0,1.3724035608308605,48000.0,1.9270833333333333
9612,ラックランド,プライム（内国株式）,情報通信・サービスその他,2026-10-07,400,True,1236.0,1254.0,1236.0,1251.0,1229.0,1245.0,1223.0,1239.0,1238.6,1224.84,1243.5333333333333,1224.56,0.2799999999999727,up,-71.66666666666666,46.443833943833944,67.32673267326733,1966.0,1279.0,1155.0,1.0011303084127343,2.135789164299018,-36.36826042726348,-2.18921032056294,False,False,53721400.0,30300.0,45200.0,0.6703539823008849,65800.0,0.46048632218844987
9616,共立メンテナンス,プライム（内国株式）,情報通信・サービスその他,2026-10-07,400,True,3194.0,3239.0,3180.0,3226.0,3218.0,3231.0,3179.0,3194.0,3213.6,3215.48,3192.0,3223.84,-8.360000000000127,down,-33.33333333333333,-31.776556776556774,56.708407871198574,3543.0,3308.0,3078.0,0.3858600945979562,0.32716732805055937,-8.947219870166522,-2.4788391777509022,True,True,2228097120.0,509500.0,532000.0,0.9577067669172933,661100.0,0.770685221600363
9619,イチネンホールディングス,プライム（内国株式）,情報通信・サービスその他,2026-10-07,400,True,2659.0,2687.0,2659.0,2666.0,2681.0,2703.0,2673.0,2680.0,2686.8,2707.84,2507.84,2710.4,-2.5599999999999454,down,-88.33333333333333,-10.943223443223449,47.868852459016395,2788.0,2788.0,2634.0,-0.7741551287777315,-1.5451429922004323,-4.375896700143467,-4.375896700143467,False,False,100887960.0,26300.0,28500.0,0.9228070175438596,25900.0,1.0154440154440154
9621,建設技術研究所,プライム（内国株式）,情報通信・サービスその他,2026-10-07,400,True,3305.0,3360.0,3300.0,3325.0,3305.0,3340.0,3290.0,3305.0,3327.0,3252.0,3092.72,3247.4,4.599999999999909,up,62.916666666666664,84.02014652014653,61.05263157894737,3575.0,3395.0,3155.0,-0.06011421701231923,2.2447724477244746,-6.99300699300699,-2.0618556701030966,False,False,281982000.0,65900.0,64600.0,1.020123839009288,60800.0,1.0838815789473684
9622,スペース,プライム（内国株式）,情報通信・サービスその他,2026-10-07,400,True,1399.0,1405.0,1397.0,1398.0,1398.0,1405.0,1391.0,1399.0,1400.6,1420.24,1434.9066666666668,1422.92,-2.6800000000000637,down,-83.74999999999999,-52.45726495726495,45.65217391304348,1709.0,1467.0,1383.0,-0.18563472797371583,-1.565932518447588,-18.197776477472203,-4.703476482617585,False,False,70088280.0,45200.0,51200.0,0.8828125,28900.0,1.5640138408304498
9627,アインホールディングス,プライム（内国株式）,小売,2026-10-07,400,True,5331.0,5444.0,5315.0,5432.0,5337.0,5350.0,5282.0,5309.0,5351.6,5705.64,5776.72,5737.48,-31.839999999999236,down,-35.00000000000001,-95.54334554334554,20.402010050251256,7280.0,6179.0,5275.0,1.5023544360565078,-4.795956281854452,-25.384615384615383,-12.08933484382586,False,False,641308300.0,167300.0,125700.0,1.3309466984884646,91000.0,1.8384615384615384
9628,燦ホールディングス,プライム（内国株式）,情報通信・サービスその他,2026-10-07,400,True,1292.0,1302.0,1288.0,1297.0,1292.0,1305.0,1288.0,1297.0,1301.4,1321.84,1373.4666666666667,1324.6,-2.759999999999991,down,-90.41666666666666,-32.967032967032964,39.39393939393939,1650.0,1387.0,1255.0,-0.3380974335331244,-1.879198692731343,-21.393939393939398,-6.4888248017303525,False,False,61355960.0,44200.0,44400.0,0.9954954954954955,52500.0,0.8419047619047619
9629,ピー・シー・エー,プライム（内国株式）,情報通信・サービスその他,2026-10-07,400,True,1549.0,1567.0,1525.0,1538.0,1532.0,1568.0,1525.0,1554.0,1544.4,1570.0,1480.2133333333334,1575.36,-5.3599999999999,down,-78.33333333333334,-49.28266178266178,37.5,2084.0,1608.0,1507.0,-0.41440041440041764,-2.0382165605095537,-26.199616122840695,-4.35323383084577,False,False,47897000.0,25400.0,20700.0,1.2270531400966183,27700.0,0.9169675090252708
9644,タナベコンサルティンググループ,プライム（内国株式）,情報通信・サービスその他,2026-10-07,400,True,676.0,681.0,673.0,677.0,675.0,684.0,675.0,682.0,680.2,737.56,750.32,741.76,-4.2000000000000455,down,-85.00000000000001,-74.87789987789988,19.84732824427481,782.0,763.0,669.0,-0.47044986768598474,-8.210857421769068,-13.427109974424557,-11.271297509829626,False,False,78296000.0,60600.0,71000.0,0.8535211267605634,57000.0,1.063157894736842
9658,ビジネスブレイン太田昭和,プライム（内国株式）,情報通信・サービスその他,2026-10-07,400,True,1137.0,1152.0,1132.0,1139.0,1132.0,1152.0,1132.0,1149.0,1135.8,1107.92,1059.8,1106.12,1.800000000000182,up,-16.666666666666675,69.9023199023199,66.14583333333334,1218.3333740234375,1174.0,1046.0,0.28173974291247905,2.8052566972344595,-6.511631029317211,-2.9812606473594516,False,False,65535560.0,31500.0,86500.0,0.36416184971098264,49400.0,0.6376518218623481
9663,ナガワ,プライム（内国株式）,情報通信・サービスその他,2026-10-07,400,True,4785.0,4830.0,4770.0,4780.0,4700.0,4820.0,4700.0,4790.0,4756.0,4958.6,5044.066666666667,4975.0,-16.399999999999636,down,-73.33333333333334,-96.71855921855921,25.925925925925924,6900.0,5110.0,4695.0,0.5046257359125228,-3.6018230952284958,-30.724637681159418,-6.4579256360078325,False,False,154267800.0,22600.0,34400.0,0.6569767441860465,29700.0,0.7609427609427609
9672,東京都競馬,プライム（内国株式）,情報通信・サービスその他,2026-10-07,400,True,4715.0,4725.0,4690.0,4710.0,4670.0,4715.0,4645.0,4695.0,4700.0,4870.0,4912.533333333334,4884.0,-14.0,down,-83.74999999999999,-88.53785103785103,25.263157894736842,6080.0,5030.0,4645.0,0.21276595744681437,-3.285420944558526,-22.532894736842103,-6.3618290258449335,False,False,348953500.0,56000.0,62800.0,0.89171974522293,35700.0,1.5686274509803921
9678,カナモト,プライム（内国株式）,情報通信・サービスその他,2026-10-07,400,True,5330.0,5470.0,5320.0,5400.0,5370.0,5380.0,5320.0,5350.0,5364.0,5436.0,5335.866666666667,5441.2,-5.199999999999818,down,-11.250000000000004,-72.8937728937729,48.35164835164835,5760.0,5670.0,5240.0,0.6711409395973256,-0.6622516556291425,-6.25,-4.761904761904767,True,False,371967400.0,57800.0,58900.0,0.9813242784380306,136700.0,0.4228237015362107
9682,ＤＴＳ,プライム（内国株式）,情報通信・サービスその他,2026-10-07,400,True,1099.0,1099.0,1083.0,1089.0,1098.0,1098.0,1083.0,1087.0,1096.8,1113.2,1082.6266666666668,1115.4,-2.2000000000000455,down,-91.66666666666667,-18.986568986568987,48.42767295597484,1362.0,1175.0,1061.0,-0.7111597374179435,-2.1739130434782594,-20.044052863436125,-7.319148936170217,False,False,673897700.0,609900.0,465100.0,1.3113308965813804,415500.0,1.467870036101083
9684,スクウェア・エニックス・ホールディングス,プライム（内国株式）,情報通信・サービスその他,2026-10-07,400,True,2830.0,2846.0,2780.5,2790.5,2839.0,2867.5,2834.5,2837.0,2847.5,2921.94,2747.86,2928.12,-6.179999999999836,down,-100.0,-26.388888888888886,24.313725490196077,3352.0,3039.0,2780.5,-2.001755926251092,-4.4983812124821165,-16.75119331742243,-8.177031918394206,False,False,3376273190.0,1540500.0,922100.0,1.6706430972779525,989200.0,1.5573190456934898
9692,シーイーシー,プライム（内国株式）,情報通信・サービスその他,2026-10-07,400,True,2235.0,2242.0,2211.0,2216.0,2221.0,2232.0,2208.0,2227.0,2230.4,2281.16,2253.9066666666668,2294.72,-13.559999999999945,down,-66.66666666666667,-70.14652014652015,52.74725274725275,2579.0,2416.0,2089.0,-0.6456241032998578,-2.856441459608261,-14.075222954633581,-8.278145695364236,False,False,289941400.0,91500.0,96300.0,0.9501557632398754,105400.0,0.8681214421252372
9697,カプコン,プライム（内国株式）,情報通信・サービスその他,2026-10-07,400,True,4475.0,4482.0,4327.0,4421.0,4423.0,4457.0,4401.0,4435.0,4415.6,4340.12,3845.3866666666668,4335.24,4.880000000000109,up,55.41666666666667,80.25030525030526,57.58293838862559,4519.0,4519.0,4109.0,0.12229368602227897,1.8635429435130746,-2.1686213764107065,-2.1686213764107065,True,True,12510626700.0,2555700.0,2113100.0,1.2094553026359378,1923200.0,1.3288789517470883
9699,ニシオホールディングス,プライム（内国株式）,情報通信・サービスその他,2026-10-07,400,True,4255.0,4295.0,4145.0,4155.0,4335.0,4340.0,4240.0,4275.0,4297.0,4572.2,4351.4,4592.6,-20.400000000000546,down,-98.33333333333334,-65.73565323565325,20.0,4880.0,4775.0,4145.0,-3.3046311380032556,-9.124710205152875,-14.856557377049185,-12.984293193717278,False,False,516751200.0,102100.0,181000.0,0.5640883977900553,93000.0,1.0978494623655914
9702,アイ・エス・ビー,プライム（内国株式）,情報通信・サービスその他,2026-10-07,400,True,2381.0,2422.0,2378.0,2405.0,2459.0,2478.0,2410.0,2412.0,2439.8,2425.08,2367.88,2428.32,-3.2400000000002365,down,-64.99999999999999,33.3943833943834,47.098976109215016,2586.0,2522.0,2316.0,-1.4263464218378652,-0.8280139211902293,-6.99922660479505,-4.639175257731953,False,False,50154460.0,16100.0,15800.0,1.018987341772152,15300.0,1.0522875816993464
9706,日本空港ビルデング,プライム（内国株式）,不動産,2026-10-07,400,True,5387.0,5415.0,5247.0,5402.0,5388.0,5462.0,5320.0,5434.0,5384.6,5547.8,5466.24,5571.64,-23.840000000000146,down,-78.33333333333334,-89.63675213675214,43.50877192982456,6009.0,5758.0,5247.0,0.32314378041078395,-2.628068784022497,-10.101514395074052,-6.182702327196942,False,False,3538953980.0,871500.0,556900.0,1.5649129107559705,1494300.0,0.5832162216422405
9715,トランス・コスモス,プライム（内国株式）,情報通信・サービスその他,2026-10-07,400,True,3365.0,3390.0,3355.0,3360.0,3440.0,3450.0,3390.0,3400.0,3426.0,3571.6,3637.9333333333334,3586.2,-14.599999999999909,down,-98.75,-81.19658119658119,26.31578947368421,4150.0,3725.0,3355.0,-1.9264448336252182,-5.924515623250082,-19.03614457831325,-9.798657718120808,False,False,312561400.0,55100.0,75000.0,0.7346666666666667,175800.0,0.313424345847554
9716,乃村工藝社,プライム（内国株式）,情報通信・サービスその他,2026-10-07,400,True,1197.0,1208.0,1190.0,1195.0,1210.0,1210.0,1189.0,1198.0,1208.8,1242.2,1191.84,1244.68,-2.480000000000018,down,-83.33333333333333,-85.45482295482296,34.285714285714285,1466.0,1285.0,1189.0,-1.1416280608868234,-3.7997101915955622,-18.485675306957706,-7.003891050583655,False,False,353835600.0,288400.0,353000.0,0.8169971671388102,249000.0,1.1582329317269076
9722,藤田観光,プライム（内国株式）,情報通信・サービスその他,2026-10-07,400,True,3135.0,3155.0,3065.0,3090.0,3080.0,3150.0,3050.0,3150.0,3065.0,2862.88,2353.9333333333334,2859.48,3.400000000000091,up,93.33333333333333,3.2509157509157505,70.71428571428572,3160.0,3155.0,2642.0,0.815660685154973,7.933269993852332,-2.215189873417722,-2.0602218700475405,False,False,868050300.0,192300.0,221300.0,0.868956168097605,456300.0,0.42143326758711375
9729,トーカイ,プライム（内国株式）,情報通信・サービスその他,2026-10-07,400,True,2545.0,2563.0,2532.0,2550.0,2502.0,2562.0,2501.0,2555.0,2529.6,2524.2,2464.786666666667,2524.88,-0.680000000000291,down,-14.999999999999991,11.660561660561664,46.68674698795181,2866.0,2641.0,2449.0,0.8064516129032251,1.0221060137865612,-11.025819958129802,-3.4456645210147685,False,False,73651760.0,22500.0,27100.0,0.8302583025830258,23100.0,0.974025974025974
9735,セコム,プライム（内国株式）,情報通信・サービスその他,2026-10-07,400,True,6300.0,6300.0,6232.0,6257.0,6280.0,6302.0,6236.0,6272.0,6257.6,6349.44,6510.1466666666665,6356.64,-7.200000000000728,down,-26.66666666666666,-70.87912087912088,38.393977415307404,7224.0,6528.0,6136.0,-0.009588340577859622,-1.455876423747604,-13.385935769656697,-4.151348039215685,False,False,9810277480.0,1286400.0,1266000.0,1.0161137440758294,1165000.0,1.104206008583691
9739,ＮＳＷ,プライム（内国株式）,情報通信・サービスその他,2026-10-07,400,True,2612.0,2644.0,2608.0,2644.0,2599.0,2639.0,2584.0,2622.0,2604.2,2667.84,2608.72,2674.28,-6.440000000000055,down,-36.66666666666667,-77.83882783882783,47.687861271676304,2831.0,2709.0,2544.0,1.528300437754404,-0.893606813002279,-6.605439773931476,-2.3994093761535606,False,False,75958020.0,30100.0,44300.0,0.6794582392776524,18100.0,1.6629834254143647
9740,セントラル警備保障,プライム（内国株式）,情報通信・サービスその他,2026-10-07,400,True,2620.0,2630.0,2583.0,2585.0,2591.0,2632.0,2591.0,2620.0,2615.4,2677.76,2706.92,2685.64,-7.879999999999654,down,-86.66666666666667,-78.51037851037852,36.059479553903344,3350.0,2744.0,2583.0,-1.1623461038464566,-3.4640893881453194,-22.835820895522385,-5.794460641399413,False,False,57201160.0,18800.0,13400.0,1.4029850746268657,14300.0,1.3146853146853146
9742,アイネス,プライム（内国株式）,情報通信・サービスその他,2026-10-07,400,True,2275.0,2288.0,2205.0,2205.0,2268.0,2309.0,2268.0,2288.0,2253.8,2196.08,2209.0,2202.56,-6.480000000000018,down,-16.666666666666675,-10.073260073260082,58.27338129496403,2527.0,2324.0,2001.0,-2.1652320525335056,0.40617828130122824,-12.742382271468145,-5.12048192771084,False,False,55097520.0,17200.0,25800.0,0.6666666666666666,25600.0,0.671875
9743,丹青社,プライム（内国株式）,情報通信・サービスその他,2026-10-07,400,True,1375.0,1385.0,1373.0,1380.0,1367.0,1386.0,1367.0,1382.0,1384.4,1458.12,1428.4266666666667,1464.0,-5.880000000000109,down,-88.33333333333333,-96.96275946275948,27.411167512690355,1671.0,1527.0,1367.0,-0.31782721756717924,-5.357583737963944,-17.414721723518856,-9.626719056974464,False,False,368245580.0,231100.0,237000.0,0.9751054852320675,243900.0,0.947519475194752
9744,メイテックグループホールディングス,プライム（内国株式）,情報通信・サービスその他,2026-10-07,400,True,3211.0,3235.0,3208.0,3210.0,3258.0,3260.0,3217.0,3217.0,3241.4,3357.48,3278.8,3365.96,-8.480000000000018,down,-100.0,-30.280830280830283,26.378896882494008,3718.0,3526.0,3208.0,-0.9687172209539074,-4.392580149397762,-13.663259817105967,-8.961996596710154,False,False,1869162040.0,435300.0,578200.0,0.7528536838464199,316000.0,1.3775316455696203
9746,ＴＫＣ,プライム（内国株式）,情報通信・サービスその他,2026-10-07,400,True,4020.0,4065.0,4010.0,4025.0,4035.0,4055.0,3975.0,4030.0,4037.0,4091.4,3842.866666666667,4097.8,-6.400000000000091,down,-63.33333333333333,-50.47313797313797,39.53488372093023,4375.0,4185.0,3975.0,-0.29725043349021485,-1.6229163611477748,-7.9999999999999964,-3.823178016726403,False,False,290574600.0,75200.0,43200.0,1.7407407407407407,63100.0,1.19175911251981
9755,応用地質,プライム（内国株式）,情報通信・サービスその他,2026-10-07,400,True,2773.0,2783.0,2758.0,2758.0,2767.0,2794.0,2766.0,2782.0,2774.0,2821.6,2816.36,2825.76,-4.160000000000309,down,-83.33333333333333,-36.81318681318682,39.6551724137931,3175.0,2890.0,2754.0,-0.5767844268204758,-2.254040260844903,-13.133858267716537,-4.56747404844291,False,False,199038040.0,80100.0,44500.0,1.8,51600.0,1.552325581395349
9757,船井総研ホールディングス,プライム（内国株式）,情報通信・サービスその他,2026-10-07,400,True,1161.0,1167.0,1159.0,1164.0,1159.0,1164.0,1156.0,1164.0,1164.8,1175.12,1134.7066666666667,1175.84,-0.7200000000000273,down,-89.99999999999999,-12.591575091575091,38.57142857142858,1325.0,1197.0,1146.0,-0.06868131868131844,-0.9462863367145413,-12.15094339622641,-2.7568922305764465,False,False,235385640.0,150200.0,173900.0,0.8637147786083956,271700.0,0.5528156054471844
9759,ＮＳＤ,プライム（内国株式）,情報通信・サービスその他,2026-10-07,400,True,2970.0,2986.0,2940.5,2950.5,2972.5,2986.0,2944.0,2961.5,2961.0,2903.34,2764.173333333333,2903.32,0.01999999999998181,up,36.66666666666667,43.05555555555556,58.712715855572995,3670.0,3036.0,2753.0,-0.35460992907800915,1.624336109446367,-19.604904632152586,-2.8162055335968383,False,False,751185520.0,251700.0,202600.0,1.2423494570582427,194400.0,1.2947530864197532
9765,オオバ,プライム（内国株式）,情報通信・サービスその他,2026-10-07,400,True,1168.0,1172.0,1162.0,1165.0,1170.0,1173.0,1167.0,1170.0,1179.0,1182.92,1145.7466666666667,1183.28,-0.35999999999989996,down,-81.66666666666667,15.01831501831502,47.0,1322.0,1216.0,1161.0,-1.187446988973706,-1.5148953437256973,-11.875945537065057,-4.194078947368418,False,False,19766360.0,12300.0,12100.0,1.0165289256198347,6400.0,1.921875
9766,コナミグループ,プライム（内国株式）,情報通信・サービスその他,2026-10-07,400,True,22450.0,22710.0,22130.0,22170.0,22310.0,22345.0,21935.0,22140.0,22201.0,21430.2,20257.533333333333,21434.6,-4.399999999997817,down,77.91666666666667,13.400488400488397,57.7020202020202,26645.0,22980.0,20210.0,-0.1396333498491109,3.452137637539554,-16.794895852880465,-3.524804177545693,False,False,15850979400.0,395600.0,493800.0,0.8011340623734305,385800.0,1.0254017625712804
9769,学究社,プライム（内国株式）,情報通信・サービスその他,2026-10-07,400,True,2491.0,2519.0,2490.0,2515.0,2489.0,2504.0,2489.0,2495.0,2512.0,2570.92,2589.6266666666666,2575.48,-4.559999999999945,down,-85.00000000000001,-63.93467643467643,41.69491525423729,2778.0,2644.0,2487.0,0.11942675159235527,-2.1750968524886116,-9.467242620590355,-4.878971255673226,False,False,35060300.0,10900.0,12000.0,0.9083333333333333,10100.0,1.0792079207920793
9788,ナック,プライム（内国株式）,情報通信・サービスその他,2026-10-07,400,True,501.0,502.0,500.0,500.0,502.0,504.0,501.0,501.0,503.6,514.28,520.16,515.12,-0.8400000000000318,down,-93.75,-76.96886446886447,25.71428571428571,564.0,521.0,500.0,-0.7148530579825341,-2.776697518861315,-11.34751773049646,-4.0307101727447225,False,False,28015800.0,31700.0,34400.0,0.9215116279069767,26500.0,1.1962264150943396
9790,福井コンピュータホールディングス,プライム（内国株式）,情報通信・サービスその他,2026-10-07,400,True,3050.0,3070.0,3035.0,3050.0,2984.0,3045.0,2980.0,3040.0,3000.8,3012.16,3083.68,3015.76,-3.600000000000364,down,-13.33333333333333,-26.205738705738703,54.0453074433657,3485.0,3075.0,2925.0,1.6395627832577864,1.25624136832041,-12.482065997130565,-0.8130081300813052,False,False,127294620.0,36700.0,71200.0,0.5154494382022472,23700.0,1.5485232067510548
9793,ダイセキ,プライム（内国株式）,情報通信・サービスその他,2026-10-07,400,True,3560.0,3570.0,3455.0,3550.0,3575.0,3665.0,3550.0,3570.0,3527.0,3657.4,3787.266666666667,3667.6,-10.199999999999818,down,-39.99999999999999,-80.52503052503053,30.927835051546392,4425.0,3785.0,3440.0,0.6521122767224163,-2.936512276480563,-19.774011299435024,-6.208718626155873,False,False,863145900.0,284000.0,373000.0,0.7613941018766756,78600.0,3.61323155216285
9795,ステップ,プライム（内国株式）,情報通信・サービスその他,2026-10-07,400,True,2177.0,2188.0,2170.0,2180.0,2148.0,2193.0,2148.0,2189.0,2175.8,2262.44,2251.48,2267.8,-5.360000000000127,down,-80.0,-84.1117216117216,25.702811244979916,2620.0,2309.0,2135.0,0.19303244783526186,-3.6438535386573823,-16.793893129770986,-5.586834127327844,False,False,56311660.0,16300.0,21600.0,0.7546296296296297,12200.0,1.3360655737704918
9824,泉州電業,プライム（内国株式）,商社・卸売,2026-10-07,400,True,8320.0,8490.0,8270.0,8420.0,8300.0,8370.0,8200.0,8330.0,8274.0,7856.0,7072.0,7806.4,49.600000000000364,up,93.33333333333333,89.63675213675214,80.46875,8490.0,8490.0,7450.0,1.7645636934977116,7.179226069246436,-0.824499411071844,-0.824499411071844,False,False,495145800.0,60200.0,46600.0,1.2918454935622317,207300.0,0.2904003859141341
9830,トラスコ中山,プライム（内国株式）,商社・卸売,2026-10-07,400,True,2356.0,2404.0,2356.0,2395.0,2363.0,2386.0,2357.0,2374.0,2378.8,2394.76,2360.2533333333336,2396.04,-1.2799999999997453,down,-60.41666666666667,-22.206959706959715,51.60256410256411,2752.0,2455.0,2311.0,0.6810156381368726,0.010021881107080688,-12.972383720930235,-2.4439918533604943,True,True,278074080.0,147900.0,76000.0,1.9460526315789475,92400.0,1.6006493506493507
9831,ヤマダホールディングス,プライム（内国株式）,小売,2026-10-07,400,True,708.0,715.5,696.0,696.0,714.4000244140625,715.9000244140625,707.4000244140625,712.5,708.1400024414063,711.5880004882813,694.3653336588542,711.9960009765625,-0.4080004882812318,down,-91.66666666666667,21.48962148962149,32.23493158890207,767.5999755859375,730.4000244140625,684.0999755859375,-1.714350608573445,-2.190593500394189,-9.327771998856903,-4.709751268376349,True,False,2582889786.2365723,4686000.0,3111000.0,1.506268081002893,3277200.0,1.429879165140974
9832,オートバックスセブン,プライム（内国株式）,商社・卸売,2026-10-07,400,True,1525.0,1526.0,1507.0,1508.0,1526.0,1528.0,1517.0,1522.0,1527.0,1573.08,1529.3333333333333,1575.44,-2.3600000000001273,down,-98.33333333333334,-27.213064713064703,24.120603015075375,1785.0,1632.0,1507.0,-1.2442698100851302,-4.137106822284942,-15.518207282913165,-7.59803921568627,False,False,325114860.0,281300.0,162200.0,1.7342786683107274,189600.0,1.483649789029536
9837,モリト,プライム（内国株式）,商社・卸売,2026-10-07,400,True,1810.0,1820.0,1795.0,1811.0,1814.0,1826.0,1810.0,1819.0,1816.8,1803.6,1801.5866666666666,1803.96,-0.36000000000012733,down,-42.91666666666667,16.590354090354086,54.44444444444444,2121.0,1859.0,1750.0,-0.31924262439453344,0.41029053005101623,-14.615747289014614,-2.5820333512641236,True,True,88166880.0,60700.0,33100.0,1.8338368580060422,88800.0,0.6835585585585585
9842,アークランズ,プライム（内国株式）,小売,2026-10-07,400,True,1852.0,1864.0,1849.0,1849.0,1834.0,1859.0,1834.0,1852.0,1849.4,1869.92,1886.24,1869.32,0.6000000000001364,up,-86.66666666666667,-7.14285714285714,36.11111111111111,2047.0,1903.0,1830.0,-0.02162863631448575,-1.11876443912039,-9.672691744015637,-2.8376248029427176,False,False,297871880.0,118200.0,121700.0,0.971240755957272,167400.0,0.7060931899641577
9843,ニトリホールディングス,プライム（内国株式）,小売,2026-10-07,400,True,3150.0,3180.0,3122.0,3125.0,3106.0,3172.0,3088.0,3130.0,3067.6,3119.04,2787.693333333333,3116.76,2.2799999999997453,up,63.33333333333333,-28.76984126984128,40.5,3493.0,3435.0,2857.0,1.8711696440213865,0.19108443623678806,-10.535356427139996,-9.024745269286749,False,False,10357826540.0,2878800.0,2868400.0,1.0036257146841445,8191500.0,0.351437465665629
9850,グルメ杵屋,プライム（内国株式）,小売,2026-10-07,400,True,920.0,921.0,911.0,915.0,930.0,931.0,923.0,923.0,932.6,975.96,971.64,979.12,-3.159999999999968,down,-100.0,-64.71306471306471,5.88235294117647,1033.0,997.0,911.0,-1.887197083422687,-6.246157629411043,-11.423039690222648,-8.224674022066203,False,False,93245720.0,148900.0,131200.0,1.134908536585366,29000.0,5.13448275862069
9861,吉野家ホールディングス,プライム（内国株式）,小売,2026-10-07,400,True,3664.0,3734.0,3664.0,3728.0,3659.0,3679.0,3636.0,3675.0,3685.8,3740.52,3609.16,3744.52,-4.0,down,73.33333333333334,-76.52625152625151,39.17910447761194,4099.0,3898.0,3556.0,1.1449346139237093,-0.33471282067734087,-9.05098804586485,-4.361210877373011,False,False,1253416320.0,346100.0,264100.0,1.310488451344188,288600.0,1.1992376992376992
9869,加藤産業,プライム（内国株式）,商社・卸売,2026-10-07,400,True,6610.0,6720.0,6610.0,6680.0,6640.0,6700.0,6580.0,6650.0,6600.0,6714.0,6400.0,6712.8,1.199999999999818,up,-38.74999999999999,-14.942002442002433,41.46341463414634,7080.0,6920.0,6480.0,1.21212121212122,-0.5064045278522444,-5.649717514124298,-3.4682080924855474,True,False,219168600.0,19900.0,31700.0,0.6277602523659306,27900.0,0.7132616487455197
9880,イノテック,プライム（内国株式）,電機・精密,2026-10-07,400,True,4005.0,4005.0,3860.0,3885.0,3920.0,4020.0,3895.0,4005.0,3909.0,3533.4,3615.4666666666667,3518.0,15.400000000000091,up,86.66666666666667,57.05128205128205,75.87939698492463,4915.0,4020.0,3225.0,-0.6139677666922472,9.950755646119891,-20.956256358087487,-3.3582089552238847,False,False,504048700.0,87800.0,84700.0,1.036599763872491,121400.0,0.7232289950576606
9882,イエローハット,プライム（内国株式）,商社・卸売,2026-10-07,400,True,1629.0,1634.0,1608.0,1608.0,1624.0,1637.0,1618.0,1629.0,1634.4,1720.8,1763.84,1727.88,-7.080000000000155,down,-91.66666666666667,-88.72100122100122,19.9203187250996,1891.0,1782.0,1608.0,-1.6152716593245242,-6.5550906555090656,-14.96562665256478,-9.764309764309765,False,False,328114240.0,224800.0,169400.0,1.3270365997638724,234700.0,0.9578184916915211
9887,松屋フーズホールディングス,プライム（内国株式）,小売,2026-10-07,400,True,5100.0,5180.0,5080.0,5150.0,5110.0,5150.0,5060.0,5090.0,5122.0,5212.0,5020.6,5218.0,-6.0,down,-0.4166666666666652,-75.50366300366301,34.04255319148936,6910.0,5400.0,4950.0,0.5466614603670372,-1.1895625479662275,-25.470332850940668,-4.629629629629628,False,False,182248400.0,32900.0,40500.0,0.8123456790123457,49600.0,0.6633064516129032
9889,ＪＢＣＣホールディングス,プライム（内国株式）,情報通信・サービスその他,2026-10-07,400,True,1766.0,1785.0,1732.0,1742.0,1725.0,1737.0,1699.0,1731.0,1727.6,1686.76,1562.56,1688.36,-1.599999999999909,down,58.33333333333333,25.015262515262513,65.8119658119658,1818.0,1785.0,1547.0,0.8335262792313003,3.2749175934928543,-4.180418041804179,-2.408963585434176,False,False,274387100.0,167500.0,127500.0,1.3137254901960784,167100.0,1.002393776181927
9900,サガミホールディングス,プライム（内国株式）,小売,2026-10-07,400,True,1011.0,1038.0,1010.0,1033.0,1055.0,1065.0,1013.0,1021.0,1052.6,1102.56,1009.9933333333333,1106.64,-4.080000000000155,down,-85.00000000000001,-69.3986568986569,26.490066225165563,1186.0,1184.0,1010.0,-1.8620558616758376,-6.308953707734721,-12.900505902192238,-12.753378378378377,False,False,212112240.0,143100.0,226000.0,0.6331858407079646,176900.0,0.8089315997738835
9902,日伝,プライム（内国株式）,商社・卸売,2026-10-07,400,True,3235.0,3280.0,3235.0,3245.0,3215.0,3250.0,3215.0,3240.0,3228.0,3165.2,2946.12,3157.0,8.199999999999818,up,-24.583333333333336,76.46520146520146,62.06896551724138,3325.0,3325.0,2982.0,0.5266418835192077,2.5211676987236142,-2.4060150375939893,-2.4060150375939893,False,False,153182600.0,52800.0,27400.0,1.927007299270073,37700.0,1.4005305039787799
9928,ミロク情報サービス,プライム（内国株式）,情報通信・サービスその他,2026-10-07,400,True,2122.0,2142.0,2122.0,2125.0,2099.0,2139.0,2098.0,2122.0,2120.4,2062.96,1908.0933333333332,2060.76,2.199999999999818,up,63.33333333333333,69.3070818070818,70.95588235294117,2145.0,2145.0,1968.0,0.21694019996225666,3.0073292744406066,-0.9324009324009341,-0.9324009324009341,False,False,67095640.0,23600.0,23400.0,1.0085470085470085,40800.0,0.5784313725490197
9932,杉本商事,プライム（内国株式）,商社・卸売,2026-10-07,400,True,1320.0,1332.0,1309.0,1309.0,1327.0,1345.0,1326.0,1326.0,1328.2,1317.56,1281.1866666666667,1318.36,-0.7999999999999545,down,-35.00000000000001,1.5567765567765512,53.591160220994475,2015.0,1363.0,1266.0,-1.445565426893547,-0.6496857828106495,-35.03722084367246,-3.9618488628026416,True,False,41184600.0,18800.0,32900.0,0.5714285714285714,34000.0,0.5529411764705883
9934,因幡電機産業,プライム（内国株式）,商社・卸売,2026-10-07,400,True,3177.0,3225.0,3123.0,3123.0,3179.0,3197.0,3157.0,3197.0,3150.6,3093.38,2926.5,3090.94,2.4400000000000546,up,44.99999999999999,61.24847374847376,54.41767068273092,3225.0,3225.0,2962.5,-0.8760236145496036,0.9575286579728282,-3.1627906976744224,-3.1627906976744224,False,False,693314280.0,197200.0,192100.0,1.0265486725663717,165400.0,1.192261185006046
9936,王将フードサービス,プライム（内国株式）,小売,2026-10-07,400,True,2850.0,2879.0,2850.0,2864.0,2868.0,2880.0,2842.0,2858.0,2870.2,2924.08,2910.7466666666664,2929.12,-5.039999999999964,down,-68.33333333333333,-81.13553113553114,27.238805970149254,3940.0,3030.0,2831.0,-0.21601282140616407,-2.0546633471040465,-27.30964467005076,-5.478547854785476,False,False,691354980.0,259800.0,240300.0,1.0811485642946317,268000.0,0.9694029850746269
9946,ミニストップ,プライム（内国株式）,小売,2026-10-07,400,True,1775.0,1787.0,1775.0,1787.0,1775.0,1792.0,1775.0,1787.0,1782.6,1788.56,1818.08,1789.76,-1.2000000000000455,down,-35.00000000000001,-42.88766788766789,48.61111111111111,2198.0,1818.0,1768.0,0.2468304723437731,-0.08722100460705207,-18.698817106460417,-1.7051705170517018,False,False,60433340.0,21700.0,38100.0,0.5695538057742782,102100.0,0.21253672869735554
9948,アークス,プライム（内国株式）,小売,2026-10-07,400,True,3530.0,3545.0,3495.0,3515.0,3545.0,3550.0,3510.0,3530.0,3550.0,3681.2,3584.0,3691.8,-10.600000000000364,down,-100.0,-64.2094017094017,21.875,4035.0,3805.0,3495.0,-0.9859154929577452,-4.514832119960877,-12.887236679058244,-7.621550591327198,False,False,240803200.0,77500.0,51400.0,1.5077821011673151,96300.0,0.8047767393561787
9956,バローホールディングス,プライム（内国株式）,小売,2026-10-07,400,True,1610.0,1617.0,1581.0,1585.0,1620.0,1631.0,1605.0,1616.0,1612.6,1645.16,1667.3866666666668,1647.66,-2.5,down,-91.66666666666667,-10.057997557997567,35.67921440261866,1997.5,1727.5,1581.0,-1.7115217660920168,-3.6567871817938746,-20.650813516896115,-8.248914616497826,False,False,570670640.0,387200.0,468700.0,0.8261147855771283,269600.0,1.4362017804154303
9960,東テク,プライム（内国株式）,商社・卸売,2026-10-07,400,True,4285.0,4350.0,4265.0,4330.0,4260.0,4280.0,4185.0,4270.0,4239.0,4146.6,4029.6666666666665,4127.6,19.0,up,-8.333333333333325,85.36324786324786,63.35403726708074,4590.0,4445.0,3970.0,2.146732719981137,4.422900689721687,-5.664488017429193,-2.5871766029246346,False,False,358824100.0,81200.0,70300.0,1.155049786628734,86200.0,0.9419953596287703
9962,ミスミグループ本社,プライム（内国株式）,商社・卸売,2026-10-07,400,True,4168.0,4179.0,4087.0,4137.0,4068.0,4153.0,4007.0,4140.0,4056.2,3749.8,3783.4533333333334,3734.48,15.320000000000164,up,86.66666666666667,58.730158730158735,85.02673796791443,4204.0,4179.0,3369.0,1.9920122281938735,10.32588404714918,-1.5937202664129346,-1.005025125628145,False,False,5603041200.0,1359900.0,1561100.0,0.8711165204022805,1222100.0,1.1127567302184764
9974,ベルク,プライム（内国株式）,小売,2026-10-07,400,True,6590.0,6590.0,6470.0,6470.0,6500.0,6560.0,6470.0,6520.0,6528.0,6768.8,6622.533333333334,6783.6,-14.800000000000182,down,-97.08333333333334,-55.63186813186813,20.652173913043477,8200.0,7110.0,6460.0,-0.8884803921568651,-4.4143718236615115,-21.097560975609753,-9.001406469760898,False,False,146623200.0,16700.0,18400.0,0.907608695652174,24400.0,0.6844262295081968
9983,ファーストリテイリング,プライム（内国株式）,小売,2026-10-07,400,True,76660.0,76870.0,74780.0,74780.0,75290.0,75950.0,74480.0,75590.0,73916.0,69543.2,76152.66666666667,69402.4,140.8000000000029,up,95.0,18.39133089133089,79.79197622585438,88690.0,76870.0,65010.0,1.1688944206937668,7.530283334675425,-15.683842597812603,-2.7188760244568733,False,False,93568194800.0,1096100.0,1200900.0,0.9127321175784828,1153800.0,0.9499913329866528
9984,ソフトバンクグループ,プライム（内国株式）,情報通信・サービスその他,2026-10-07,400,True,6325.0,6426.0,6301.0,6310.0,6420.0,6432.0,6271.0,6295.0,6422.6,6123.88,5905.0,6077.92,45.960000000000036,up,49.583333333333336,54.197191697191705,58.81692250093597,9074.0,6959.0,5678.0,-1.7531840687572076,3.0392496260540636,-30.460656821688335,-9.326052593763468,False,False,323009591740.0,32914500.0,39298800.0,0.8375446578521482,77803600.0,0.42304597730696264
9987,スズケン,プライム（内国株式）,商社・卸売,2026-10-07,400,True,2600.0,2623.5,2596.5,2600.0,2626.0,2629.0,2585.5,2611.0,2592.2,2607.62,2548.9266666666667,2607.06,0.5599999999999454,up,-33.33333333333333,31.196581196581196,47.27095516569201,3334.0,2731.0,2538.0,0.30090270812437314,-0.29222049224962854,-22.015596880623878,-4.796777737092639,True,False,947332390.0,316600.0,273500.0,1.1575868372943328,419000.0,0.7556085918854415
9989,サンドラッグ,プライム（内国株式）,小売,2026-10-07,400,True,3556.0,3581.0,3531.0,3537.0,3550.0,3565.0,3535.0,3540.0,3557.4,3655.4,3737.56,3663.52,-8.11999999999989,down,-81.66666666666667,-86.30952380952381,23.03370786516854,4469.0,3775.0,3515.0,-0.5734525215044695,-3.2390436067188277,-20.854777355112997,-6.304635761589406,False,False,2118562380.0,733800.0,502500.0,1.4602985074626866,479000.0,1.5319415448851774
9990,サックスバー　ホールディングス,プライム（内国株式）,小売,2026-10-07,400,True,745.0,749.0,745.0,749.0,743.0,750.0,743.0,750.0,748.6,753.72,755.0533333333333,754.44,-0.7200000000000273,down,-64.99999999999999,-38.47680097680097,46.15384615384615,852.0,770.0,740.0,0.05343307507346129,-0.6262272461922236,-12.089201877934276,-2.7272727272727226,False,False,32073000.0,29000.0,23200.0,1.25,48400.0,0.5991735537190083
9991,ジェコス,プライム（内国株式）,商社・卸売,2026-10-07,400,True,1743.0,1760.0,1740.0,1747.0,1735.0,1756.0,1731.0,1752.0,1749.4,1779.04,1696.1333333333334,1780.24,-1.2000000000000455,down,-81.66666666666667,-13.721001221001217,40.42553191489361,1948.0,1840.0,1723.0,-0.13718989367783596,-1.8009713103696368,-10.318275154004109,-5.054347826086958,False,False,63049480.0,25000.0,32700.0,0.764525993883792,40600.0,0.6157635467980296
9997,ベルーナ,プライム（内国株式）,小売,2026-10-07,400,True,1031.0,1033.0,1020.0,1020.0,1030.0,1045.0,1026.0,1038.0,1037.2,1056.2,1030.8666666666666,1058.36,-2.1599999999998545,down,-95.0,-20.985958485958477,37.34177215189873,1109.0,1109.0,1020.0,-1.658310836868493,-3.4273811778072427,-8.025247971145177,-8.025247971145177,False,False,196029220.0,145500.0,150900.0,0.9642147117296223,194400.0,0.7484567901234568
